Year,Training type,Grouping variable,Category,Occupation,Value,Value Unit,Value Label,Null Reason
2018,Trainees,Ethnic group,European,Abrasive Blaster & Protective Coater Professionals,10,number,Number of people,
2018,Trainees,Ethnic group,Māori,Abrasive Blaster & Protective Coater Professionals,5,number,Number of people,
2018,Trainees,Ethnic group,Pacific Peoples,Abrasive Blaster & Protective Coater Professionals,0,number,Number of people,
2018,Trainees,Ethnic group,Asian,Abrasive Blaster & Protective Coater Professionals,0,number,Number of people,
2018,Trainees,Ethnic group,MELAA,Abrasive Blaster & Protective Coater Professionals,0,number,Number of people,
2018,Trainees,Ethnic group,Other,Abrasive Blaster & Protective Coater Professionals,0,number,Number of people,
2018,Trainees,Ethnic group,Total,Abrasive Blaster & Protective Coater Professionals,10,number,Number of people,
2018,Trainees,Gender,Male,Abrasive Blaster & Protective Coater Professionals,10,number,Number of people,
2018,Trainees,Gender,Female,Abrasive Blaster & Protective Coater Professionals,0,number,Number of people,
2018,Trainees,Age group,*-19,Abrasive Blaster & Protective Coater Professionals,0,number,Number of people,
2018,Trainees,Age group,20-29,Abrasive Blaster & Protective Coater Professionals,5,number,Number of people,
2018,Trainees,Age group,30-39,Abrasive Blaster & Protective Coater Professionals,0,number,Number of people,
2018,Trainees,Age group,40-49,Abrasive Blaster & Protective Coater Professionals,5,number,Number of people,
2018,Trainees,Age group,50+,Abrasive Blaster & Protective Coater Professionals,0,number,Number of people,
2018,Trainees,Ethnic group,European,Adult Education,430,number,Number of people,
2018,Trainees,Ethnic group,Māori,Adult Education,160,number,Number of people,
2018,Trainees,Ethnic group,Pacific Peoples,Adult Education,45,number,Number of people,
2018,Trainees,Ethnic group,Asian,Adult Education,30,number,Number of people,
2018,Trainees,Ethnic group,MELAA,Adult Education,10,number,Number of people,
2018,Trainees,Ethnic group,Other,Adult Education,15,number,Number of people,
2018,Trainees,Ethnic group,Total,Adult Education,650,number,Number of people,
2018,Trainees,Gender,Male,Adult Education,390,number,Number of people,
2018,Trainees,Gender,Female,Adult Education,260,number,Number of people,
2018,Trainees,Age group,*-19,Adult Education,5,number,Number of people,
2018,Trainees,Age group,20-29,Adult Education,260,number,Number of people,
2018,Trainees,Age group,30-39,Adult Education,160,number,Number of people,
2018,Trainees,Age group,40-49,Adult Education,120,number,Number of people,
2018,Trainees,Age group,50+,Adult Education,105,number,Number of people,
2018,Trainees,Ethnic group,European,Aeronautical Engineers & Aircraft Maintenance Engineers,210,number,Number of people,
2018,Trainees,Ethnic group,Māori,Aeronautical Engineers & Aircraft Maintenance Engineers,20,number,Number of people,
2018,Trainees,Ethnic group,Pacific Peoples,Aeronautical Engineers & Aircraft Maintenance Engineers,10,number,Number of people,
2018,Trainees,Ethnic group,Asian,Aeronautical Engineers & Aircraft Maintenance Engineers,5,number,Number of people,
2018,Trainees,Ethnic group,MELAA,Aeronautical Engineers & Aircraft Maintenance Engineers,0,number,Number of people,
2018,Trainees,Ethnic group,Other,Aeronautical Engineers & Aircraft Maintenance Engineers,15,number,Number of people,
2018,Trainees,Ethnic group,Total,Aeronautical Engineers & Aircraft Maintenance Engineers,245,number,Number of people,
2018,Trainees,Gender,Male,Aeronautical Engineers & Aircraft Maintenance Engineers,225,number,Number of people,
2018,Trainees,Gender,Female,Aeronautical Engineers & Aircraft Maintenance Engineers,20,number,Number of people,
2018,Trainees,Age group,*-19,Aeronautical Engineers & Aircraft Maintenance Engineers,10,number,Number of people,
2018,Trainees,Age group,20-29,Aeronautical Engineers & Aircraft Maintenance Engineers,150,number,Number of people,
2018,Trainees,Age group,30-39,Aeronautical Engineers & Aircraft Maintenance Engineers,45,number,Number of people,
2018,Trainees,Age group,40-49,Aeronautical Engineers & Aircraft Maintenance Engineers,30,number,Number of people,
2018,Trainees,Age group,50+,Aeronautical Engineers & Aircraft Maintenance Engineers,10,number,Number of people,
2018,Trainees,Ethnic group,European,Agricultural Professionals,3070,number,Number of people,
2018,Trainees,Ethnic group,Māori,Agricultural Professionals,635,number,Number of people,
2018,Trainees,Ethnic group,Pacific Peoples,Agricultural Professionals,95,number,Number of people,
2018,Trainees,Ethnic group,Asian,Agricultural Professionals,1305,number,Number of people,
2018,Trainees,Ethnic group,MELAA,Agricultural Professionals,170,number,Number of people,
2018,Trainees,Ethnic group,Other,Agricultural Professionals,175,number,Number of people,
2018,Trainees,Ethnic group,Total,Agricultural Professionals,5595,number,Number of people,
2018,Trainees,Gender,Male,Agricultural Professionals,4280,number,Number of people,
2018,Trainees,Gender,Female,Agricultural Professionals,1300,number,Number of people,
2018,Trainees,Age group,*-19,Agricultural Professionals,400,number,Number of people,
2018,Trainees,Age group,20-29,Agricultural Professionals,2460,number,Number of people,
2018,Trainees,Age group,30-39,Agricultural Professionals,1565,number,Number of people,
2018,Trainees,Age group,40-49,Agricultural Professionals,795,number,Number of people,
2018,Trainees,Age group,50+,Agricultural Professionals,370,number,Number of people,
2018,Trainees,Ethnic group,European,Ambulance Professionals,20,number,Number of people,
2018,Trainees,Ethnic group,Māori,Ambulance Professionals,0,number,Number of people,
2018,Trainees,Ethnic group,Pacific Peoples,Ambulance Professionals,0,number,Number of people,
2018,Trainees,Ethnic group,Asian,Ambulance Professionals,0,number,Number of people,
2018,Trainees,Ethnic group,MELAA,Ambulance Professionals,0,number,Number of people,
2018,Trainees,Ethnic group,Other,Ambulance Professionals,0,number,Number of people,
2018,Trainees,Ethnic group,Total,Ambulance Professionals,30,number,Number of people,
2018,Trainees,Gender,Male,Ambulance Professionals,10,number,Number of people,
2018,Trainees,Gender,Female,Ambulance Professionals,15,number,Number of people,
2018,Trainees,Age group,*-19,Ambulance Professionals,0,number,Number of people,
2018,Trainees,Age group,20-29,Ambulance Professionals,10,number,Number of people,
2018,Trainees,Age group,30-39,Ambulance Professionals,5,number,Number of people,
2018,Trainees,Age group,40-49,Ambulance Professionals,10,number,Number of people,
2018,Trainees,Age group,50+,Ambulance Professionals,5,number,Number of people,
2018,Trainees,Ethnic group,European,"Architectural Technicians, Design & Draughting Professionals",110,number,Number of people,
2018,Trainees,Ethnic group,Māori,"Architectural Technicians, Design & Draughting Professionals",10,number,Number of people,
2018,Trainees,Ethnic group,Pacific Peoples,"Architectural Technicians, Design & Draughting Professionals",0,number,Number of people,
2018,Trainees,Ethnic group,Asian,"Architectural Technicians, Design & Draughting Professionals",10,number,Number of people,
2018,Trainees,Ethnic group,MELAA,"Architectural Technicians, Design & Draughting Professionals",5,number,Number of people,
2018,Trainees,Ethnic group,Other,"Architectural Technicians, Design & Draughting Professionals",0,number,Number of people,
2018,Trainees,Ethnic group,Total,"Architectural Technicians, Design & Draughting Professionals",130,number,Number of people,
2018,Trainees,Gender,Male,"Architectural Technicians, Design & Draughting Professionals",40,number,Number of people,
2018,Trainees,Gender,Female,"Architectural Technicians, Design & Draughting Professionals",90,number,Number of people,
2018,Trainees,Age group,*-19,"Architectural Technicians, Design & Draughting Professionals",0,number,Number of people,
2018,Trainees,Age group,20-29,"Architectural Technicians, Design & Draughting Professionals",50,number,Number of people,
2018,Trainees,Age group,30-39,"Architectural Technicians, Design & Draughting Professionals",40,number,Number of people,
2018,Trainees,Age group,40-49,"Architectural Technicians, Design & Draughting Professionals",25,number,Number of people,
2018,Trainees,Age group,50+,"Architectural Technicians, Design & Draughting Professionals",15,number,Number of people,
2018,Trainees,Ethnic group,European,"Automotive Engineers, Mechanics or Technicians",230,number,Number of people,
2018,Trainees,Ethnic group,Māori,"Automotive Engineers, Mechanics or Technicians",30,number,Number of people,
2018,Trainees,Ethnic group,Pacific Peoples,"Automotive Engineers, Mechanics or Technicians",30,number,Number of people,
2018,Trainees,Ethnic group,Asian,"Automotive Engineers, Mechanics or Technicians",40,number,Number of people,
2018,Trainees,Ethnic group,MELAA,"Automotive Engineers, Mechanics or Technicians",15,number,Number of people,
2018,Trainees,Ethnic group,Other,"Automotive Engineers, Mechanics or Technicians",5,number,Number of people,
2018,Trainees,Ethnic group,Total,"Automotive Engineers, Mechanics or Technicians",320,number,Number of people,
2018,Trainees,Gender,Male,"Automotive Engineers, Mechanics or Technicians",280,number,Number of people,
2018,Trainees,Gender,Female,"Automotive Engineers, Mechanics or Technicians",40,number,Number of people,
2018,Trainees,Age group,*-19,"Automotive Engineers, Mechanics or Technicians",25,number,Number of people,
2018,Trainees,Age group,20-29,"Automotive Engineers, Mechanics or Technicians",145,number,Number of people,
2018,Trainees,Age group,30-39,"Automotive Engineers, Mechanics or Technicians",65,number,Number of people,
2018,Trainees,Age group,40-49,"Automotive Engineers, Mechanics or Technicians",55,number,Number of people,
2018,Trainees,Age group,50+,"Automotive Engineers, Mechanics or Technicians",30,number,Number of people,
2018,Trainees,Ethnic group,European,"Aviation, Travel & Tourism Professionals",1655,number,Number of people,
2018,Trainees,Ethnic group,Māori,"Aviation, Travel & Tourism Professionals",300,number,Number of people,
2018,Trainees,Ethnic group,Pacific Peoples,"Aviation, Travel & Tourism Professionals",210,number,Number of people,
2018,Trainees,Ethnic group,Asian,"Aviation, Travel & Tourism Professionals",505,number,Number of people,
2018,Trainees,Ethnic group,MELAA,"Aviation, Travel & Tourism Professionals",70,number,Number of people,
2018,Trainees,Ethnic group,Other,"Aviation, Travel & Tourism Professionals",65,number,Number of people,
2018,Trainees,Ethnic group,Total,"Aviation, Travel & Tourism Professionals",2730,number,Number of people,
2018,Trainees,Gender,Male,"Aviation, Travel & Tourism Professionals",895,number,Number of people,
2018,Trainees,Gender,Female,"Aviation, Travel & Tourism Professionals",1825,number,Number of people,
2018,Trainees,Age group,*-19,"Aviation, Travel & Tourism Professionals",110,number,Number of people,
2018,Trainees,Age group,20-29,"Aviation, Travel & Tourism Professionals",1385,number,Number of people,
2018,Trainees,Age group,30-39,"Aviation, Travel & Tourism Professionals",625,number,Number of people,
2018,Trainees,Age group,40-49,"Aviation, Travel & Tourism Professionals",345,number,Number of people,
2018,Trainees,Age group,50+,"Aviation, Travel & Tourism Professionals",265,number,Number of people,
2018,Trainees,Ethnic group,European,Banking & Finance Professionals,35,number,Number of people,
2018,Trainees,Ethnic group,Māori,Banking & Finance Professionals,0,number,Number of people,
2018,Trainees,Ethnic group,Pacific Peoples,Banking & Finance Professionals,5,number,Number of people,
2018,Trainees,Ethnic group,Asian,Banking & Finance Professionals,10,number,Number of people,
2018,Trainees,Ethnic group,MELAA,Banking & Finance Professionals,0,number,Number of people,
2018,Trainees,Ethnic group,Other,Banking & Finance Professionals,0,number,Number of people,
2018,Trainees,Ethnic group,Total,Banking & Finance Professionals,50,number,Number of people,
2018,Trainees,Gender,Male,Banking & Finance Professionals,20,number,Number of people,
2018,Trainees,Gender,Female,Banking & Finance Professionals,30,number,Number of people,
2018,Trainees,Age group,*-19,Banking & Finance Professionals,0,number,Number of people,
2018,Trainees,Age group,20-29,Banking & Finance Professionals,15,number,Number of people,
2018,Trainees,Age group,30-39,Banking & Finance Professionals,15,number,Number of people,
2018,Trainees,Age group,40-49,Banking & Finance Professionals,20,number,Number of people,
2018,Trainees,Age group,50+,Banking & Finance Professionals,5,number,Number of people,
2018,Trainees,Ethnic group,European,Boat Building & Sailmaking Professionals,75,number,Number of people,
2018,Trainees,Ethnic group,Māori,Boat Building & Sailmaking Professionals,10,number,Number of people,
2018,Trainees,Ethnic group,Pacific Peoples,Boat Building & Sailmaking Professionals,5,number,Number of people,
2018,Trainees,Ethnic group,Asian,Boat Building & Sailmaking Professionals,5,number,Number of people,
2018,Trainees,Ethnic group,MELAA,Boat Building & Sailmaking Professionals,0,number,Number of people,
2018,Trainees,Ethnic group,Other,Boat Building & Sailmaking Professionals,0,number,Number of people,
2018,Trainees,Ethnic group,Total,Boat Building & Sailmaking Professionals,100,number,Number of people,
2018,Trainees,Gender,Male,Boat Building & Sailmaking Professionals,100,number,Number of people,
2018,Trainees,Gender,Female,Boat Building & Sailmaking Professionals,0,number,Number of people,
2018,Trainees,Age group,*-19,Boat Building & Sailmaking Professionals,25,number,Number of people,
2018,Trainees,Age group,20-29,Boat Building & Sailmaking Professionals,50,number,Number of people,
2018,Trainees,Age group,30-39,Boat Building & Sailmaking Professionals,20,number,Number of people,
2018,Trainees,Age group,40-49,Boat Building & Sailmaking Professionals,10,number,Number of people,
2018,Trainees,Age group,50+,Boat Building & Sailmaking Professionals,0,number,Number of people,
2018,Trainees,Ethnic group,European,Building & Construction Professionals - Not Otherwise Specified,270,number,Number of people,
2018,Trainees,Ethnic group,Māori,Building & Construction Professionals - Not Otherwise Specified,100,number,Number of people,
2018,Trainees,Ethnic group,Pacific Peoples,Building & Construction Professionals - Not Otherwise Specified,50,number,Number of people,
2018,Trainees,Ethnic group,Asian,Building & Construction Professionals - Not Otherwise Specified,25,number,Number of people,
2018,Trainees,Ethnic group,MELAA,Building & Construction Professionals - Not Otherwise Specified,10,number,Number of people,
2018,Trainees,Ethnic group,Other,Building & Construction Professionals - Not Otherwise Specified,0,number,Number of people,
2018,Trainees,Ethnic group,Total,Building & Construction Professionals - Not Otherwise Specified,435,number,Number of people,
2018,Trainees,Gender,Male,Building & Construction Professionals - Not Otherwise Specified,430,number,Number of people,
2018,Trainees,Gender,Female,Building & Construction Professionals - Not Otherwise Specified,0,number,Number of people,
2018,Trainees,Age group,*-19,Building & Construction Professionals - Not Otherwise Specified,20,number,Number of people,
2018,Trainees,Age group,20-29,Building & Construction Professionals - Not Otherwise Specified,195,number,Number of people,
2018,Trainees,Age group,30-39,Building & Construction Professionals - Not Otherwise Specified,145,number,Number of people,
2018,Trainees,Age group,40-49,Building & Construction Professionals - Not Otherwise Specified,55,number,Number of people,
2018,Trainees,Age group,50+,Building & Construction Professionals - Not Otherwise Specified,25,number,Number of people,
2018,Trainees,Ethnic group,European,Building Services Professionals,380,number,Number of people,
2018,Trainees,Ethnic group,Māori,Building Services Professionals,160,number,Number of people,
2018,Trainees,Ethnic group,Pacific Peoples,Building Services Professionals,155,number,Number of people,
2018,Trainees,Ethnic group,Asian,Building Services Professionals,255,number,Number of people,
2018,Trainees,Ethnic group,MELAA,Building Services Professionals,25,number,Number of people,
2018,Trainees,Ethnic group,Other,Building Services Professionals,20,number,Number of people,
2018,Trainees,Ethnic group,Total,Building Services Professionals,940,number,Number of people,
2018,Trainees,Gender,Male,Building Services Professionals,205,number,Number of people,
2018,Trainees,Gender,Female,Building Services Professionals,730,number,Number of people,
2018,Trainees,Age group,*-19,Building Services Professionals,10,number,Number of people,
2018,Trainees,Age group,20-29,Building Services Professionals,140,number,Number of people,
2018,Trainees,Age group,30-39,Building Services Professionals,195,number,Number of people,
2018,Trainees,Age group,40-49,Building Services Professionals,205,number,Number of people,
2018,Trainees,Age group,50+,Building Services Professionals,390,number,Number of people,
2018,Trainees,Ethnic group,European,"Business Administration, Management & Computing Professionals",2825,number,Number of people,
2018,Trainees,Ethnic group,Māori,"Business Administration, Management & Computing Professionals",750,number,Number of people,
2018,Trainees,Ethnic group,Pacific Peoples,"Business Administration, Management & Computing Professionals",320,number,Number of people,
2018,Trainees,Ethnic group,Asian,"Business Administration, Management & Computing Professionals",390,number,Number of people,
2018,Trainees,Ethnic group,MELAA,"Business Administration, Management & Computing Professionals",120,number,Number of people,
2018,Trainees,Ethnic group,Other,"Business Administration, Management & Computing Professionals",110,number,Number of people,
2018,Trainees,Ethnic group,Total,"Business Administration, Management & Computing Professionals",4550,number,Number of people,
2018,Trainees,Gender,Male,"Business Administration, Management & Computing Professionals",2480,number,Number of people,
2018,Trainees,Gender,Female,"Business Administration, Management & Computing Professionals",2040,number,Number of people,
2018,Trainees,Age group,*-19,"Business Administration, Management & Computing Professionals",15,number,Number of people,
2018,Trainees,Age group,20-29,"Business Administration, Management & Computing Professionals",1580,number,Number of people,
2018,Trainees,Age group,30-39,"Business Administration, Management & Computing Professionals",1365,number,Number of people,
2018,Trainees,Age group,40-49,"Business Administration, Management & Computing Professionals",965,number,Number of people,
2018,Trainees,Age group,50+,"Business Administration, Management & Computing Professionals",620,number,Number of people,
2018,Trainees,Ethnic group,European,Call or Contact Centre Professionals,325,number,Number of people,
2018,Trainees,Ethnic group,Māori,Call or Contact Centre Professionals,90,number,Number of people,
2018,Trainees,Ethnic group,Pacific Peoples,Call or Contact Centre Professionals,125,number,Number of people,
2018,Trainees,Ethnic group,Asian,Call or Contact Centre Professionals,90,number,Number of people,
2018,Trainees,Ethnic group,MELAA,Call or Contact Centre Professionals,5,number,Number of people,
2018,Trainees,Ethnic group,Other,Call or Contact Centre Professionals,25,number,Number of people,
2018,Trainees,Ethnic group,Total,Call or Contact Centre Professionals,885,number,Number of people,
2018,Trainees,Gender,Male,Call or Contact Centre Professionals,300,number,Number of people,
2018,Trainees,Gender,Female,Call or Contact Centre Professionals,585,number,Number of people,
2018,Trainees,Age group,*-19,Call or Contact Centre Professionals,20,number,Number of people,
2018,Trainees,Age group,20-29,Call or Contact Centre Professionals,485,number,Number of people,
2018,Trainees,Age group,30-39,Call or Contact Centre Professionals,215,number,Number of people,
2018,Trainees,Age group,40-49,Call or Contact Centre Professionals,95,number,Number of people,
2018,Trainees,Age group,50+,Call or Contact Centre Professionals,70,number,Number of people,
2018,Trainees,Ethnic group,European,Carpenters,15,number,Number of people,
2018,Trainees,Ethnic group,Māori,Carpenters,5,number,Number of people,
2018,Trainees,Ethnic group,Pacific Peoples,Carpenters,20,number,Number of people,
2018,Trainees,Ethnic group,Asian,Carpenters,5,number,Number of people,
2018,Trainees,Ethnic group,MELAA,Carpenters,0,number,Number of people,
2018,Trainees,Ethnic group,Other,Carpenters,0,number,Number of people,
2018,Trainees,Ethnic group,Total,Carpenters,55,number,Number of people,
2018,Trainees,Gender,Male,Carpenters,55,number,Number of people,
2018,Trainees,Gender,Female,Carpenters,0,number,Number of people,
2018,Trainees,Age group,*-19,Carpenters,0,number,Number of people,
2018,Trainees,Age group,20-29,Carpenters,25,number,Number of people,
2018,Trainees,Age group,30-39,Carpenters,15,number,Number of people,
2018,Trainees,Age group,40-49,Carpenters,10,number,Number of people,
2018,Trainees,Age group,50+,Carpenters,5,number,Number of people,
2018,Trainees,Ethnic group,European,Civil Construction Professionals,1050,number,Number of people,
2018,Trainees,Ethnic group,Māori,Civil Construction Professionals,470,number,Number of people,
2018,Trainees,Ethnic group,Pacific Peoples,Civil Construction Professionals,140,number,Number of people,
2018,Trainees,Ethnic group,Asian,Civil Construction Professionals,95,number,Number of people,
2018,Trainees,Ethnic group,MELAA,Civil Construction Professionals,25,number,Number of people,
2018,Trainees,Ethnic group,Other,Civil Construction Professionals,30,number,Number of people,
2018,Trainees,Ethnic group,Total,Civil Construction Professionals,1710,number,Number of people,
2018,Trainees,Gender,Male,Civil Construction Professionals,1515,number,Number of people,
2018,Trainees,Gender,Female,Civil Construction Professionals,145,number,Number of people,
2018,Trainees,Age group,*-19,Civil Construction Professionals,60,number,Number of people,
2018,Trainees,Age group,20-29,Civil Construction Professionals,520,number,Number of people,
2018,Trainees,Age group,30-39,Civil Construction Professionals,505,number,Number of people,
2018,Trainees,Age group,40-49,Civil Construction Professionals,380,number,Number of people,
2018,Trainees,Age group,50+,Civil Construction Professionals,245,number,Number of people,
2018,Trainees,Ethnic group,European,"Clothing, Footwear & Textile Manufacturing Professionals",20,number,Number of people,
2018,Trainees,Ethnic group,Māori,"Clothing, Footwear & Textile Manufacturing Professionals",0,number,Number of people,
2018,Trainees,Ethnic group,Pacific Peoples,"Clothing, Footwear & Textile Manufacturing Professionals",5,number,Number of people,
2018,Trainees,Ethnic group,Asian,"Clothing, Footwear & Textile Manufacturing Professionals",5,number,Number of people,
2018,Trainees,Ethnic group,MELAA,"Clothing, Footwear & Textile Manufacturing Professionals",0,number,Number of people,
2018,Trainees,Ethnic group,Other,"Clothing, Footwear & Textile Manufacturing Professionals",0,number,Number of people,
2018,Trainees,Ethnic group,Total,"Clothing, Footwear & Textile Manufacturing Professionals",30,number,Number of people,
2018,Trainees,Gender,Male,"Clothing, Footwear & Textile Manufacturing Professionals",25,number,Number of people,
2018,Trainees,Gender,Female,"Clothing, Footwear & Textile Manufacturing Professionals",5,number,Number of people,
2018,Trainees,Age group,*-19,"Clothing, Footwear & Textile Manufacturing Professionals",5,number,Number of people,
2018,Trainees,Age group,20-29,"Clothing, Footwear & Textile Manufacturing Professionals",15,number,Number of people,
2018,Trainees,Age group,30-39,"Clothing, Footwear & Textile Manufacturing Professionals",5,number,Number of people,
2018,Trainees,Age group,40-49,"Clothing, Footwear & Textile Manufacturing Professionals",5,number,Number of people,
2018,Trainees,Age group,50+,"Clothing, Footwear & Textile Manufacturing Professionals",5,number,Number of people,
2018,Trainees,Ethnic group,European,Community Support or Social Services Professionals,7760,number,Number of people,
2018,Trainees,Ethnic group,Māori,Community Support or Social Services Professionals,2535,number,Number of people,
2018,Trainees,Ethnic group,Pacific Peoples,Community Support or Social Services Professionals,1500,number,Number of people,
2018,Trainees,Ethnic group,Asian,Community Support or Social Services Professionals,2735,number,Number of people,
2018,Trainees,Ethnic group,MELAA,Community Support or Social Services Professionals,295,number,Number of people,
2018,Trainees,Ethnic group,Other,Community Support or Social Services Professionals,355,number,Number of people,
2018,Trainees,Ethnic group,Total,Community Support or Social Services Professionals,14820,number,Number of people,
2018,Trainees,Gender,Male,Community Support or Social Services Professionals,2720,number,Number of people,
2018,Trainees,Gender,Female,Community Support or Social Services Professionals,12055,number,Number of people,
2018,Trainees,Age group,*-19,Community Support or Social Services Professionals,265,number,Number of people,
2018,Trainees,Age group,20-29,Community Support or Social Services Professionals,3210,number,Number of people,
2018,Trainees,Age group,30-39,Community Support or Social Services Professionals,3025,number,Number of people,
2018,Trainees,Gender,Male,Joiners & Glaziers,570,number,Number of people,
2018,Trainees,Age group,40-49,Community Support or Social Services Professionals,3205,number,Number of people,
2018,Trainees,Age group,50+,Community Support or Social Services Professionals,5120,number,Number of people,
2018,Trainees,Ethnic group,European,"Concreters, Brick & Block Layers",95,number,Number of people,
2018,Trainees,Ethnic group,Māori,"Concreters, Brick & Block Layers",55,number,Number of people,
2018,Trainees,Ethnic group,Pacific Peoples,"Concreters, Brick & Block Layers",50,number,Number of people,
2018,Trainees,Ethnic group,Asian,"Concreters, Brick & Block Layers",10,number,Number of people,
2018,Trainees,Ethnic group,MELAA,"Concreters, Brick & Block Layers",0,number,Number of people,
2018,Trainees,Ethnic group,Other,"Concreters, Brick & Block Layers",0,number,Number of people,
2018,Trainees,Ethnic group,Total,"Concreters, Brick & Block Layers",205,number,Number of people,
2018,Trainees,Gender,Male,"Concreters, Brick & Block Layers",200,number,Number of people,
2018,Trainees,Gender,Female,"Concreters, Brick & Block Layers",5,number,Number of people,
2018,Trainees,Age group,*-19,"Concreters, Brick & Block Layers",5,number,Number of people,
2018,Trainees,Age group,20-29,"Concreters, Brick & Block Layers",85,number,Number of people,
2018,Trainees,Age group,30-39,"Concreters, Brick & Block Layers",70,number,Number of people,
2018,Trainees,Age group,40-49,"Concreters, Brick & Block Layers",30,number,Number of people,
2018,Trainees,Age group,50+,"Concreters, Brick & Block Layers",15,number,Number of people,
2018,Trainees,Ethnic group,European,Crane Operation Professionals,255,number,Number of people,
2018,Trainees,Ethnic group,Māori,Crane Operation Professionals,60,number,Number of people,
2018,Trainees,Ethnic group,Pacific Peoples,Crane Operation Professionals,20,number,Number of people,
2018,Trainees,Ethnic group,Asian,Crane Operation Professionals,10,number,Number of people,
2018,Trainees,Ethnic group,MELAA,Crane Operation Professionals,5,number,Number of people,
2018,Trainees,Ethnic group,Other,Crane Operation Professionals,5,number,Number of people,
2018,Trainees,Ethnic group,Total,Crane Operation Professionals,420,number,Number of people,
2018,Trainees,Gender,Male,Crane Operation Professionals,410,number,Number of people,
2018,Trainees,Gender,Female,Crane Operation Professionals,5,number,Number of people,
2018,Trainees,Age group,*-19,Crane Operation Professionals,5,number,Number of people,
2018,Trainees,Age group,20-29,Crane Operation Professionals,85,number,Number of people,
2018,Trainees,Age group,30-39,Crane Operation Professionals,105,number,Number of people,
2018,Trainees,Age group,40-49,Crane Operation Professionals,100,number,Number of people,
2018,Trainees,Age group,50+,Crane Operation Professionals,125,number,Number of people,
2018,Trainees,Ethnic group,European,Dairy Manufacturing Professionals,65,number,Number of people,
2018,Trainees,Ethnic group,Māori,Dairy Manufacturing Professionals,15,number,Number of people,
2018,Trainees,Ethnic group,Pacific Peoples,Dairy Manufacturing Professionals,5,number,Number of people,
2018,Trainees,Ethnic group,Asian,Dairy Manufacturing Professionals,15,number,Number of people,
2018,Trainees,Ethnic group,MELAA,Dairy Manufacturing Professionals,0,number,Number of people,
2018,Trainees,Ethnic group,Other,Dairy Manufacturing Professionals,5,number,Number of people,
2018,Trainees,Ethnic group,Total,Dairy Manufacturing Professionals,110,number,Number of people,
2018,Trainees,Gender,Male,Dairy Manufacturing Professionals,75,number,Number of people,
2018,Trainees,Gender,Female,Dairy Manufacturing Professionals,30,number,Number of people,
2018,Trainees,Age group,*-19,Dairy Manufacturing Professionals,0,number,Number of people,
2018,Trainees,Age group,20-29,Dairy Manufacturing Professionals,40,number,Number of people,
2018,Trainees,Age group,30-39,Dairy Manufacturing Professionals,30,number,Number of people,
2018,Trainees,Age group,40-49,Dairy Manufacturing Professionals,25,number,Number of people,
2018,Trainees,Age group,50+,Dairy Manufacturing Professionals,10,number,Number of people,
2018,Trainees,Ethnic group,European,"Electrical or Electronic Engineers, Electricians, Electrical Fitters, Electrical Technicians",115,number,Number of people,
2018,Trainees,Ethnic group,Māori,"Electrical or Electronic Engineers, Electricians, Electrical Fitters, Electrical Technicians",15,number,Number of people,
2018,Trainees,Ethnic group,Pacific Peoples,"Electrical or Electronic Engineers, Electricians, Electrical Fitters, Electrical Technicians",20,number,Number of people,
2018,Trainees,Ethnic group,Asian,"Electrical or Electronic Engineers, Electricians, Electrical Fitters, Electrical Technicians",10,number,Number of people,
2018,Trainees,Ethnic group,MELAA,"Electrical or Electronic Engineers, Electricians, Electrical Fitters, Electrical Technicians",0,number,Number of people,
2018,Trainees,Ethnic group,Other,"Electrical or Electronic Engineers, Electricians, Electrical Fitters, Electrical Technicians",0,number,Number of people,
2018,Trainees,Ethnic group,Total,"Electrical or Electronic Engineers, Electricians, Electrical Fitters, Electrical Technicians",170,number,Number of people,
2018,Trainees,Gender,Male,"Electrical or Electronic Engineers, Electricians, Electrical Fitters, Electrical Technicians",165,number,Number of people,
2018,Trainees,Gender,Female,"Electrical or Electronic Engineers, Electricians, Electrical Fitters, Electrical Technicians",5,number,Number of people,
2018,Trainees,Age group,*-19,"Electrical or Electronic Engineers, Electricians, Electrical Fitters, Electrical Technicians",10,number,Number of people,
2018,Trainees,Age group,20-29,"Electrical or Electronic Engineers, Electricians, Electrical Fitters, Electrical Technicians",100,number,Number of people,
2018,Trainees,Age group,30-39,"Electrical or Electronic Engineers, Electricians, Electrical Fitters, Electrical Technicians",30,number,Number of people,
2018,Trainees,Age group,40-49,"Electrical or Electronic Engineers, Electricians, Electrical Fitters, Electrical Technicians",15,number,Number of people,
2018,Trainees,Age group,50+,"Electrical or Electronic Engineers, Electricians, Electrical Fitters, Electrical Technicians",20,number,Number of people,
2018,Trainees,Ethnic group,European,"Electricity Supply Electricians, Fitters, or Technicians",590,number,Number of people,
2018,Trainees,Age group,50+,Furniture Manufacturing & Finishing Professionals,5,number,Number of people,
2018,Trainees,Ethnic group,Māori,"Electricity Supply Electricians, Fitters, or Technicians",160,number,Number of people,
2018,Trainees,Ethnic group,Pacific Peoples,"Electricity Supply Electricians, Fitters, or Technicians",110,number,Number of people,
2018,Trainees,Ethnic group,Asian,"Electricity Supply Electricians, Fitters, or Technicians",590,number,Number of people,
2018,Trainees,Ethnic group,MELAA,"Electricity Supply Electricians, Fitters, or Technicians",35,number,Number of people,
2018,Trainees,Ethnic group,Other,"Electricity Supply Electricians, Fitters, or Technicians",55,number,Number of people,
2018,Trainees,Ethnic group,Total,"Electricity Supply Electricians, Fitters, or Technicians",1520,number,Number of people,
2018,Trainees,Gender,Male,"Electricity Supply Electricians, Fitters, or Technicians",1385,number,Number of people,
2018,Trainees,Gender,Female,"Electricity Supply Electricians, Fitters, or Technicians",110,number,Number of people,
2018,Trainees,Age group,*-19,"Electricity Supply Electricians, Fitters, or Technicians",25,number,Number of people,
2018,Trainees,Age group,20-29,"Electricity Supply Electricians, Fitters, or Technicians",755,number,Number of people,
2018,Trainees,Age group,30-39,"Electricity Supply Electricians, Fitters, or Technicians",340,number,Number of people,
2018,Trainees,Age group,40-49,"Electricity Supply Electricians, Fitters, or Technicians",230,number,Number of people,
2018,Trainees,Age group,50+,"Electricity Supply Electricians, Fitters, or Technicians",170,number,Number of people,
2018,Trainees,Ethnic group,European,Energy & Chemical Plant Professionals,210,number,Number of people,
2018,Trainees,Ethnic group,Māori,Energy & Chemical Plant Professionals,45,number,Number of people,
2018,Trainees,Ethnic group,Pacific Peoples,Energy & Chemical Plant Professionals,10,number,Number of people,
2018,Trainees,Ethnic group,Asian,Energy & Chemical Plant Professionals,10,number,Number of people,
2018,Trainees,Ethnic group,MELAA,Energy & Chemical Plant Professionals,5,number,Number of people,
2018,Trainees,Ethnic group,Other,Energy & Chemical Plant Professionals,10,number,Number of people,
2018,Trainees,Ethnic group,Total,Energy & Chemical Plant Professionals,295,number,Number of people,
2018,Trainees,Gender,Male,Energy & Chemical Plant Professionals,285,number,Number of people,
2018,Trainees,Gender,Female,Energy & Chemical Plant Professionals,10,number,Number of people,
2018,Trainees,Age group,*-19,Energy & Chemical Plant Professionals,5,number,Number of people,
2018,Trainees,Age group,20-29,Energy & Chemical Plant Professionals,55,number,Number of people,
2018,Trainees,Age group,30-39,Energy & Chemical Plant Professionals,110,number,Number of people,
2018,Trainees,Age group,40-49,Energy & Chemical Plant Professionals,80,number,Number of people,
2018,Trainees,Age group,50+,Energy & Chemical Plant Professionals,45,number,Number of people,
2018,Trainees,Ethnic group,European,Fire Detection & Security System Manufacture & Installation Professionals,160,number,Number of people,
2018,Trainees,Ethnic group,Māori,Fire Detection & Security System Manufacture & Installation Professionals,30,number,Number of people,
2018,Trainees,Ethnic group,Pacific Peoples,Fire Detection & Security System Manufacture & Installation Professionals,15,number,Number of people,
2018,Trainees,Ethnic group,Asian,Fire Detection & Security System Manufacture & Installation Professionals,20,number,Number of people,
2018,Trainees,Ethnic group,MELAA,Fire Detection & Security System Manufacture & Installation Professionals,5,number,Number of people,
2018,Trainees,Ethnic group,Other,Fire Detection & Security System Manufacture & Installation Professionals,5,number,Number of people,
2018,Trainees,Ethnic group,Total,Fire Detection & Security System Manufacture & Installation Professionals,240,number,Number of people,
2018,Trainees,Gender,Male,Fire Detection & Security System Manufacture & Installation Professionals,230,number,Number of people,
2018,Trainees,Gender,Female,Fire Detection & Security System Manufacture & Installation Professionals,10,number,Number of people,
2018,Trainees,Age group,*-19,Fire Detection & Security System Manufacture & Installation Professionals,10,number,Number of people,
2018,Trainees,Age group,20-29,Fire Detection & Security System Manufacture & Installation Professionals,85,number,Number of people,
2018,Trainees,Age group,30-39,Fire Detection & Security System Manufacture & Installation Professionals,65,number,Number of people,
2018,Trainees,Age group,40-49,Fire Detection & Security System Manufacture & Installation Professionals,40,number,Number of people,
2018,Trainees,Age group,50+,Fire Detection & Security System Manufacture & Installation Professionals,40,number,Number of people,
2018,Trainees,Ethnic group,European,"Fire, Search & Rescue, Emergency Response or Civil Defence Workers",100,number,Number of people,
2018,Trainees,Ethnic group,Māori,"Fire, Search & Rescue, Emergency Response or Civil Defence Workers",20,number,Number of people,
2018,Trainees,Ethnic group,Pacific Peoples,"Fire, Search & Rescue, Emergency Response or Civil Defence Workers",5,number,Number of people,
2018,Trainees,Ethnic group,Asian,"Fire, Search & Rescue, Emergency Response or Civil Defence Workers",5,number,Number of people,
2018,Trainees,Ethnic group,MELAA,"Fire, Search & Rescue, Emergency Response or Civil Defence Workers",0,number,Number of people,
2018,Trainees,Ethnic group,Other,"Fire, Search & Rescue, Emergency Response or Civil Defence Workers",5,number,Number of people,
2018,Trainees,Ethnic group,Total,"Fire, Search & Rescue, Emergency Response or Civil Defence Workers",140,number,Number of people,
2018,Trainees,Gender,Male,"Fire, Search & Rescue, Emergency Response or Civil Defence Workers",120,number,Number of people,
2018,Trainees,Gender,Female,"Fire, Search & Rescue, Emergency Response or Civil Defence Workers",20,number,Number of people,
2018,Trainees,Age group,*-19,"Fire, Search & Rescue, Emergency Response or Civil Defence Workers",10,number,Number of people,
2018,Trainees,Age group,20-29,"Fire, Search & Rescue, Emergency Response or Civil Defence Workers",75,number,Number of people,
2018,Trainees,Age group,30-39,"Fire, Search & Rescue, Emergency Response or Civil Defence Workers",10,number,Number of people,
2018,Trainees,Age group,40-49,"Fire, Search & Rescue, Emergency Response or Civil Defence Workers",25,number,Number of people,
2018,Trainees,Age group,50+,"Fire, Search & Rescue, Emergency Response or Civil Defence Workers",25,number,Number of people,
2018,Trainees,Ethnic group,European,"Fishing, Seafood Vessel, Aquaculture, Seafood Processing & Retailing Professionals",515,number,Number of people,
2018,Trainees,Ethnic group,Māori,"Fishing, Seafood Vessel, Aquaculture, Seafood Processing & Retailing Professionals",320,number,Number of people,
2018,Trainees,Ethnic group,Pacific Peoples,"Fishing, Seafood Vessel, Aquaculture, Seafood Processing & Retailing Professionals",105,number,Number of people,
2018,Trainees,Ethnic group,Asian,"Fishing, Seafood Vessel, Aquaculture, Seafood Processing & Retailing Professionals",195,number,Number of people,
2018,Trainees,Ethnic group,MELAA,"Fishing, Seafood Vessel, Aquaculture, Seafood Processing & Retailing Professionals",10,number,Number of people,
2018,Trainees,Ethnic group,Other,"Fishing, Seafood Vessel, Aquaculture, Seafood Processing & Retailing Professionals",20,number,Number of people,
2018,Trainees,Ethnic group,Total,"Fishing, Seafood Vessel, Aquaculture, Seafood Processing & Retailing Professionals",1170,number,Number of people,
2018,Trainees,Gender,Male,"Fishing, Seafood Vessel, Aquaculture, Seafood Processing & Retailing Professionals",725,number,Number of people,
2018,Trainees,Gender,Female,"Fishing, Seafood Vessel, Aquaculture, Seafood Processing & Retailing Professionals",445,number,Number of people,
2018,Trainees,Age group,*-19,"Fishing, Seafood Vessel, Aquaculture, Seafood Processing & Retailing Professionals",70,number,Number of people,
2018,Trainees,Age group,20-29,"Fishing, Seafood Vessel, Aquaculture, Seafood Processing & Retailing Professionals",425,number,Number of people,
2018,Trainees,Age group,30-39,"Fishing, Seafood Vessel, Aquaculture, Seafood Processing & Retailing Professionals",255,number,Number of people,
2018,Trainees,Age group,40-49,"Fishing, Seafood Vessel, Aquaculture, Seafood Processing & Retailing Professionals",205,number,Number of people,
2018,Trainees,Age group,50+,"Fishing, Seafood Vessel, Aquaculture, Seafood Processing & Retailing Professionals",220,number,Number of people,
2018,Trainees,Ethnic group,European,Food & Related Product Manufacturing Professionals,2020,number,Number of people,
2018,Trainees,Ethnic group,Māori,Food & Related Product Manufacturing Professionals,1875,number,Number of people,
2018,Trainees,Ethnic group,Pacific Peoples,Food & Related Product Manufacturing Professionals,525,number,Number of people,
2018,Trainees,Ethnic group,Asian,Food & Related Product Manufacturing Professionals,1005,number,Number of people,
2018,Trainees,Ethnic group,MELAA,Food & Related Product Manufacturing Professionals,85,number,Number of people,
2018,Trainees,Ethnic group,Other,Food & Related Product Manufacturing Professionals,105,number,Number of people,
2018,Trainees,Ethnic group,Total,Food & Related Product Manufacturing Professionals,5725,number,Number of people,
2018,Trainees,Gender,Male,Food & Related Product Manufacturing Professionals,3505,number,Number of people,
2018,Trainees,Gender,Female,Food & Related Product Manufacturing Professionals,2200,number,Number of people,
2018,Trainees,Age group,*-19,Food & Related Product Manufacturing Professionals,355,number,Number of people,
2018,Trainees,Age group,20-29,Food & Related Product Manufacturing Professionals,2205,number,Number of people,
2018,Trainees,Age group,30-39,Food & Related Product Manufacturing Professionals,1240,number,Number of people,
2018,Trainees,Age group,40-49,Food & Related Product Manufacturing Professionals,900,number,Number of people,
2018,Trainees,Age group,50+,Food & Related Product Manufacturing Professionals,1030,number,Number of people,
2018,Trainees,Ethnic group,European,"Forestry, Logging & Log Distribution Workers",1920,number,Number of people,
2018,Trainees,Ethnic group,Māori,"Forestry, Logging & Log Distribution Workers",1225,number,Number of people,
2018,Trainees,Ethnic group,Pacific Peoples,"Forestry, Logging & Log Distribution Workers",155,number,Number of people,
2018,Trainees,Ethnic group,Asian,"Forestry, Logging & Log Distribution Workers",30,number,Number of people,
2018,Trainees,Ethnic group,MELAA,"Forestry, Logging & Log Distribution Workers",15,number,Number of people,
2018,Trainees,Ethnic group,Other,"Forestry, Logging & Log Distribution Workers",35,number,Number of people,
2018,Trainees,Ethnic group,Total,"Forestry, Logging & Log Distribution Workers",3485,number,Number of people,
2018,Trainees,Gender,Male,"Forestry, Logging & Log Distribution Workers",3330,number,Number of people,
2018,Trainees,Gender,Female,"Forestry, Logging & Log Distribution Workers",145,number,Number of people,
2018,Trainees,Age group,*-19,"Forestry, Logging & Log Distribution Workers",195,number,Number of people,
2018,Trainees,Age group,20-29,"Forestry, Logging & Log Distribution Workers",1150,number,Number of people,
2018,Trainees,Age group,30-39,"Forestry, Logging & Log Distribution Workers",955,number,Number of people,
2018,Trainees,Age group,40-49,"Forestry, Logging & Log Distribution Workers",690,number,Number of people,
2018,Trainees,Age group,50+,"Forestry, Logging & Log Distribution Workers",495,number,Number of people,
2018,Trainees,Ethnic group,European,Furniture Manufacturing & Finishing Professionals,70,number,Number of people,
2018,Trainees,Ethnic group,Māori,Furniture Manufacturing & Finishing Professionals,15,number,Number of people,
2018,Trainees,Ethnic group,Pacific Peoples,Furniture Manufacturing & Finishing Professionals,5,number,Number of people,
2018,Trainees,Ethnic group,Asian,Furniture Manufacturing & Finishing Professionals,10,number,Number of people,
2018,Trainees,Ethnic group,MELAA,Furniture Manufacturing & Finishing Professionals,5,number,Number of people,
2018,Trainees,Ethnic group,Other,Furniture Manufacturing & Finishing Professionals,5,number,Number of people,
2018,Trainees,Ethnic group,Total,Furniture Manufacturing & Finishing Professionals,115,number,Number of people,
2018,Trainees,Gender,Male,Furniture Manufacturing & Finishing Professionals,105,number,Number of people,
2018,Trainees,Gender,Female,Furniture Manufacturing & Finishing Professionals,10,number,Number of people,
2018,Trainees,Age group,*-19,Furniture Manufacturing & Finishing Professionals,25,number,Number of people,
2018,Trainees,Age group,20-29,Furniture Manufacturing & Finishing Professionals,55,number,Number of people,
2018,Trainees,Age group,30-39,Furniture Manufacturing & Finishing Professionals,25,number,Number of people,
2018,Trainees,Age group,40-49,Furniture Manufacturing & Finishing Professionals,10,number,Number of people,
2018,Trainees,Ethnic group,European,Gas Network Operations Professionals,110,number,Number of people,
2018,Trainees,Ethnic group,Māori,Gas Network Operations Professionals,65,number,Number of people,
2018,Trainees,Ethnic group,Pacific Peoples,Gas Network Operations Professionals,15,number,Number of people,
2018,Trainees,Ethnic group,Asian,Gas Network Operations Professionals,0,number,Number of people,
2018,Trainees,Ethnic group,MELAA,Gas Network Operations Professionals,5,number,Number of people,
2018,Trainees,Ethnic group,Other,Gas Network Operations Professionals,0,number,Number of people,
2018,Trainees,Ethnic group,Total,Gas Network Operations Professionals,175,number,Number of people,
2018,Trainees,Gender,Male,Gas Network Operations Professionals,165,number,Number of people,
2018,Trainees,Gender,Female,Gas Network Operations Professionals,10,number,Number of people,
2018,Trainees,Age group,*-19,Gas Network Operations Professionals,5,number,Number of people,
2018,Trainees,Age group,20-29,Gas Network Operations Professionals,80,number,Number of people,
2018,Trainees,Age group,30-39,Gas Network Operations Professionals,50,number,Number of people,
2018,Trainees,Age group,40-49,Gas Network Operations Professionals,30,number,Number of people,
2018,Trainees,Age group,50+,Gas Network Operations Professionals,15,number,Number of people,
2018,Trainees,Ethnic group,European,"Hairdressers, Barbers & Beauty Therapists",80,number,Number of people,
2018,Trainees,Ethnic group,Māori,"Hairdressers, Barbers & Beauty Therapists",5,number,Number of people,
2018,Trainees,Ethnic group,Pacific Peoples,"Hairdressers, Barbers & Beauty Therapists",5,number,Number of people,
2018,Trainees,Ethnic group,Asian,"Hairdressers, Barbers & Beauty Therapists",15,number,Number of people,
2018,Trainees,Ethnic group,MELAA,"Hairdressers, Barbers & Beauty Therapists",5,number,Number of people,
2018,Trainees,Ethnic group,Other,"Hairdressers, Barbers & Beauty Therapists",5,number,Number of people,
2018,Trainees,Ethnic group,Total,"Hairdressers, Barbers & Beauty Therapists",110,number,Number of people,
2018,Trainees,Gender,Male,"Hairdressers, Barbers & Beauty Therapists",0,number,Number of people,
2018,Trainees,Gender,Female,"Hairdressers, Barbers & Beauty Therapists",110,number,Number of people,
2018,Trainees,Age group,*-19,"Hairdressers, Barbers & Beauty Therapists",5,number,Number of people,
2018,Trainees,Age group,20-29,"Hairdressers, Barbers & Beauty Therapists",60,number,Number of people,
2018,Trainees,Age group,30-39,"Hairdressers, Barbers & Beauty Therapists",25,number,Number of people,
2018,Trainees,Age group,40-49,"Hairdressers, Barbers & Beauty Therapists",10,number,Number of people,
2018,Trainees,Age group,50+,"Hairdressers, Barbers & Beauty Therapists",15,number,Number of people,
2018,Trainees,Ethnic group,European,"Horticultural Professionals, including Sports Turf and Floristry",540,number,Number of people,
2018,Trainees,Ethnic group,Māori,"Horticultural Professionals, including Sports Turf and Floristry",250,number,Number of people,
2018,Trainees,Ethnic group,Pacific Peoples,"Horticultural Professionals, including Sports Turf and Floristry",470,number,Number of people,
2018,Trainees,Ethnic group,Asian,"Horticultural Professionals, including Sports Turf and Floristry",210,number,Number of people,
2018,Trainees,Ethnic group,MELAA,"Horticultural Professionals, including Sports Turf and Floristry",15,number,Number of people,
2018,Trainees,Ethnic group,Other,"Horticultural Professionals, including Sports Turf and Floristry",25,number,Number of people,
2018,Trainees,Ethnic group,Total,"Horticultural Professionals, including Sports Turf and Floristry",1525,number,Number of people,
2018,Trainees,Gender,Male,"Horticultural Professionals, including Sports Turf and Floristry",1225,number,Number of people,
2018,Trainees,Gender,Female,"Horticultural Professionals, including Sports Turf and Floristry",295,number,Number of people,
2018,Trainees,Age group,*-19,"Horticultural Professionals, including Sports Turf and Floristry",75,number,Number of people,
2018,Trainees,Age group,20-29,"Horticultural Professionals, including Sports Turf and Floristry",620,number,Number of people,
2018,Trainees,Age group,30-39,"Horticultural Professionals, including Sports Turf and Floristry",410,number,Number of people,
2018,Trainees,Age group,40-49,"Horticultural Professionals, including Sports Turf and Floristry",260,number,Number of people,
2018,Trainees,Age group,50+,"Horticultural Professionals, including Sports Turf and Floristry",160,number,Number of people,
2018,Trainees,Ethnic group,European,Hospitality Professionals,3155,number,Number of people,
2018,Trainees,Ethnic group,Māori,Hospitality Professionals,1330,number,Number of people,
2018,Trainees,Ethnic group,Pacific Peoples,Hospitality Professionals,945,number,Number of people,
2018,Trainees,Ethnic group,Asian,Hospitality Professionals,1630,number,Number of people,
2018,Trainees,Ethnic group,MELAA,Hospitality Professionals,190,number,Number of people,
2018,Trainees,Ethnic group,Other,Hospitality Professionals,130,number,Number of people,
2018,Trainees,Ethnic group,Total,Hospitality Professionals,6820,number,Number of people,
2018,Trainees,Gender,Male,Hospitality Professionals,2390,number,Number of people,
2018,Trainees,Gender,Female,Hospitality Professionals,4415,number,Number of people,
2018,Trainees,Age group,*-19,Hospitality Professionals,1910,number,Number of people,
2018,Trainees,Age group,20-29,Hospitality Professionals,3210,number,Number of people,
2018,Trainees,Age group,30-39,Hospitality Professionals,905,number,Number of people,
2018,Trainees,Age group,40-49,Hospitality Professionals,440,number,Number of people,
2018,Trainees,Age group,50+,Hospitality Professionals,355,number,Number of people,
2018,Trainees,Ethnic group,European,Joiners & Glaziers,390,number,Number of people,
2018,Trainees,Ethnic group,Māori,Joiners & Glaziers,110,number,Number of people,
2018,Trainees,Ethnic group,Pacific Peoples,Joiners & Glaziers,60,number,Number of people,
2018,Trainees,Ethnic group,Asian,Joiners & Glaziers,45,number,Number of people,
2018,Trainees,Ethnic group,MELAA,Joiners & Glaziers,5,number,Number of people,
2018,Trainees,Ethnic group,Other,Joiners & Glaziers,5,number,Number of people,
2018,Trainees,Ethnic group,Total,Joiners & Glaziers,595,number,Number of people,
2018,Trainees,Gender,Female,Joiners & Glaziers,25,number,Number of people,
2018,Trainees,Age group,*-19,Joiners & Glaziers,70,number,Number of people,
2018,Trainees,Age group,20-29,Joiners & Glaziers,310,number,Number of people,
2018,Trainees,Age group,30-39,Joiners & Glaziers,135,number,Number of people,
2018,Trainees,Age group,40-49,Joiners & Glaziers,70,number,Number of people,
2018,Trainees,Age group,50+,Joiners & Glaziers,15,number,Number of people,
2018,Trainees,Ethnic group,European,"Justice, Law Enforcement & Regulatory Control Professionals",795,number,Number of people,
2018,Trainees,Ethnic group,Māori,"Justice, Law Enforcement & Regulatory Control Professionals",255,number,Number of people,
2018,Trainees,Ethnic group,Pacific Peoples,"Justice, Law Enforcement & Regulatory Control Professionals",330,number,Number of people,
2018,Trainees,Ethnic group,Asian,"Justice, Law Enforcement & Regulatory Control Professionals",210,number,Number of people,
2018,Trainees,Ethnic group,MELAA,"Justice, Law Enforcement & Regulatory Control Professionals",50,number,Number of people,
2018,Trainees,Ethnic group,Other,"Justice, Law Enforcement & Regulatory Control Professionals",40,number,Number of people,
2018,Trainees,Ethnic group,Total,"Justice, Law Enforcement & Regulatory Control Professionals",1525,number,Number of people,
2018,Trainees,Gender,Male,"Justice, Law Enforcement & Regulatory Control Professionals",1000,number,Number of people,
2018,Trainees,Gender,Female,"Justice, Law Enforcement & Regulatory Control Professionals",520,number,Number of people,
2018,Trainees,Age group,*-19,"Justice, Law Enforcement & Regulatory Control Professionals",5,number,Number of people,
2018,Trainees,Age group,20-29,"Justice, Law Enforcement & Regulatory Control Professionals",470,number,Number of people,
2018,Trainees,Age group,30-39,"Justice, Law Enforcement & Regulatory Control Professionals",430,number,Number of people,
2018,Trainees,Age group,40-49,"Justice, Law Enforcement & Regulatory Control Professionals",395,number,Number of people,
2018,Trainees,Age group,50+,"Justice, Law Enforcement & Regulatory Control Professionals",225,number,Number of people,
2018,Trainees,Ethnic group,European,Laundry & Dry-Cleaning Services Professionals,30,number,Number of people,
2018,Trainees,Ethnic group,Māori,Laundry & Dry-Cleaning Services Professionals,15,number,Number of people,
2018,Trainees,Ethnic group,Pacific Peoples,Laundry & Dry-Cleaning Services Professionals,25,number,Number of people,
2018,Trainees,Ethnic group,Asian,Laundry & Dry-Cleaning Services Professionals,10,number,Number of people,
2018,Trainees,Ethnic group,MELAA,Laundry & Dry-Cleaning Services Professionals,0,number,Number of people,
2018,Trainees,Ethnic group,Other,Laundry & Dry-Cleaning Services Professionals,0,number,Number of people,
2018,Trainees,Ethnic group,Total,Laundry & Dry-Cleaning Services Professionals,85,number,Number of people,
2018,Trainees,Gender,Male,Laundry & Dry-Cleaning Services Professionals,25,number,Number of people,
2018,Trainees,Gender,Female,Laundry & Dry-Cleaning Services Professionals,60,number,Number of people,
2018,Trainees,Age group,*-19,Laundry & Dry-Cleaning Services Professionals,0,number,Number of people,
2018,Trainees,Age group,20-29,Laundry & Dry-Cleaning Services Professionals,15,number,Number of people,
2018,Trainees,Age group,30-39,Laundry & Dry-Cleaning Services Professionals,10,number,Number of people,
2018,Trainees,Age group,40-49,Laundry & Dry-Cleaning Services Professionals,30,number,Number of people,
2018,Trainees,Age group,50+,Laundry & Dry-Cleaning Services Professionals,25,number,Number of people,
2018,Trainees,Ethnic group,European,Manufacturing Professionals - Not Otherwise Specified,980,number,Number of people,
2018,Trainees,Ethnic group,Māori,Manufacturing Professionals - Not Otherwise Specified,390,number,Number of people,
2018,Trainees,Ethnic group,Pacific Peoples,Manufacturing Professionals - Not Otherwise Specified,455,number,Number of people,
2018,Trainees,Ethnic group,Asian,Manufacturing Professionals - Not Otherwise Specified,280,number,Number of people,
2018,Trainees,Ethnic group,MELAA,Manufacturing Professionals - Not Otherwise Specified,45,number,Number of people,
2018,Trainees,Ethnic group,Other,Manufacturing Professionals - Not Otherwise Specified,45,number,Number of people,
2018,Trainees,Ethnic group,Total,Manufacturing Professionals - Not Otherwise Specified,2200,number,Number of people,
2018,Trainees,Gender,Male,Manufacturing Professionals - Not Otherwise Specified,1715,number,Number of people,
2018,Trainees,Gender,Female,Manufacturing Professionals - Not Otherwise Specified,475,number,Number of people,
2018,Trainees,Age group,*-19,Manufacturing Professionals - Not Otherwise Specified,65,number,Number of people,
2018,Trainees,Age group,20-29,Manufacturing Professionals - Not Otherwise Specified,580,number,Number of people,
2018,Trainees,Age group,30-39,Manufacturing Professionals - Not Otherwise Specified,495,number,Number of people,
2018,Trainees,Age group,40-49,Manufacturing Professionals - Not Otherwise Specified,505,number,Number of people,
2018,Trainees,Age group,50+,Manufacturing Professionals - Not Otherwise Specified,560,number,Number of people,
2018,Trainees,Ethnic group,European,Maritime Professionals,185,number,Number of people,
2018,Trainees,Ethnic group,Māori,Maritime Professionals,80,number,Number of people,
2018,Trainees,Ethnic group,Pacific Peoples,Maritime Professionals,10,number,Number of people,
2018,Trainees,Ethnic group,Asian,Maritime Professionals,20,number,Number of people,
2018,Trainees,Ethnic group,MELAA,Maritime Professionals,5,number,Number of people,
2018,Trainees,Ethnic group,Other,Maritime Professionals,25,number,Number of people,
2018,Trainees,Ethnic group,Total,Maritime Professionals,360,number,Number of people,
2018,Trainees,Gender,Male,Maritime Professionals,215,number,Number of people,
2018,Trainees,Gender,Female,Maritime Professionals,145,number,Number of people,
2018,Trainees,Age group,*-19,Maritime Professionals,135,number,Number of people,
2018,Trainees,Age group,20-29,Maritime Professionals,190,number,Number of people,
2018,Trainees,Age group,30-39,Maritime Professionals,25,number,Number of people,
2018,Trainees,Age group,40-49,Maritime Professionals,5,number,Number of people,
2018,Trainees,Age group,50+,Maritime Professionals,5,number,Number of people,
2018,Trainees,Ethnic group,European,"Meat Butchery, Process, Inspection & Sales Professionals",1675,number,Number of people,
2018,Trainees,Ethnic group,Māori,"Meat Butchery, Process, Inspection & Sales Professionals",1720,number,Number of people,
2018,Trainees,Ethnic group,Pacific Peoples,"Meat Butchery, Process, Inspection & Sales Professionals",595,number,Number of people,
2018,Trainees,Ethnic group,Asian,"Meat Butchery, Process, Inspection & Sales Professionals",330,number,Number of people,
2018,Trainees,Ethnic group,MELAA,"Meat Butchery, Process, Inspection & Sales Professionals",60,number,Number of people,
2018,Trainees,Ethnic group,Other,"Meat Butchery, Process, Inspection & Sales Professionals",50,number,Number of people,
2018,Trainees,Ethnic group,Total,"Meat Butchery, Process, Inspection & Sales Professionals",4465,number,Number of people,
2018,Trainees,Gender,Male,"Meat Butchery, Process, Inspection & Sales Professionals",2780,number,Number of people,
2018,Trainees,Gender,Female,"Meat Butchery, Process, Inspection & Sales Professionals",1680,number,Number of people,
2018,Trainees,Age group,*-19,"Meat Butchery, Process, Inspection & Sales Professionals",770,number,Number of people,
2018,Trainees,Age group,20-29,"Meat Butchery, Process, Inspection & Sales Professionals",1555,number,Number of people,
2018,Trainees,Age group,30-39,"Meat Butchery, Process, Inspection & Sales Professionals",905,number,Number of people,
2018,Trainees,Age group,40-49,"Meat Butchery, Process, Inspection & Sales Professionals",645,number,Number of people,
2018,Trainees,Age group,50+,"Meat Butchery, Process, Inspection & Sales Professionals",585,number,Number of people,
2018,Trainees,Ethnic group,European,Mechanical Engineers,160,number,Number of people,
2018,Trainees,Ethnic group,Māori,Mechanical Engineers,30,number,Number of people,
2018,Trainees,Ethnic group,Pacific Peoples,Mechanical Engineers,15,number,Number of people,
2018,Trainees,Ethnic group,Asian,Mechanical Engineers,10,number,Number of people,
2018,Trainees,Ethnic group,MELAA,Mechanical Engineers,5,number,Number of people,
2018,Trainees,Ethnic group,Other,Mechanical Engineers,10,number,Number of people,
2018,Trainees,Ethnic group,Total,Mechanical Engineers,235,number,Number of people,
2018,Trainees,Gender,Male,Mechanical Engineers,230,number,Number of people,
2018,Trainees,Gender,Female,Mechanical Engineers,5,number,Number of people,
2018,Trainees,Age group,*-19,Mechanical Engineers,0,number,Number of people,
2018,Trainees,Age group,20-29,Mechanical Engineers,100,number,Number of people,
2018,Trainees,Age group,30-39,Mechanical Engineers,85,number,Number of people,
2018,Trainees,Age group,40-49,Mechanical Engineers,35,number,Number of people,
2018,Trainees,Age group,50+,Mechanical Engineers,15,number,Number of people,
2018,Trainees,Ethnic group,European,Mining & Extractive Industries Professionals,185,number,Number of people,
2018,Trainees,Ethnic group,Māori,Mining & Extractive Industries Professionals,45,number,Number of people,
2018,Trainees,Ethnic group,Pacific Peoples,Mining & Extractive Industries Professionals,10,number,Number of people,
2018,Trainees,Ethnic group,Asian,Mining & Extractive Industries Professionals,5,number,Number of people,
2018,Trainees,Ethnic group,MELAA,Mining & Extractive Industries Professionals,0,number,Number of people,
2018,Trainees,Ethnic group,Other,Mining & Extractive Industries Professionals,0,number,Number of people,
2018,Trainees,Ethnic group,Total,Mining & Extractive Industries Professionals,230,number,Number of people,
2018,Trainees,Gender,Male,Mining & Extractive Industries Professionals,215,number,Number of people,
2018,Trainees,Gender,Female,Mining & Extractive Industries Professionals,15,number,Number of people,
2018,Trainees,Age group,*-19,Mining & Extractive Industries Professionals,10,number,Number of people,
2018,Trainees,Age group,20-29,Mining & Extractive Industries Professionals,80,number,Number of people,
2018,Trainees,Age group,30-39,Mining & Extractive Industries Professionals,55,number,Number of people,
2018,Trainees,Age group,40-49,Mining & Extractive Industries Professionals,50,number,Number of people,
2018,Trainees,Age group,50+,Mining & Extractive Industries Professionals,35,number,Number of people,
2018,Trainees,Ethnic group,European,"Plasterers, Gib-Stoppers & Partition Installers",110,number,Number of people,
2018,Trainees,Ethnic group,Māori,"Plasterers, Gib-Stoppers & Partition Installers",55,number,Number of people,
2018,Trainees,Ethnic group,Pacific Peoples,"Plasterers, Gib-Stoppers & Partition Installers",20,number,Number of people,
2018,Trainees,Ethnic group,Asian,"Plasterers, Gib-Stoppers & Partition Installers",20,number,Number of people,
2018,Trainees,Ethnic group,MELAA,"Plasterers, Gib-Stoppers & Partition Installers",20,number,Number of people,
2018,Trainees,Ethnic group,Other,"Plasterers, Gib-Stoppers & Partition Installers",10,number,Number of people,
2018,Trainees,Ethnic group,Total,"Plasterers, Gib-Stoppers & Partition Installers",225,number,Number of people,
2018,Trainees,Gender,Male,"Plasterers, Gib-Stoppers & Partition Installers",220,number,Number of people,
2018,Trainees,Gender,Female,"Plasterers, Gib-Stoppers & Partition Installers",5,number,Number of people,
2018,Trainees,Age group,*-19,"Plasterers, Gib-Stoppers & Partition Installers",20,number,Number of people,
2018,Trainees,Age group,20-29,"Plasterers, Gib-Stoppers & Partition Installers",130,number,Number of people,
2018,Trainees,Age group,30-39,"Plasterers, Gib-Stoppers & Partition Installers",60,number,Number of people,
2018,Trainees,Age group,40-49,"Plasterers, Gib-Stoppers & Partition Installers",15,number,Number of people,
2018,Trainees,Age group,50+,"Plasterers, Gib-Stoppers & Partition Installers",0,number,Number of people,
2018,Trainees,Ethnic group,European,Plastics & Materials Processing Professionals,40,number,Number of people,
2018,Trainees,Ethnic group,Māori,Plastics & Materials Processing Professionals,10,number,Number of people,
2018,Trainees,Ethnic group,Pacific Peoples,Plastics & Materials Processing Professionals,20,number,Number of people,
2018,Trainees,Ethnic group,Asian,Plastics & Materials Processing Professionals,20,number,Number of people,
2018,Trainees,Ethnic group,MELAA,Plastics & Materials Processing Professionals,0,number,Number of people,
2018,Trainees,Ethnic group,Other,Plastics & Materials Processing Professionals,5,number,Number of people,
2018,Trainees,Ethnic group,Total,Plastics & Materials Processing Professionals,105,number,Number of people,
2018,Trainees,Gender,Male,Plastics & Materials Processing Professionals,105,number,Number of people,
2018,Trainees,Gender,Female,Plastics & Materials Processing Professionals,0,number,Number of people,
2018,Trainees,Age group,*-19,Plastics & Materials Processing Professionals,5,number,Number of people,
2018,Trainees,Age group,20-29,Plastics & Materials Processing Professionals,30,number,Number of people,
2018,Trainees,Age group,30-39,Plastics & Materials Processing Professionals,40,number,Number of people,
2018,Trainees,Age group,40-49,Plastics & Materials Processing Professionals,20,number,Number of people,
2018,Trainees,Age group,50+,Plastics & Materials Processing Professionals,10,number,Number of people,
2018,Trainees,Ethnic group,European,Printing & Print & Packaging Manufacturing Professionals,5,number,Number of people,
2018,Trainees,Ethnic group,Māori,Printing & Print & Packaging Manufacturing Professionals,5,number,Number of people,
2018,Trainees,Ethnic group,Pacific Peoples,Printing & Print & Packaging Manufacturing Professionals,5,number,Number of people,
2018,Trainees,Ethnic group,Asian,Printing & Print & Packaging Manufacturing Professionals,5,number,Number of people,
2018,Trainees,Ethnic group,MELAA,Printing & Print & Packaging Manufacturing Professionals,0,number,Number of people,
2018,Trainees,Ethnic group,Other,Printing & Print & Packaging Manufacturing Professionals,0,number,Number of people,
2018,Trainees,Ethnic group,Total,Printing & Print & Packaging Manufacturing Professionals,20,number,Number of people,
2018,Trainees,Gender,Male,Printing & Print & Packaging Manufacturing Professionals,20,number,Number of people,
2018,Trainees,Gender,Female,Printing & Print & Packaging Manufacturing Professionals,0,number,Number of people,
2018,Trainees,Age group,*-19,Printing & Print & Packaging Manufacturing Professionals,0,number,Number of people,
2018,Trainees,Age group,20-29,Printing & Print & Packaging Manufacturing Professionals,10,number,Number of people,
2018,Trainees,Age group,30-39,Printing & Print & Packaging Manufacturing Professionals,5,number,Number of people,
2018,Trainees,Age group,40-49,Printing & Print & Packaging Manufacturing Professionals,5,number,Number of people,
2018,Trainees,Age group,50+,Printing & Print & Packaging Manufacturing Professionals,0,number,Number of people,
2018,Trainees,Ethnic group,European,Property Sales & Management Service Professionals,1730,number,Number of people,
2018,Trainees,Ethnic group,Māori,Property Sales & Management Service Professionals,200,number,Number of people,
2018,Trainees,Ethnic group,Pacific Peoples,Property Sales & Management Service Professionals,85,number,Number of people,
2018,Trainees,Ethnic group,Asian,Property Sales & Management Service Professionals,515,number,Number of people,
2018,Trainees,Ethnic group,MELAA,Property Sales & Management Service Professionals,60,number,Number of people,
2018,Trainees,Ethnic group,Other,Property Sales & Management Service Professionals,35,number,Number of people,
2018,Trainees,Ethnic group,Total,Property Sales & Management Service Professionals,2520,number,Number of people,
2018,Trainees,Gender,Male,Property Sales & Management Service Professionals,1080,number,Number of people,
2018,Trainees,Gender,Female,Property Sales & Management Service Professionals,1440,number,Number of people,
2018,Trainees,Age group,*-19,Property Sales & Management Service Professionals,30,number,Number of people,
2018,Trainees,Age group,20-29,Property Sales & Management Service Professionals,680,number,Number of people,
2018,Trainees,Age group,30-39,Property Sales & Management Service Professionals,680,number,Number of people,
2018,Trainees,Age group,40-49,Property Sales & Management Service Professionals,610,number,Number of people,
2018,Trainees,Age group,50+,Property Sales & Management Service Professionals,525,number,Number of people,
2018,Trainees,Ethnic group,European,Public Sector Professionals,1695,number,Number of people,
2018,Trainees,Ethnic group,Māori,Public Sector Professionals,340,number,Number of people,
2018,Trainees,Ethnic group,Pacific Peoples,Public Sector Professionals,260,number,Number of people,
2018,Trainees,Ethnic group,Asian,Public Sector Professionals,230,number,Number of people,
2018,Trainees,Ethnic group,MELAA,Public Sector Professionals,40,number,Number of people,
2018,Trainees,Ethnic group,Other,Public Sector Professionals,60,number,Number of people,
2018,Trainees,Ethnic group,Total,Public Sector Professionals,3265,number,Number of people,
2018,Trainees,Gender,Male,Public Sector Professionals,1695,number,Number of people,
2018,Trainees,Gender,Female,Public Sector Professionals,1565,number,Number of people,
2018,Trainees,Age group,*-19,Public Sector Professionals,5,number,Number of people,
2018,Trainees,Age group,20-29,Public Sector Professionals,570,number,Number of people,
2018,Trainees,Age group,30-39,Public Sector Professionals,860,number,Number of people,
2018,Trainees,Age group,40-49,Public Sector Professionals,875,number,Number of people,
2018,Trainees,Age group,50+,Public Sector Professionals,955,number,Number of people,
2018,Trainees,Ethnic group,European,Resource Recovery & Materials Recycle Professionals,5,number,Number of people,
2018,Trainees,Ethnic group,Māori,Resource Recovery & Materials Recycle Professionals,5,number,Number of people,
2018,Trainees,Ethnic group,Pacific Peoples,Resource Recovery & Materials Recycle Professionals,0,number,Number of people,
2018,Trainees,Ethnic group,Asian,Resource Recovery & Materials Recycle Professionals,0,number,Number of people,
2018,Trainees,Ethnic group,MELAA,Resource Recovery & Materials Recycle Professionals,0,number,Number of people,
2018,Trainees,Ethnic group,Other,Resource Recovery & Materials Recycle Professionals,0,number,Number of people,
2018,Trainees,Ethnic group,Total,Resource Recovery & Materials Recycle Professionals,15,number,Number of people,
2018,Trainees,Gender,Male,Resource Recovery & Materials Recycle Professionals,10,number,Number of people,
2018,Trainees,Gender,Female,Resource Recovery & Materials Recycle Professionals,0,number,Number of people,
2018,Trainees,Age group,*-19,Resource Recovery & Materials Recycle Professionals,0,number,Number of people,
2018,Trainees,Age group,20-29,Resource Recovery & Materials Recycle Professionals,5,number,Number of people,
2018,Trainees,Age group,30-39,Resource Recovery & Materials Recycle Professionals,5,number,Number of people,
2018,Trainees,Age group,40-49,Resource Recovery & Materials Recycle Professionals,0,number,Number of people,
2018,Trainees,Age group,50+,Resource Recovery & Materials Recycle Professionals,5,number,Number of people,
2018,Trainees,Ethnic group,European,Retail & Sales Professionals,3170,number,Number of people,
2018,Trainees,Ethnic group,Māori,Retail & Sales Professionals,695,number,Number of people,
2018,Trainees,Ethnic group,Pacific Peoples,Retail & Sales Professionals,335,number,Number of people,
2018,Trainees,Ethnic group,Asian,Retail & Sales Professionals,1120,number,Number of people,
2018,Trainees,Ethnic group,MELAA,Retail & Sales Professionals,80,number,Number of people,
2018,Trainees,Ethnic group,Other,Retail & Sales Professionals,105,number,Number of people,
2018,Trainees,Ethnic group,Total,Retail & Sales Professionals,5575,number,Number of people,
2018,Trainees,Gender,Male,Retail & Sales Professionals,2105,number,Number of people,
2018,Trainees,Gender,Female,Retail & Sales Professionals,3440,number,Number of people,
2018,Trainees,Age group,*-19,Retail & Sales Professionals,450,number,Number of people,
2018,Trainees,Age group,20-29,Retail & Sales Professionals,2490,number,Number of people,
2018,Trainees,Age group,30-39,Retail & Sales Professionals,1090,number,Number of people,
2018,Trainees,Age group,40-49,Retail & Sales Professionals,755,number,Number of people,
2018,Trainees,Age group,50+,Retail & Sales Professionals,795,number,Number of people,
2018,Trainees,Ethnic group,European,Roofing Professionals,35,number,Number of people,
2018,Trainees,Ethnic group,Māori,Roofing Professionals,10,number,Number of people,
2018,Trainees,Ethnic group,Pacific Peoples,Roofing Professionals,5,number,Number of people,
2018,Trainees,Ethnic group,Asian,Roofing Professionals,0,number,Number of people,
2018,Trainees,Ethnic group,MELAA,Roofing Professionals,5,number,Number of people,
2018,Trainees,Ethnic group,Other,Roofing Professionals,0,number,Number of people,
2018,Trainees,Ethnic group,Total,Roofing Professionals,60,number,Number of people,
2018,Trainees,Gender,Male,Roofing Professionals,60,number,Number of people,
2018,Trainees,Gender,Female,Roofing Professionals,0,number,Number of people,
2018,Trainees,Age group,*-19,Roofing Professionals,5,number,Number of people,
2018,Trainees,Age group,20-29,Roofing Professionals,30,number,Number of people,
2018,Trainees,Age group,30-39,Roofing Professionals,20,number,Number of people,
2018,Trainees,Age group,40-49,Roofing Professionals,5,number,Number of people,
2018,Trainees,Age group,50+,Roofing Professionals,5,number,Number of people,
2018,Trainees,Ethnic group,European,Security Professionals,700,number,Number of people,
2018,Trainees,Ethnic group,Māori,Security Professionals,310,number,Number of people,
2018,Trainees,Ethnic group,Pacific Peoples,Security Professionals,225,number,Number of people,
2018,Trainees,Ethnic group,Asian,Security Professionals,85,number,Number of people,
2018,Trainees,Ethnic group,MELAA,Security Professionals,20,number,Number of people,
2018,Trainees,Ethnic group,Other,Security Professionals,25,number,Number of people,
2018,Trainees,Ethnic group,Total,Security Professionals,1495,number,Number of people,
2018,Trainees,Gender,Male,Security Professionals,1240,number,Number of people,
2018,Trainees,Gender,Female,Security Professionals,250,number,Number of people,
2018,Trainees,Age group,*-19,Security Professionals,80,number,Number of people,
2018,Trainees,Age group,20-29,Security Professionals,665,number,Number of people,
2018,Trainees,Age group,30-39,Security Professionals,285,number,Number of people,
2018,Trainees,Age group,40-49,Security Professionals,230,number,Number of people,
2018,Trainees,Age group,50+,Security Professionals,230,number,Number of people,
2018,Trainees,Ethnic group,European,"Sports, Fitness, Equine & Racing Professionals",4085,number,Number of people,
2018,Trainees,Ethnic group,Māori,"Sports, Fitness, Equine & Racing Professionals",715,number,Number of people,
2018,Trainees,Ethnic group,Pacific Peoples,"Sports, Fitness, Equine & Racing Professionals",275,number,Number of people,
2018,Trainees,Ethnic group,Asian,"Sports, Fitness, Equine & Racing Professionals",245,number,Number of people,
2018,Trainees,Ethnic group,MELAA,"Sports, Fitness, Equine & Racing Professionals",100,number,Number of people,
2018,Trainees,Ethnic group,Other,"Sports, Fitness, Equine & Racing Professionals",110,number,Number of people,
2018,Trainees,Ethnic group,Total,"Sports, Fitness, Equine & Racing Professionals",5135,number,Number of people,
2018,Trainees,Gender,Male,"Sports, Fitness, Equine & Racing Professionals",2450,number,Number of people,
2018,Trainees,Gender,Female,"Sports, Fitness, Equine & Racing Professionals",2675,number,Number of people,
2018,Trainees,Age group,*-19,"Sports, Fitness, Equine & Racing Professionals",875,number,Number of people,
2018,Trainees,Age group,20-29,"Sports, Fitness, Equine & Racing Professionals",2420,number,Number of people,
2018,Trainees,Age group,30-39,"Sports, Fitness, Equine & Racing Professionals",910,number,Number of people,
2018,Trainees,Age group,40-49,"Sports, Fitness, Equine & Racing Professionals",555,number,Number of people,
2018,Trainees,Age group,50+,"Sports, Fitness, Equine & Racing Professionals",380,number,Number of people,
2018,Trainees,Ethnic group,European,Stevedore & Port Operations Professionals,95,number,Number of people,
2018,Trainees,Ethnic group,Māori,Stevedore & Port Operations Professionals,35,number,Number of people,
2018,Trainees,Ethnic group,Pacific Peoples,Stevedore & Port Operations Professionals,15,number,Number of people,
2018,Trainees,Ethnic group,Asian,Stevedore & Port Operations Professionals,0,number,Number of people,
2018,Trainees,Ethnic group,MELAA,Stevedore & Port Operations Professionals,0,number,Number of people,
2018,Trainees,Ethnic group,Other,Stevedore & Port Operations Professionals,0,number,Number of people,
2018,Trainees,Ethnic group,Total,Stevedore & Port Operations Professionals,135,number,Number of people,
2018,Trainees,Gender,Male,Stevedore & Port Operations Professionals,130,number,Number of people,
2018,Trainees,Gender,Female,Stevedore & Port Operations Professionals,5,number,Number of people,
2018,Trainees,Age group,*-19,Stevedore & Port Operations Professionals,5,number,Number of people,
2018,Trainees,Age group,20-29,Stevedore & Port Operations Professionals,25,number,Number of people,
2018,Trainees,Age group,30-39,Stevedore & Port Operations Professionals,25,number,Number of people,
2018,Trainees,Age group,40-49,Stevedore & Port Operations Professionals,50,number,Number of people,
2018,Trainees,Age group,50+,Stevedore & Port Operations Professionals,40,number,Number of people,
2018,Trainees,Ethnic group,European,Surveyors,30,number,Number of people,
2018,Trainees,Ethnic group,Māori,Surveyors,5,number,Number of people,
2018,Trainees,Ethnic group,Pacific Peoples,Surveyors,0,number,Number of people,
2018,Trainees,Ethnic group,Asian,Surveyors,5,number,Number of people,
2018,Trainees,Ethnic group,MELAA,Surveyors,0,number,Number of people,
2018,Trainees,Ethnic group,Other,Surveyors,0,number,Number of people,
2018,Trainees,Ethnic group,Total,Surveyors,35,number,Number of people,
2018,Trainees,Gender,Male,Surveyors,35,number,Number of people,
2018,Trainees,Gender,Female,Surveyors,5,number,Number of people,
2018,Trainees,Age group,*-19,Surveyors,0,number,Number of people,
2018,Trainees,Age group,20-29,Surveyors,20,number,Number of people,
2018,Trainees,Age group,30-39,Surveyors,15,number,Number of people,
2018,Trainees,Age group,40-49,Surveyors,5,number,Number of people,
2018,Trainees,Age group,50+,Surveyors,0,number,Number of people,
2018,Trainees,Ethnic group,European,Telecommunications Professionals,25,number,Number of people,
2018,Trainees,Ethnic group,Māori,Telecommunications Professionals,5,number,Number of people,
2018,Trainees,Ethnic group,Pacific Peoples,Telecommunications Professionals,10,number,Number of people,
2018,Trainees,Ethnic group,Asian,Telecommunications Professionals,10,number,Number of people,
2018,Trainees,Ethnic group,MELAA,Telecommunications Professionals,5,number,Number of people,
2018,Trainees,Ethnic group,Other,Telecommunications Professionals,5,number,Number of people,
2018,Trainees,Ethnic group,Total,Telecommunications Professionals,55,number,Number of people,
2018,Trainees,Gender,Male,Telecommunications Professionals,50,number,Number of people,
2018,Trainees,Gender,Female,Telecommunications Professionals,0,number,Number of people,
2018,Trainees,Age group,*-19,Telecommunications Professionals,0,number,Number of people,
2018,Trainees,Age group,20-29,Telecommunications Professionals,35,number,Number of people,
2018,Trainees,Age group,30-39,Telecommunications Professionals,15,number,Number of people,
2018,Trainees,Age group,40-49,Telecommunications Professionals,5,number,Number of people,
2018,Trainees,Age group,50+,Telecommunications Professionals,0,number,Number of people,
2018,Trainees,Ethnic group,European,"Transport, Freight, Distribution & Driving Professionals",310,number,Number of people,
2018,Trainees,Ethnic group,Māori,"Transport, Freight, Distribution & Driving Professionals",105,number,Number of people,
2018,Trainees,Ethnic group,Pacific Peoples,"Transport, Freight, Distribution & Driving Professionals",80,number,Number of people,
2018,Trainees,Ethnic group,Asian,"Transport, Freight, Distribution & Driving Professionals",50,number,Number of people,
2018,Trainees,Ethnic group,MELAA,"Transport, Freight, Distribution & Driving Professionals",5,number,Number of people,
2018,Trainees,Ethnic group,Other,"Transport, Freight, Distribution & Driving Professionals",5,number,Number of people,
2018,Trainees,Ethnic group,Total,"Transport, Freight, Distribution & Driving Professionals",535,number,Number of people,
2018,Trainees,Gender,Male,"Transport, Freight, Distribution & Driving Professionals",430,number,Number of people,
2018,Trainees,Gender,Female,"Transport, Freight, Distribution & Driving Professionals",100,number,Number of people,
2018,Trainees,Age group,*-19,"Transport, Freight, Distribution & Driving Professionals",5,number,Number of people,
2018,Trainees,Age group,20-29,"Transport, Freight, Distribution & Driving Professionals",120,number,Number of people,
2018,Trainees,Age group,30-39,"Transport, Freight, Distribution & Driving Professionals",130,number,Number of people,
2018,Trainees,Age group,40-49,"Transport, Freight, Distribution & Driving Professionals",145,number,Number of people,
2018,Trainees,Age group,50+,"Transport, Freight, Distribution & Driving Professionals",135,number,Number of people,
2018,Trainees,Ethnic group,European,Water Treatment and Reticulation Professionals,590,number,Number of people,
2018,Trainees,Ethnic group,Māori,Water Treatment and Reticulation Professionals,155,number,Number of people,
2018,Trainees,Ethnic group,Pacific Peoples,Water Treatment and Reticulation Professionals,60,number,Number of people,
2018,Trainees,Ethnic group,Asian,Water Treatment and Reticulation Professionals,25,number,Number of people,
2018,Trainees,Ethnic group,MELAA,Water Treatment and Reticulation Professionals,20,number,Number of people,
2018,Trainees,Ethnic group,Other,Water Treatment and Reticulation Professionals,5,number,Number of people,
2018,Trainees,Ethnic group,Total,Water Treatment and Reticulation Professionals,795,number,Number of people,
2018,Trainees,Gender,Male,Water Treatment and Reticulation Professionals,620,number,Number of people,
2018,Trainees,Gender,Female,Water Treatment and Reticulation Professionals,155,number,Number of people,
2018,Trainees,Age group,*-19,Water Treatment and Reticulation Professionals,60,number,Number of people,
2018,Trainees,Age group,20-29,Water Treatment and Reticulation Professionals,225,number,Number of people,
2018,Trainees,Age group,30-39,Water Treatment and Reticulation Professionals,210,number,Number of people,
2018,Trainees,Age group,40-49,Water Treatment and Reticulation Professionals,180,number,Number of people,
2018,Trainees,Age group,50+,Water Treatment and Reticulation Professionals,120,number,Number of people,
2018,Trainees,Ethnic group,European,Wood Manufacturing Professionals,270,number,Number of people,
2018,Trainees,Ethnic group,Māori,Wood Manufacturing Professionals,255,number,Number of people,
2018,Trainees,Ethnic group,Pacific Peoples,Wood Manufacturing Professionals,55,number,Number of people,
2018,Trainees,Ethnic group,Asian,Wood Manufacturing Professionals,50,number,Number of people,
2018,Trainees,Ethnic group,MELAA,Wood Manufacturing Professionals,0,number,Number of people,
2018,Trainees,Ethnic group,Other,Wood Manufacturing Professionals,10,number,Number of people,
2018,Trainees,Ethnic group,Total,Wood Manufacturing Professionals,675,number,Number of people,
2018,Trainees,Gender,Male,Wood Manufacturing Professionals,615,number,Number of people,
2018,Trainees,Gender,Female,Wood Manufacturing Professionals,55,number,Number of people,
2018,Trainees,Age group,*-19,Wood Manufacturing Professionals,35,number,Number of people,
2018,Trainees,Age group,20-29,Wood Manufacturing Professionals,265,number,Number of people,
2018,Trainees,Age group,30-39,Wood Manufacturing Professionals,145,number,Number of people,
2018,Trainees,Age group,40-49,Wood Manufacturing Professionals,145,number,Number of people,
2018,Trainees,Age group,50+,Wood Manufacturing Professionals,85,number,Number of people,
2018,Trainees,Ethnic group,European,Workplace Health & Safety - Generic,1720,number,Number of people,
2018,Trainees,Ethnic group,Māori,Workplace Health & Safety - Generic,505,number,Number of people,
2018,Trainees,Ethnic group,Pacific Peoples,Workplace Health & Safety - Generic,425,number,Number of people,
2018,Trainees,Ethnic group,Asian,Workplace Health & Safety - Generic,805,number,Number of people,
2018,Trainees,Ethnic group,MELAA,Workplace Health & Safety - Generic,75,number,Number of people,
2018,Trainees,Ethnic group,Other,Workplace Health & Safety - Generic,75,number,Number of people,
2018,Trainees,Ethnic group,Total,Workplace Health & Safety - Generic,3475,number,Number of people,
2018,Trainees,Gender,Male,Workplace Health & Safety - Generic,850,number,Number of people,
2018,Trainees,Gender,Female,Workplace Health & Safety - Generic,2620,number,Number of people,
2018,Trainees,Age group,*-19,Workplace Health & Safety - Generic,55,number,Number of people,
2018,Trainees,Age group,20-29,Workplace Health & Safety - Generic,660,number,Number of people,
2018,Trainees,Age group,30-39,Workplace Health & Safety - Generic,880,number,Number of people,
2018,Trainees,Age group,40-49,Workplace Health & Safety - Generic,885,number,Number of people,
2018,Trainees,Age group,50+,Workplace Health & Safety - Generic,995,number,Number of people,
2018,Trainees,Ethnic group,European,Total,47575,number,Number of people,
2018,Trainees,Ethnic group,Māori,Total,16355,number,Number of people,
2018,Trainees,Ethnic group,Pacific Peoples,Total,8480,number,Number of people,
2018,Trainees,Ethnic group,Asian,Total,12770,number,Number of people,
2018,Trainees,Ethnic group,MELAA,Total,1725,number,Number of people,
2018,Trainees,Ethnic group,Other,Total,1805,number,Number of people,
2018,Trainees,Ethnic group,Total,Total,87970,number,Number of people,
2018,Trainees,Gender,Male,Total,45770,number,Number of people,
2018,Trainees,Gender,Female,Total,41850,number,Number of people,
2018,Trainees,Age group,*-19,Total,6925,number,Number of people,
2018,Trainees,Age group,20-29,Total,30560,number,Number of people,
2018,Trainees,Age group,30-39,Total,19530,number,Number of people,
2018,Trainees,Age group,40-49,Total,15360,number,Number of people,
2018,Trainees,Age group,50+,Total,15595,number,Number of people,
