X,Y,OBJECTID,TYPE,Location,GlobalID,Facility,Description,NeedsChecking,SubType,PopUp,created_user,created_date,last_edited_user,last_edited_date,Shape
1772590.207,5444760.728,1,,Ward/Miro Green Area,{8C9EA6FD-E727-44FF-B1D0-7CAC0B36D3F0},Playground,,,,Playground,,,LCARTER,2023/11/16 00:12:19+00,
1770560.8256,5444568.165,2,,Trentham Memorial Park,{066640DF-330C-4FD9-9F31-4790D6E13564},Playground,,,,Playground,,,,,
1771100.8334,5444095.2931,3,,Tawai Park,{C25C4ECA-9926-48F5-8FBF-EC4554859A31},Playground,,,,Playground,,,,,
1768986.5515,5442743.496,4,,Silverstream Park,{AAB34E5B-8F4A-442F-8206-135C7E730AA2},Playground,,,,Playground,,,,,
1774881.2672,5446214.7822,5,,Benge Park,{2B121631-8C68-4C4B-8975-B93FF45B350B},Playground,,,,Playground,,,,,
1777203.4577,5448339.4987,6,,Birchville Park,{0EA61E1E-F079-4AE9-9DB8-283A20D203E2},Playground,,,,Playground,,,,,
1771225.1455,5446393.0304,7,,Craigs Flat Reserve,{77E40B18-43E2-4DF0-9039-F019817B0A9A},Playground,,,,Playground,,,,,
1769040.8451,5443593.9077,8,,Heretaunga Park,{270CF788-42DA-44FE-9F07-D3876BAC4164},Playground,,,,Playground,,,,,
1776019.4567,5446892.8003,9,,Te Haukāretu Park,{D9F4A16C-B191-4513-BC58-EBD281235466},Playground,,,,Playground,,,,,
1779037.5252,5448609.0805,10,,Plateau Road Play Area,{45BE9009-C977-4404-B30A-D0A9B2600773},Playground,,,,Playground,,,,,
1780315.4961,5448232.923,11,,Upper Plateu Park,{FBDBD98E-BF41-4865-933F-973592B0E612},Playground,,,,Playground,,,,,
1776395.4416,5448736.734,12,,Rātā Park,{1E0F7A07-B18A-49C5-B6E3-65C01D506F33},Playground,,,,Playground,,,LCARTER,2023/11/22 21:14:57+00,
1776754.0738,5447517.9039,13,,Speargrass Park,{D07BB7F3-9C1D-4D82-8CA8-B1D1ACAE5A1A},Playground,,,,Playground,,,LCARTER,2024/08/30 03:39:43+00,
1776748.1162,5447266.922,14,,Timberlea Park,{7B041EC8-C71B-4538-B926-FDEB9B8DAB7C},Playground,,,,Playground,,,,,
1773566.5474,5446210.8359,15,,Riverbank Park,{C0B5AB5D-A803-4086-88F1-69E7B2CAB029},Playground,,,,Playground,,,,,
1776732.1447,5447267.3684,16,Basketball Half Court,Timberlea Park,{D95EB7FE-C60C-4869-85ED-5EA32663B73D},Sport & Recreation,Hoop on Basketball Half court,,Hoop,Basketball Half Court,,,,,
1776765.8424,5447231.6106,17,Basketball Full Court,Timberlea Park,{828FAC63-6C77-44A9-812D-03FE5F6FC22C},Sport & Recreation,,,,Basketball Full Court,,,,,
1772464.8013,5446034.0046,18,,McLeod Street Play Area,{57EFB5E6-B52C-461C-A25B-0CD1ACA478B0},Playground,,,,Playground,,,,,
1771056.3277,5445558.8555,19,,Moonshine Park,{91F38D4C-C71D-45A0-91F7-274F86B20EBC},Playground,,,,Playground,,,,,
1773986.7905,5445100.8873,20,,Maidstone Max,{46C8111D-A139-41DF-B0E8-A871846D4710},Playground,,,,Playground,,,LCARTER,2024/08/30 03:16:14+00,
1770344.3167,5443139.5534,21,,Pinehill Reserve,{0B71A1CA-5A36-4CF0-8CDC-59BC8C46274D},Playground,,,,Playground,,,,,
1770449.6661,5440002.341,22,,Avian Park,{1192B7CB-619B-4CCB-BFE9-CC0B7BC44FF3},Playground,,,,Playground,,,,,
1770441.7821,5440027.5411,23,Tennis Court,Avian Park,{5639AA3F-EF1F-4167-9262-6862AE5AFEC4},Sport & Recreation,,,,Tennis Court,,,,,
1775219.4103,5447478.562,24,,California Park,{B5FB145D-FC2A-47E4-B436-9641DBCA0A77},Playground,,,,Playground,,,,,
1775315.2337,5447546.2286,25,Basketball Half Court,California Park,{3ADAA47C-4A3C-4C44-AAA7-FBFD412ECDC6},Sport & Recreation,Basketball Hoop,,Hoop,Basketball Half Court,,,,,
1768784.3831,5442427.2154,26,,Dunns Park,{44CE3272-D5F3-43ED-A2DD-BC54183F4E47},Playground,,,,Playground,,,,,
1776930.2983,5448920.7202,27,,Edmund Lomas Park,{D686E4CB-AC98-4A4A-8964-C6BC9A62AFD0},Playground,,,,Playground,,,,,
1775738.6652,5447746.5967,28,Bike Track,Harcourt Park,{D9560D57-1576-4127-B770-2A64E4AFF463},Sport & Recreation,,,,Bike Track,,,,,
1775918.1088,5447708.0355,29,Junior,Harcourt Park,{C307D2E5-20C4-457D-8279-ADB08C17448A},Playground,,,,Playground,,,,,
1775916.1842,5447776.4865,30,Senior,Harcourt Park,{C6FB1DDD-AFE8-4009-8408-D82F1AADC6C3},Playground,,,,Playground,,,,,
1774032.0483,5445140.1457,31,Skate Bowl,Maidstone Max,{47F7DB3A-BEF5-4A3D-8011-F1AA1A56F1B4},Sport & Recreation,,,,Skate Bowl,,,,,
1775274.497,5446377.9813,32,,Māoribank Park,{802DFDE2-AFD5-4F03-92CA-093D4B796E5D},Playground,,,,Playground,,,LCARTER,2023/11/22 21:14:57+00,
1775901.5262,5447675.568,33,Paddling Pool,Harcourt Park,{6F19EE7D-7234-4818-A0DE-09A6D44325D5},Water Feature,Paddling pool,,,Paddling Pool,,,,,
1768900.1493,5441550.6037,34,,Pinehaven Library Reserve,{89626F3E-14F5-43F3-8412-33E2D9047CBE},Playground,,,,Playground,,,,,
1769033.3791,5441476.0317,35,,Pinehaven Reserve,{8ADAE1B9-8CD4-4CD2-872E-26626D27640D},Playground,,,,Playground,,,,,
1776708.8903,5447523.6326,36,Skate Bowl,Speargrass Park,{C997A00E-2DBF-45E5-A903-3D707D622FA5},Sport & Recreation,,,,Skate Bowl,,,,,
1774762.6206,5446956.9686,37,,Turon Park,{D1CBA52F-B938-4A7E-A3AE-46F06662FD32},Playground,,,,Playground,,,,,
1770582.9539,5444580.9251,38,Water Play,Trentham Memorial Park,{BE10FA36-6D0A-4DFA-B7EF-0B6DCDCF26DF},Water Feature,Activator for right Water Feature,,,Water Play,,,,,
1770165.6923,5444436.6855,39,,Trentham Memorial Park,{519768EC-EF2D-4F95-8181-6DAE35AC5324},Drinking Fountain,Drinking Fountain by Noticeboard at end of Barton Rd Carpark,,,Drinking Fountain,,,,,
1770648.2519,5444516.6067,40,,Trentham Memorial Park,{5939657D-33DA-4607-8F7D-5C33999C6A55},Drinking Fountain,Drinking Fountain in front of Brentwood Changing Rooms,,,Drinking Fountain,,,,,
1770564.0969,5444552.6563,41,,Trentham Memorial Park,{D33172DE-051B-4D65-8CF0-6542A649C6FC},Drinking Fountain,"Drinking Fountain faucet, bottle filler and Dog Bowl next to Playground",,,Drinking Fountain,,,LCARTER,2023/11/26 23:48:29+00,
1769982.5711,5444869.3373,42,Timber,Trentham Memorial Park,{E09E841F-3C25-408B-B6FB-17776E1B805D},Picnic Table,Timber Picnic Table and Seat with boulder in steel cage legs standing on concrete pad,,,Picnic Table,,,,,
1770565.8233,5444590.7289,43,Timber,Trentham Memorial Park,{B9D65162-C7B3-4DEA-9B30-D28096137872},Picnic Table,Painted metal with timber seats & top on concrete pad (playground area),,,Picnic Table,,,LCARTER,2023/11/26 23:48:29+00,
1770464.3539,5444187.6307,44,Timber,Trentham Memorial Park,{ABB8F5DF-15E8-4034-B1F6-53D2B8677304},Picnic Table,Painted metal with timber seats & top on concrete pad (Domain bush near entrance closest to Fergusson Drive),,,Picnic Table,,,,,
1770477.6965,5444374.7731,45,Timber,Trentham Memorial Park,{C9B919FF-37A2-41A6-BCAD-32962399DAF8},Picnic Table,Painted metal with timber seats & top on concrete pad (picnic area adjacent to Domain Bush),,,Picnic Table,,,,,
1770193.5121,5444885.3231,46,Timber,Trentham Memorial Park,{6C2F5641-0F3C-4AC1-9276-884722704728},Picnic Table,Painted metal with timber seats & top on concrete pad (river side Bartons Bush near Moonshine-Moehau border),,,Picnic Table,,,,,
1770574.2171,5444583.5967,47,Timber,Trentham Memorial Park,{AF978284-53D7-4AD4-B333-524AE60119EA},Picnic Table,Picnic Table on concrete pad between playground and water features,,,Picnic Table,,,,,
1770453.8831,5444594.5551,48,Timber,Trentham Memorial Park,{488A33B7-C5AB-47D9-918C-0C63FC6E602E},Picnic Table,Parklands Setting - Brunswick Green Table mounted on concrete pad,,,Picnic Table,,,,,
1770474.1381,5444640.7077,49,Timber,Trentham Memorial Park,{1CA0E4BA-FC4F-476A-9E3C-4BD165D5C9D3},Picnic Table,Parklands Setting - Brunswick Green Table,,,Picnic Table,,,,,
1770562.6271,5444545.1693,50,Recycled Plastic,Trentham Memorial Park,{3B2C9D48-738B-49D9-94CD-6A7D4FA1F71C},Picnic Table,Premier Slimline Picnic Setting under Shelter next to Playground,,,Picnic Table,,,LCARTER,2024/08/30 03:51:24+00,
1770149.4291,5444968.5715,51,Timber,Moonshine Park,{566F29E8-1575-4B7F-A225-DA067DB11592},Picnic Table,Picnic Table and Seats mounted on concrete pad - Southern end of Park,,,Picnic Table,,,,,
1770563.4379,5444543.3576,52,Electric,Trentham Memorial Park,{1A3D4845-CEAC-4FF1-8E17-32F6A30ED8C0},BBQ,Brickwork Bench BBQ Kit with Fat Collection Tray-Baffled,,,BBQ,,,LCARTER,2024/08/30 03:51:24+00,
1775889.2829,5447720.4466,53,,Harcourt Park,{4986DFC0-6CE9-4BBF-A1CF-CD61E62A776A},BBQ,Christie park safe BBQ,,,BBQ,,,LCARTER,2024/08/30 03:05:46+00,
1775761.8057,5447680.9647,54,,Harcourt Park,{0E5CA8DB-575E-42E8-B0F6-66A9354234BC},BBQ,Christie park safe BBQ,,,BBQ,,,,,
1775887.6263,5447759.7648,55,,Harcourt Park,{44A88556-7989-4631-A32E-7A8F38FFF244},BBQ,Christie park safe BBQ,,,BBQ,,,LCARTER,2024/08/30 01:34:16+00,
1773964.5915,5445077.2537,56,Electric,Maidstone Max,{12DB1F08-4BC9-4A23-A71A-B1B356A54E93},BBQ,Electric BBQ under shelter,,,BBQ,,,,,
1773938.2739,5445086.3977,57,Electric,Maidstone Max,{F67E6EFA-4ACD-4116-9BF4-325FC5AF59B0},BBQ,Electric BBQ under Shelter,,,BBQ,,,LCARTER,2024/08/30 03:16:14+00,
1774041.4675,5445121.4353,58,Electric,Maidstone Max,{4C07D230-42A8-4819-8670-E02AA851FC2F},BBQ,Electric BBQ under Shelter by Skate Park,,,BBQ,,,,,
1777191.5311,5448348.1533,59,Timber,Birchville Park,{7638626B-A9EB-4C5B-98B5-6C2F3053657B},Picnic Table,"Picnic table, painted steel base and timber top and seats",,,Picnic Table,,,,,
1780307.8118,5448238.2579,60,Timber,Upper Plateu Park,{5A3834BA-3AAA-43DA-A1F0-C1E77761BEB0},Picnic Table,"Painted steel frame, timber seats and top mounted on concrete pad",,,Picnic Table,,,,,
1774760.0589,5446966.1356,61,Timber,Turon Park,{B16E4F4A-66C8-4F70-BC67-3BB5091D5B57},Picnic Table,Picnic table steel frame timber top and seats,,,Picnic Table,,,,,
1775915.4757,5447750.1202,62,Timber,Harcourt Park,{561AFD44-9599-4211-821B-EE089CAB81B6},Picnic Table,Picnic table,,,Picnic Table,,,,,
1776773.3454,5447263.7857,63,Timber,Timberlea Park,{14D053E2-7D34-4CA4-882B-26D657E1C83F},Picnic Table,Picnic Table  with seats by Community Hall,,,Picnic Table,,,,,
1775930.8145,5447768.9069,64,Timber,Harcourt Park,{D47605A2-7BDB-457A-8227-6D27895CB7B3},Picnic Table,Picnic table,,,Picnic Table,,,,,
1775893.4118,5447717.3574,65,Timber,Harcourt Park,{DE391492-1DEC-4D7B-B154-CBFF8FD273C8},Picnic Table,Picnic table,,,Picnic Table,,,LCARTER,2024/08/30 03:05:46+00,
1775906.1589,5447690.3571,66,Timber,Harcourt Park,{FF892A66-9D88-4B91-8580-7E67F8916C38},Picnic Table,Picnic table paddling pool area,,,Picnic Table,,,,,
1775885.6271,5447665.0629,67,Timber,Harcourt Park,{2D2FAD34-262D-4844-90A7-AD0A33025733},Picnic Table,Table in paddling pool area,,,Picnic Table,,,,,
1775760.8551,5447683.6511,68,Timber,Harcourt Park,{98F2E06F-E956-4A05-B4AB-1246B1571698},Picnic Table,Picnic table,,,Picnic Table,,,,,
1775739.0916,5447668.5579,69,Timber,Harcourt Park,{4F13ECC9-DC5C-4148-858A-3F1641F676D5},Picnic Table,Picnic table,,,Picnic Table,,,,,
1775772.7161,5447717.1315,70,Timber,Harcourt Park,{2DA09583-5CBC-4B31-A0B3-5D8288B6497D},Picnic Table,picnic table,,,Picnic Table,,,,,
1775814.9171,5447729.8315,71,Timber,Harcourt Park,{39A280EF-21E0-4098-ABC7-3B1B28D834D3},Picnic Table,Picnic table,,,Picnic Table,,,,,
1775912.4598,5447871.1752,72,Timber,Harcourt Park,{F14D4325-8C50-4115-ACE4-D8F1E285EB7C},Picnic Table,Picnic table,,,Picnic Table,,,,,
1776923.7745,5448912.5983,73,Timber,Edmund Lomas Park,{95087D9D-5F12-41F2-AAD4-D721BE923EB6},Picnic Table,Picnic table steel frame timber top and seats black green frame mounted on concrete pad,,,Picnic Table,,,LCARTER,2023/11/26 23:48:29+00,
1775913.7226,5447664.0212,74,Timber,Harcourt Park,{DA3FA4EA-B0CD-446A-9E38-D15CF1D319CE},Picnic Table,Picnic table paddling pool area,,,Picnic Table,,,,,
1775226.5079,5447469.5447,75,Timber,California Park,{B6C29C9E-289E-4ECA-A866-55E4A80F41A6},Picnic Table,"Picnic Table by playground, timber top and seats, steel frame under trees",,,Picnic Table,,,LCARTER,2023/11/26 23:48:29+00,
1775883.36,5447708.6524,76,Timber,Harcourt Park,{BC4A48C7-DD19-4990-81BC-CBFB58FCBC9C},Picnic Table,Picnic table,,,Picnic Table,,,,,
1775914.5268,5447823.7898,77,Timber,Harcourt Park,{DA9E5122-14CB-4EB6-85D6-E00ED22B8C85},Picnic Table,Picnic table,,,Picnic Table,,,,,
1775785.0829,5447624.5487,78,Timber,Harcourt Park,{F27CD999-F299-47BD-87D8-736387BE4996},Picnic Table,Picnic table,,,Picnic Table,,,,,
1775710.7647,5447658.4547,79,Timber,Harcourt Park,{55470CDC-1692-4A24-9AD5-9E720DD21111},Picnic Table,Picnic table,,,Picnic Table,,,,,
1775714.1225,5447685.5525,80,Timber,Harcourt Park,{4486BBBF-17AF-4375-B233-7EBC801E9C4B},Picnic Table,Picnic table,,,Picnic Table,,,,,
1776191.4877,5448951.0139,81,Timber,Birchville Picnic Area,{5B66E069-374E-4E90-A86E-D386EAF3BD9F},Picnic Table,Picnic Table - steel with timber seats - not painted mounted into concrete pad,,,Picnic Table,,,LCARTER,2023/11/26 23:48:29+00,
1776172.0529,5448925.9195,82,Timber,Birchville Picnic Area,{D22A94CD-634E-4405-8506-B5F0729F9FE9},Picnic Table,Picnic Table - steel with timber seats - not painted mounted into concrete pad,,,Picnic Table,,,,,
1775919.8379,5446912.2997,83,Timber,Te Haukāretu Park,{61BBC801-73FB-40CA-9B3C-2394490C244F},Picnic Table,Picnic Table between roadway and river,,,Picnic Table,,,,,
1775947.908,5446905.1881,84,Timber,Te Haukāretu Park,{05EFAAD5-1F5E-4E1F-BFE9-DB07454CB8C4},Picnic Table,Picnic Table mounted on concrete pad,,,Picnic Table,,,,,
1776031.5817,5446888.4788,85,Recycled Plastic,Te Haukāretu Park,{26620F9B-B182-4747-A504-D574922D814C},Picnic Table,Picnic Table mounted on concrete pad,,,Picnic Table,,,,,
1775971.6521,5446843.3809,86,Timber,Te Haukāretu Park,{1DCC6A01-8E4C-469D-A087-94E1B3962FB3},Picnic Table,Picnic Table on concrete pad by trees,,,Picnic Table,,,,,
1775724.3701,5447761.3585,87,Timber,Harcourt Park,{715250FB-353C-4DB6-9805-994169F1C5D8},Picnic Table,,,,Picnic Table,,,,,
1775902.4412,5447837.8104,88,Timber,Harcourt Park,{8E4AD9B9-C06D-4098-8E8D-5CE06EB27BC0},Picnic Table,,,,Picnic Table,,,,,
1775681.6926,5447730.5773,89,Timber,Harcourt Park,{F58E2E7B-FA45-497A-8AFF-F627F0384C95},Picnic Table,By Hutt River Trail,,,Picnic Table,,,,,
1775962.0293,5446896.6339,90,Timber,Te Haukāretu Park,{24A129CA-EF99-488A-8BE0-4FFD2036F21A},Picnic Table,Picnic Table with 2 x separate seats,,,Picnic Table,,,,,
1777420.8702,5452279.4888,91,Timber,Karapoti Reserve,{E02E00ED-D1B3-4AF5-9703-DA02C4112F81},Picnic Table,Wooden Picnic table mounted on concrete pad,,,Picnic Table,,,,,
1777393.6277,5452201.8416,92,Timber,Karapoti Reserve,{82AE68CD-8CDA-446B-94B1-D8D9DFA7299F},Picnic Table,Wooden Picnic table mounted on concrete pad,,,Picnic Table,,,LCARTER,2023/11/26 23:48:29+00,
1776216.781,5449044.9431,93,Recycled Plastic,Birchville Picnic Area,{B5C885CE-95A2-4EE6-B0C9-EF7AA745664C},Picnic Table,Recycled Plastic Picnic Table down by river,,,Picnic Table,,,,,
1776210.4013,5449027.9403,94,Recycled Plastic,Birchville Picnic Area,{A207A5FB-72E5-45A1-8C58-2538C5CCB39A},Picnic Table,Recycled Plastic Picnic Table down by river mounted on concrete pad,,,Picnic Table,,,,,
1779040.9283,5448599.4815,95,Timber,Plateau Road Play Area,{A15B95A2-936E-4C2B-B178-E3ECF000A6BE},Picnic Table,Parklands Setting - Brunswick Green table mounted on concrete pad,,,Picnic Table,,,,,
1775223.8211,5447492.2914,96,Timber,California Park,{0C679B8D-4C25-4BEE-A0F1-D09C88F0B623},Picnic Table,Premier Picnic Setting -3 leg SF 400 x 40 Brown Table Top,,,Picnic Table,,,LCARTER,2024/08/30 00:43:37+00,
1775889.1222,5447690.4782,97,,Harcourt Park,{F05CC4F8-7755-4FAF-8D50-056FA36D098B},Picnic Table,Picnic table paddling pool area,,,Picnic Table,,,,,
1776188.4691,5448946.3235,98,Tea Rotunda,Birchville Picnic Area,{6D750EB3-1215-4556-AD42-55F310EA88B2},Shelter,Tea Rotunda,,,Tea Rotunda,,,LCARTER,2023/10/31 02:02:33+00,
1775776.6741,5447657.0925,99,,Harcourt Park,{07E6C9E5-D920-4DE9-8126-57A3E768DF95},Sound Stage,Sound stage,,,Sound Stage,,,,,
1774890.7292,5446197.8171,100,Tilley Tilt,Benge Park,{883010A8-623B-4447-B417-5ECEE822A51A},Rubbish Bin,Tilly tilt unstained,,,Rubbish Bin,,,LCARTER,2024/08/30 00:39:07+00,
1774895.9949,5446202.6397,101,Timber,Benge Park,{B1207F6B-E8AB-4AF4-ABB8-9B0071402761},Picnic Table,Picnic table steel frames timber top and seats,,,Picnic Table,,,LCARTER,2024/08/30 00:39:07+00,
1774958.6799,5446242.2467,102,Tilley Tilt,Benge Park,{F3700673-CE5A-4B6E-A882-F058233A18D4},Rubbish Bin,Tilly tilt unstained,,,Rubbish Bin,,,,,
1774970.7215,5446756.0095,103,,Awa Kairangi Park,{F461A687-9822-482B-B553-69767D430E92},Dog Bag Dispenser,Dog Bag Dispenser at intersection of paths next to Rubbish Bin,,,Dog Bag Dispenser,,,LCARTER,2023/11/22 21:14:57+00,
1774971.0751,5446756.2449,104,Tilley Tilt,Awa Kairangi Park,{3EFF9AF0-693D-4F06-B382-82C3A62B6DDC},Rubbish Bin,Tilly Tilt Unstained Rubbish Bin at intersection of paths,,,Rubbish Bin,,,LCARTER,2023/11/22 21:14:57+00,
1767669.0455,5443137.5437,105,Timber,Silverstream Amenity Reserve,{8C826E6F-21DA-4007-896D-FBBFB440BA31},Picnic Table,Picnic table mounted on concrete pad,,,Picnic Table,,,,,
1768969.5071,5442738.6367,106,Timber,Silverstream Park,{45449AD9-B972-4AF6-B461-FBE5CA5FD9A3},Picnic Table,Picnic Table,,,Picnic Table,,,,,
1768966.5793,5442733.8453,107,Tilley Tilt,Silverstream Park,{D09D58DE-C397-43CC-A7DF-F2135118147D},Rubbish Bin,Tilley Tilt stained slat Rubbish Bin,,,Rubbish Bin,,,,,
1779031.5681,5448581.8949,108,Tilley Tilt,Plateau Road Play Area,{F6E6833B-065C-4375-8049-63B7D2B02E35},Rubbish Bin,Wooden Slat Rubbish Bin on concrete pad,,,Rubbish Bin,,,,,
1774577.6131,5447160.2217,109,Timber,Tulsa Park,{557D749F-8A5F-4505-AE6B-81D30594FD96},Picnic Table,"Metal frame painted green, timber top and seats. ",,,Picnic Table,,,,,
1774581.0105,5447169.7249,110,Tilley Tilt,Tulsa Park,{79D9156F-88BC-4902-ABCF-8DFDC855F62F},Rubbish Bin,Standard tilt bin on concrete pad not stained. ,,,Rubbish Bin,,,,,
1773573.2477,5446197.7155,111,Tilley Tilt,Riverbank Park,{47A57706-F08A-42AA-B3AA-E61E9F3FE0B7},Rubbish Bin,Tilly tilt unstained- by playground,,,Rubbish Bin,,,,,
1771030.7226,5445559.1979,112,Timber,Moonshine Park,{6AFC792D-2D18-43FB-945F-24FC873D8AAC},Picnic Table,Painted metal with timber seats & top on concrete pad,,,Picnic Table,,,,,
1770965.6661,5445448.0479,113,Timber,Moonshine Park,{14413D8B-37BC-4292-A2AF-86E0FBE131CA},Picnic Table,Picnic Table and Seats mounted on concrete pad,,,Picnic Table,,,,,
1772580.3955,5444767.5657,114,Timber,Ward/Miro Green Area,{E6FFED2D-46C7-490F-8CEB-7C7F7C8220ED},Picnic Table,Painted metal with timber seats & top on concrete pad,,,Picnic Table,,,LCARTER,2023/11/16 00:12:19+00,
1772585.1863,5444752.9194,115,Tilley Tilt,Ward/Miro Green Area,{73F20CAB-A5E2-4255-BAD8-6AC732A2FEE9},Rubbish Bin,Tilley stained slat bin next to playground,,,Rubbish Bin,,,LCARTER,2023/11/16 00:12:19+00,
1769053.6473,5443607.4731,116,Timber,Heretaunga Park,{6172C672-201F-42B0-A4DD-BF7A6D86820A},Picnic Table,Painted metal with timber seats & top,,,Picnic Table,,,,,
1774067.4404,5445166.6194,117,Timber,Maidstone Park,{EB6DEFB7-D237-482B-99A9-19FF8F4FCDFA},Picnic Table,Maidstone Max area,,,Picnic Table,,,,,
1774144.8899,5445119.1699,118,Timber,Maidstone Park,{3500AE1D-92D9-4EB9-861E-3602389A8E25},Picnic Table,Tree area,,,Picnic Table,,,,,
1774093.8101,5445112.58,119,Timber,Maidstone Park,{F75D937A-ABFA-48E8-BB37-55EAC735B630},Picnic Table,Tree area,,,Picnic Table,,,,,
1774232.7317,5445068.8989,120,Timber,Maidstone Park,{F6589ABB-7FEA-440E-9E12-CAB47833ABFC},Picnic Table,South of changing rooms,,,Picnic Table,,,,,
1774219.6347,5445083.7157,121,Timber,Maidstone Park,{888D5894-6B0C-40EB-954C-CF21941583EF},Picnic Table,South of changing rooms,,,Picnic Table,,,,,
1775893.5225,5447707.0695,122,44 Gallon,Harcourt Park,{6BC60901-D6C8-4F9E-9F00-6C574506DC93},Rubbish Bin,Bin between pool and playgrounds - 44 Galon,,,Rubbish Bin,,,,,
1771225.2779,5446382.2371,123,Tilley Tilt,Craigs Flat Reserve,{B88B7473-721B-47A7-BE14-A1E1E5770A36},Rubbish Bin,Tilly wooden slat tilt bin unstained,,,Rubbish Bin,,,,,
1770571.4909,5444297.5901,124,Tilley Tilt,Trentham Memorial Park,{05B11913-641C-40A4-AF94-1AF5C952AC5A},Rubbish Bin,Tilly tilt unstained Rubbish Bin by Erehwon toilets,,,Rubbish Bin,,,,,
1768795.7807,5442422.0241,125,Tilley Tilt,Dunns Park,{1E8620A6-DEC9-4F5C-AC4E-1C54CE0E09E1},Rubbish Bin,Tilley Tilt Rubbish Bin by path,,,Rubbish Bin,,,,,
1769057.0647,5443610.5329,126,Tilley Tilt,Heretaunga Park,{8A6EB591-26B3-477C-A53D-AA3EF3ECA05D},Rubbish Bin,Tilly tilt unstained (by playground),,,Rubbish Bin,,,,,
1769080.8721,5443615.4284,127,Tilley Tilt,Heretaunga Park,{8DDB5BAC-10DB-46D3-810E-0B41263E0E52},Rubbish Bin,Tilly tilt unstained (by bridge),,,Rubbish Bin,,,,,
1780306.0403,5448241.7529,128,Tilley Tilt,Upper Plateu Park,{50D2A659-7FFE-42C7-AA1E-55C78D2D12A0},Rubbish Bin,Tilley Tilt Rubbish Bin,,,Rubbish Bin,,,,,
1769023.5223,5441712.8013,129,Timber,Pinehaven Reserve,{8E374564-404B-443D-BF90-38380AFE22DF},Picnic Table,Painted metal with timber seats & top on concrete pad,,,Picnic Table,,,,,
1769021.2035,5441706.8413,130,Tilley Tilt,Pinehaven Reserve,{A0E79D4F-E942-4D3D-A6EE-A6668EF2DB9D},Rubbish Bin,Tilly tilt unstained Rubbish Bin,,,Rubbish Bin,,,,,
1775289.4939,5446366.3349,131,Tilley Tilt,Māoribank Park,{9282BBFF-897E-4F37-B682-9A34C77E9EF0},Rubbish Bin,Tilly Tilt Unstained Rubbish Bin,,,Rubbish Bin,,,LCARTER,2023/11/22 21:14:57+00,
1775491.5755,5446482.6545,132,Tilley Tilt,Māoribank Park,{556DA3C5-BDAF-44E3-A115-BC23C3043C6A},Rubbish Bin,Tilly Tilt Unstained Rubbish Bin,,,Rubbish Bin,,,LCARTER,2023/11/22 21:14:57+00,
1775225.1363,5447473.0855,133,Tilley Tilt,California Park,{98B9F76C-A2BE-446E-A66B-C34C6F69688A},Rubbish Bin,Bin by playground - tilly tilt unstained,,,Rubbish Bin,,,,,
1772455.7503,5446026.6601,134,Timber,McLeod Street Play Area,{584E872E-EA0C-44F7-9226-803C7DE9F252},Picnic Table,Steel frame timber seats and top mounted on concrete pad,,,Picnic Table,,,,,
1772464.7333,5446026.2231,135,Tilley Tilt,McLeod Street Play Area,{CE016176-8DD4-4047-9182-BC35C07683F8},Rubbish Bin,Tilly Tilt - unstained Rubbish Bin,,,Rubbish Bin,,,,,
1775910.7332,5447656.3563,136,Tilley Tilt,Harcourt Park,{4523CCDA-A684-4848-ABE3-D87E0A672E5A},Rubbish Bin,Bin in paddling pool area - tilly tilt stained,,,Rubbish Bin,,,,,
1774765.6536,5446963.6052,137,Tilley Tilt,Turon Park,{47F8D84F-924F-4E1F-B201-FDF2EF11C1FF},Rubbish Bin,Tilly tilt stained Rubbish Bin,,,Rubbish Bin,,,,,
1770586.3933,5444543.7585,138,Tilley Tilt,Trentham Memorial Park,{B2F51BCB-AC16-421E-9F8A-0F98113046E1},Rubbish Bin,"Playground Area by dippy disk, tilly tilt stained",,,Rubbish Bin,,,,,
1770656.5702,5444496.4213,139,Tilley Tilt,Trentham Memorial Park,{ED28E937-1139-4314-BCDF-D38B8A8F37E5},Rubbish Bin,Tilley Tilt Rubbish Bin outside Brentwood Changing Rooms,,,Rubbish Bin,,,,,
1770504.6516,5444832.3866,140,Tilley Tilt,Trentham Memorial Park,{9AF921CA-5F55-4D50-8601-9E5149A7BD0A},Rubbish Bin,Tilly tilt unstained (Holdsworth entrance by the entry to Bartons Bush) mounted in concrete pad,,,Rubbish Bin,,,,,
1769042.1323,5442435.9069,141,Tilley Tilt,Willow Park,{58DA4D49-F5F8-415F-A3AE-BF3B526AAA33},Rubbish Bin,Unstained Rubbish Bin,,,Rubbish Bin,,,,,
1776772.2833,5447266.0841,142,Tilley Tilt,Timberlea Park,{10EB3540-6D78-4045-934D-8099D161B806},Rubbish Bin,Tilley Tilt Rubbish Bin by Community Hall,,,Rubbish Bin,,,,,
1776740.8541,5447278.2007,143,Tilley Tilt,Timberlea Park,{DFB17AED-AE8C-4F62-B641-441649290512},Rubbish Bin,Tilley Tilt Rubbish Bin by playground - unstained mounted on path,,,Rubbish Bin,,,,,
1775351.2385,5446457.0809,144,Tilley Tilt,Māoribank Park,{0C8446DD-E2F2-4A19-BECA-085222302A60},Rubbish Bin,Tilly Tilt Unstained Rubbish Bin,,,Rubbish Bin,,,LCARTER,2023/11/22 21:14:57+00,
1775290.4439,5446365.9185,145,,Māoribank Park,{7F84822E-FD21-42D7-B9CD-6421F6066279},Dog Bag Dispenser,Dog bag dispenser,,,Dog Bag Dispenser,,,LCARTER,2023/11/22 21:14:57+00,
1770258.1271,5444303.9043,146,Tilley Tilt,Trentham Memorial Park,{66CD0072-7D1B-409E-A61D-ACF9585425BF},Rubbish Bin,Tilly tilt unstained Rubbish Bin by Barton Rd carpark,,,Rubbish Bin,,,,,
1770580.434,5444585.1096,147,Tilley Tilt,Trentham Memorial Park,{8B0A57B5-45F0-49A5-9D45-EED393F2C07A},Rubbish Bin,Tilly tilt stained rubbish bin behind Water Feature,,,Rubbish Bin,,,,,
1774835.7643,5446648.4889,148,Tilley Tilt,Awa Kairangi Park,{77754EC3-FC6E-40FB-90FB-68C93FCC44C1},Rubbish Bin,Tilly Tilt Unstained Rubbish Bin in car park,,,Rubbish Bin,,,LCARTER,2023/11/22 21:14:57+00,
1767666.7929,5443135.8411,149,Paramount Tilt,Silverstream Amenity Reserve,{55FD135B-61DB-4722-AF38-551E4B439631},Rubbish Bin,Paramount Tilt Rubbish Bin,,,Rubbish Bin,,,,,
1775411.0959,5447562.4683,150,Tilley Tilt,California Park,{BEA1DBBE-661D-483E-AAEF-1DE995663A64},Rubbish Bin,Tilly Tilt unstained by path with Dog Dispenser,,,Rubbish Bin,,,,,
1771029.0401,5445553.1371,151,Tilley Tilt,Moonshine Park,{FED13F05-5071-4DD2-A458-0361BC855671},Rubbish Bin,Tilly tilt stained Rubbish Bin,,,Rubbish Bin,,,,,
1770986.8219,5445530.6425,152,,Moonshine Park,{8532969C-4120-451E-8C01-0199D1FAE087},Dog Bag Dispenser,Dog bag dispenser,,,Dog Bag Dispenser,,,,,
1770810.7803,5445338.8827,153,Tilley Tilt,Moonshine Park,{AC3BE5CF-F3EB-4DD5-841E-A3A8115C42E1},Rubbish Bin,Tilly tilt stained Rubbish Bin,,,Rubbish Bin,,,,,
1775881.8291,5447666.9167,154,Tilley Tilt,Harcourt Park,{48276154-8C7E-4F82-93FC-4E3FE639466E},Rubbish Bin,Bin in paddling pool area - tilly tilt stained,,,Rubbish Bin,,,,,
1775918.8787,5447677.4797,155,Tilley Tilt,Harcourt Park,{E40ED5DE-A1ED-42D3-A947-B0F9CBEFD878},Rubbish Bin,Bin in paddling pool area - tilly tilt stained,,,Rubbish Bin,,,,,
1775905.1957,5447695.3849,156,Tilley Tilt,Harcourt Park,{718A4AF7-B15A-46AD-9546-57E64695FCAD},Rubbish Bin,Bin in paddling pool area - tilly tilt stained,,,Rubbish Bin,,,,,
1773595.7317,5446236.1436,157,Tilley Tilt,Pine Avenue Park,{C9DD7865-0E65-4ABB-A3AE-6CAB75C2540F},Rubbish Bin,Tilly tilt unstained Rubbish Bin at end of carpark,,,Rubbish Bin,,,,,
1775930.5641,5447712.0965,158,Tilley Tilt,Harcourt Park,{5DF7226C-102E-44E0-A1E3-8C9396B573BB},Rubbish Bin,Bin by junior playground - tilly tilt unstained,,,Rubbish Bin,,,,,
1775905.3535,5447753.0572,159,Tilley Tilt,Harcourt Park,{35CD5FDE-C578-46C6-8D3C-A58036EC8BDF},Rubbish Bin,Bin by senior playground - tilly tilt stained,,,Rubbish Bin,,,,,
1775946.4529,5447792.1083,160,Tilley Tilt,Harcourt Park,{2393CC41-63C6-416C-9D0E-8F029285D41E},Rubbish Bin,Bin by senior playground - unstained,,,Rubbish Bin,,,,,
1775892.4769,5447785.2381,161,Tilley Tilt,Harcourt Park,{FB8F4A6A-520A-4127-9F72-F0420B938A1A},Rubbish Bin,Bin by senior playground - unstained,,,Rubbish Bin,,,,,
1775926.0359,5447810.3819,162,Tilley Tilt,Harcourt Park,{908D043E-8B06-4DDB-85DD-872AC19C2835},Rubbish Bin,Bin by senior playground - tilly tilt unstained,,,Rubbish Bin,,,,,
1775915.5358,5447830.7242,163,Tilley Tilt,Harcourt Park,{E593C0F1-59C7-49D0-9289-6D2A6C675A8E},Rubbish Bin,Bin by main carpark - tilly tilt unstained,,,Rubbish Bin,,,LCARTER,2023/11/26 23:48:29+00,
1775915.36,5447831.2115,164,,Harcourt Park,{E48C7BF2-8DBC-454B-BACB-26B0290E437B},Dog Bag Dispenser,Dog bag bin by main carpark,,,Dog Bag Dispenser,,,LCARTER,2023/11/26 23:48:29+00,
1775916.1171,5447841.9869,165,Tilley Tilt,Harcourt Park,{75498165-E539-4C8B-B406-FAEADA07CF72},Rubbish Bin,Bin by main carpark - tilly tilt unstained,,,Rubbish Bin,,,LCARTER,2023/11/26 23:48:29+00,
1775875.2185,5447969.7924,166,Tilley Tilt,Harcourt Park,{CE95036E-B669-4776-A8E2-99879624DE1C},Rubbish Bin,Bin by start of path at azalea garden walk - tilly tilt unstained,,,Rubbish Bin,,,,,
1775851.2439,5447800.6731,167,44 Gallon,Harcourt Park,{EC305CB5-8F4A-437F-A971-1D4D59216AC9},Rubbish Bin,Bin - 44 galon,,,Rubbish Bin,,,,,
1775788.0083,5447733.4689,168,Tilley Tilt,Harcourt Park,{12F52056-3CD4-4861-AF20-8482E1933D87},Rubbish Bin,Bin along main path - tilly tilt unstained,,,Rubbish Bin,,,,,
1775760.2269,5447696.6917,169,Tilley Tilt,Harcourt Park,{6115E582-B206-4632-9DEB-3A46452AF2BA},Rubbish Bin,Bin near BBQ 2 along main path - tilly tilt unstained,,,Rubbish Bin,,,,,
1775698.0753,5447667.3989,170,Tilley Tilt,Harcourt Park,{28364D41-2060-49D3-89B6-350BDC7D50E3},Rubbish Bin,Bin by Norbet Street carpark - tilly tilt unstained,,,Rubbish Bin,,,LCARTER,2024/08/30 03:01:40+00,
1772808.3485,5446261.0141,171,Tilley Tilt,McLeod Park,{DDD9005E-86A9-422E-BB7E-1305A5D4998E},Rubbish Bin,Tilly tilt unstained Rubbish Bin by Fence,,,Rubbish Bin,,,,,
1776168.3301,5448916.3681,172,Tilley Tilt,Birchville Picnic Area,{E8CFB16B-7DBC-4A6D-AD9A-D66C03CE8067},Rubbish Bin,Tilley tilt unstained Rubbish Bin,,,Rubbish Bin,,,,,
1774346.1859,5445234.1249,173,Timber,Maidstone Park,{24342239-2B28-48F7-8EDD-E6A9F3A82651},Picnic Table,Adjacent to carpark NE corner,,,Picnic Table,,,,,
1772100.2291,5446000.5569,174,Tilley Tilt,Whakatiki Park,{2FBD56EA-7DAE-42A2-AC25-5EA40B4BEC53},Rubbish Bin,Tilley slat Rubbish Bin,,,Rubbish Bin,,,,,
1772116.7655,5446074.1113,175,Tilley Tilt,Whakatiki Park,{3E66FC63-FAB5-4731-A507-5FED448761E1},Rubbish Bin,Tilley slat Rubbish Bin,,,Rubbish Bin,,,,,
1774101.0061,5445117.4205,176,Tilley Tilt,Maidstone Park,{0DE006AE-7F5E-459C-9A4D-FA12BF9C3B40},Rubbish Bin,Tree area,,,Rubbish Bin,,,,,
1774064.3877,5445160.0713,177,Tilley Tilt,Maidstone Park,{C819CCC3-4564-4E65-BD4F-5716FDC0DE49},Rubbish Bin,Maidstone Max by BBQ1,,,Rubbish Bin,,,,,
1774247.5537,5445255.8057,178,Tilley Tilt,Maidstone Park,{41A57A03-2CA7-443A-B928-2662133D8849},Rubbish Bin,,,,Rubbish Bin,,,,,
1774329.6185,5445275.7867,179,Timber,Maidstone Park,{028281A0-2598-4AF7-9683-D16DC0ECAF76},Picnic Table,NE corner,,,Picnic Table,,,,,
1774473.6687,5445097.7431,180,Timber,Maidstone Park,{01D59F4E-C7A4-4C57-B113-8A8CC6FC3A4E},Picnic Table,Adjacent to bush SE corner,,,Picnic Table,,,,,
1774320.4745,5445273.6913,181,Tilley Tilt,Maidstone Park,{226266D9-09E2-46A5-9F42-7A3B2ABDEDB4},Rubbish Bin,,,,Rubbish Bin,,,,,
1774176.6069,5445186.5929,182,Timber,Maidstone Park,{B594CED3-4915-409E-AECB-E028ADD53E45},Picnic Table,Tree area,,,Picnic Table,,,,,
1774169.1987,5445161.7221,183,Timber,Maidstone Park,{3668DBA1-A439-4441-BD8D-E8CE4F0800C8},Picnic Table,Tree area,,,Picnic Table,,,,,
1774152.7945,5445140.2907,184,Timber,Maidstone Park,{6F9B9868-5892-476E-B79E-04DEA1C8E776},Picnic Table,Tree area,,,Picnic Table,,,,,
1774100.3389,5445157.1852,185,Timber,Maidstone Park,{C8E54528-383D-4558-93B2-106C5BFA87AC},Picnic Table,Tree area,,,Picnic Table,,,,,
1774162.5841,5445171.7761,186,Tilley Tilt,Maidstone Park,{21D91C4D-94E2-4C3F-91E3-D41BF979D00A},Rubbish Bin,Tree area,,,Rubbish Bin,,,,,
1774113.9007,5445155.6365,187,Tilley Tilt,Maidstone Park,{7327AD91-5599-415C-BF80-0D577D528594},Rubbish Bin,,,,Rubbish Bin,,,,,
1774071.1439,5445139.8145,188,Tilley Tilt,Maidstone Park,{CF47EF18-23DE-4919-A693-D3E52D203BC5},Rubbish Bin,Car park by rifle range,,,Rubbish Bin,,,,,
1774188.1605,5445100.8519,189,Tilley Tilt,Maidstone Park,{25FC031E-337A-4D39-AB78-747C5D56E24A},Rubbish Bin,,,,Rubbish Bin,,,,,
1775581.5487,5446764.9767,190,Tilley Tilt,Ngāti Tama Park,{FBD61778-B838-472F-8649-0BEC2175090F},Rubbish Bin,Rubbish Bin next to Toilet Block,,,Rubbish Bin,,,,,
1775737.4187,5447585.2871,191,Tilley Tilt,Harcourt Park,{C8246302-FA0F-46A0-9DBE-0DF1F913031D},Rubbish Bin,Rubbish bin by Pavilion,,,Rubbish Bin,,,,,
1773952.9372,5444970.1005,192,Tilley Tilt,Maidstone Park,{DB45A43A-524C-4AE2-9A32-4A24A3663F50},Rubbish Bin,Next to rugby stand,,,Rubbish Bin,,,,,
1778438.8253,5459275.008,193,44 Gallon,Clouston Park,{C73C6FC3-544B-4534-B3B6-4C1D6AB3F0B5},Rubbish Bin,Rubbish Bin next to path,,,Rubbish Bin,,,,,
1775696.9267,5447592.308,194,,Harcourt Park,{159CAAF5-649D-499A-AB18-AB6080E6C88F},Dog Bag Dispenser,Dog bag dispenser by Norbert ST Bridge,,,Dog Bag Dispenser,,,,,
1775748.9137,5447435.1391,195,Tilley Tilt,Harcourt Park,{6764C50F-DB7F-4E01-A4D2-C6A0827F0501},Rubbish Bin,Rubbish Bin along side of field,,,Rubbish Bin,,,,,
1775727.9893,5447515.2957,196,Tilley Tilt,Harcourt Park,{0ABB4817-8926-4F3E-8A6A-959492E13D0E},Rubbish Bin,Rubbish Bin along side of field,,,Rubbish Bin,,,,,
1775981.8013,5446886.5613,197,Tilley Tilt,Te Haukāretu Park,{8ECC52F9-5D3A-4CFD-9E8B-C8969CD4B231},Rubbish Bin,Tilley Tilt Rubbish Bin mounted in concrete pad,,,Rubbish Bin,,,,,
1775999.3429,5446848.1871,198,Tilley Tilt,Te Haukāretu Park,{440B34E2-F61C-4B48-ADC0-5B39BDE8EBB7},Rubbish Bin,Tilley Tilt Rubbish Bin mounted in concrete pad,,,Rubbish Bin,,,,,
1775965.2903,5446719.7347,199,Tilley Tilt,Te Haukāretu Park,{8713E8E2-D7AC-4770-A3D5-C2B33D47B159},Rubbish Bin,Tilley Tilt Rubbish Bin mounted in concrete pad next to path,,,Rubbish Bin,,,,,
1770391.1579,5444562.4073,200,Tilley Tilt,Trentham Memorial Park,{C26F8E20-78B3-4543-A465-9ADF7B06F270},Rubbish Bin,Tilly tilt unstained  Rubbish Bin by Rotary Club Store,,,Rubbish Bin,,,,,
1770573.6747,5444670.5397,201,Tilley Tilt,Trentham Memorial Park,{FA949BCD-1B9C-4C0F-AE6A-C0E786790373},Rubbish Bin,Tilly tilt stained (Brentwood carpark),,,Rubbish Bin,,,,,
1769946.0847,5444718.5936,202,Tilley Tilt,Trentham Memorial Park,{DB36C8C9-3FCE-4028-8C63-5C7C80799EDE},Rubbish Bin,Tilly tilt unstained by seat12 (stopbank-golf course),,,Rubbish Bin,,,,,
1769959.7678,5444852.7277,203,Tilley Tilt,Trentham Memorial Park,{172BECF4-0C5A-4B1A-93AE-2AAA815043EC},Rubbish Bin,Tilley Tilt Rubbish Bin located river side of stopbank,,,Rubbish Bin,,,,,
1770365.6325,5444286.9821,204,Tilley Tilt,Trentham Memorial Park,{3FE6AB57-FA56-494A-B53C-1F14829CD333},Rubbish Bin,Tilly tilt unstained (Domain bush entrance at Barton side),,,Rubbish Bin,,,,,
1770654.1593,5444210.4691,205,Tilley Tilt,Trentham Memorial Park,{6B3D3240-E017-49F7-8596-1E65F6382CE4},Rubbish Bin,Tilly tilt unstained (end of redwoods by Erehwon),,,Rubbish Bin,,,,,
1770537.3037,5444397.003,206,Tilley Tilt,Trentham Memorial Park,{5771C0BD-4FC4-4662-95FA-AA4C44D0E3D8},Rubbish Bin,Tilley Tilt slat Rubbish Bin on corner of fence under trees,,,Rubbish Bin,,,,,
1770130.7138,5444484.32,207,Tilley Tilt,Trentham Memorial Park,{4AB38C64-1256-43E7-9CE7-266583207F2B},Rubbish Bin,"Tilly tilt stained (cricket club, outside cricket cafe)",,,Rubbish Bin,,,,,
1770144.9666,5444453.8324,208,Tilley Tilt,Trentham Memorial Park,{EF441288-9F0B-43FF-9779-7FAB0134DF7F},Rubbish Bin,Tilly tilt stained (cricket club),,,Rubbish Bin,,,,,
1770145.6799,5444454.4591,209,Tilley Tilt,Trentham Memorial Park,{428D943A-6E55-4702-884C-ECDC2E69FED9},Rubbish Bin,Tilly tilt stained (cricket club),,,Rubbish Bin,,,,,
1770614.3209,5444115.6073,210,Tilley Tilt,Trentham Memorial Park,{714ACCCB-B551-44FC-AFAB-C5C74920AB53},Rubbish Bin,Tilley Tilt Rubbish Bin by Gullam footbridge,,,Rubbish Bin,,,,,
1770617.7958,5444583.4746,211,Tilley Tilt,Trentham Memorial Park,{FCDDAF8B-E91E-4E2A-B543-E3C3B6FBFEE5},Rubbish Bin,Bin adjacent to Brentwood St carpark,,,Rubbish Bin,,,,,
1770773.7654,5444212.4129,212,Tilley Tilt,Trentham Memorial Park,{1D47351A-2517-4993-9D37-588D8D3788FE},Rubbish Bin,"Fixed metal slat next to sign 11, over the bridge at Fergusson Dve entrance North end.",,,Rubbish Bin,,,,,
1773602.9605,5445125.2085,213,Tilley Tilt,Civic Centre,{9D9ABA43-1803-40C6-9101-8FEC002EA7BD},Rubbish Bin,Rubbish Bin in Lawn Area at rear of Civic Building,,,Rubbish Bin,,,,,
1773583.7915,5445117.4701,214,Timber,Civic Centre,{C16D799E-E457-45FA-8DEB-069281FE70DC},Picnic Table,Timber on steel posts mounted on concrete pad,,,Picnic Table,,,,,
1773624.1933,5445202.5629,215,Tilley Tilt,Civic Centre,{EB9F69ED-91FF-44A7-9B42-CC5BB0C9E477},Rubbish Bin,Rubbish Bin adjacent to Library entrance,,,Rubbish Bin,,,,,
1768979.2555,5442744.5115,216,Tilley Tilt,Silverstream Park,{1011A5C9-2621-4F26-8994-73BE787C8621},Rubbish Bin,Tilley Tilt stained slat Rubbish Bin,,,Rubbish Bin,,,,,
1768931.0123,5441611.5931,217,Tilley Tilt,Pinehaven Reserve,{6A0299C4-FFAF-43CE-BA55-EB53BFE32A07},Rubbish Bin,Tilly tilt unstained Rubbish Bin,,,Rubbish Bin,,,,,
1771094.6443,5444099.2835,218,Timber,Tawai Park,{CC281959-17A3-447C-96B2-F51C73001953},Picnic Table,Painted metal with timber seats & top on concrete pad,,,Picnic Table,,,,,
1771092.7109,5444097.1416,219,Tilley Tilt,Tawai Park,{E867D3D9-D130-4A74-8879-3F17090884A3},Rubbish Bin,Tilly wooden slat tilt bin unstained,,,Rubbish Bin,,,,,
1767961.5345,5443375.874,220,Tilley Tilt,County Lane,{926F5206-FB26-4B40-9EB0-9D57633444FA},Rubbish Bin,Rubbish Bin at right side of Gate,,,Rubbish Bin,,,,,
1775827.9396,5447663.6158,221,44 Gallon,Harcourt Park,{1B0958A7-5868-4148-B9F0-D780FC90CF15},Rubbish Bin,44 gallon drum,,,Rubbish Bin,,,LCARTER,2024/08/30 01:37:10+00,
1777399.2599,5452197.9861,222,44 Gallon,Karapoti Reserve,{D7BA82A5-DA94-4797-9940-9D1329E17C50},Rubbish Bin,Rubbish Bin with stell mounts,,,Rubbish Bin,,,,,
1773804.4218,5445184.6566,223,Oval,Railway Green Space,{341F681B-8761-4EC6-8A01-B945E3E314AE},Rubbish Bin,Steel Rubbish Bin with Council Logo by Seat,,Polished Steel,Rubbish Bin,,,,,
1773800.616,5445214.4737,224,Oval,Railway Green Space,{6829E2F2-D20F-43BD-8757-D38E5968FD52},Rubbish Bin,Steel Rubbish Bin with Council Logo by Seat,,Polished Steel,Rubbish Bin,,,,,
1773798.64,5445197.5015,225,Oval,Railway Green Space,{C5E8FB0B-FBC6-49E9-877F-939271C1CFBA},Rubbish Bin,Steel Rubbish Bin with Council Logo by Seat,,Polished Steel,Rubbish Bin,,,,,
1774217.7003,5445152.9645,226,,Maidstone Park,{3C2D87C6-C550-453A-A6CE-4EB0884F87EC},Drinking Fountain,Maidstone Park rugby turf drinking fountain,,,Drinking Fountain,,,,,
1774198.7423,5445201.595,227,Tilley Tilt,Maidstone Park,{7FBE22EF-9337-42D7-9A0A-48C008374F85},Rubbish Bin,Maidstone Prk turf,,,Rubbish Bin,,,,,
1774199.0397,5445200.8321,228,Tilley Tilt,Maidstone Park,{920A4C0D-8D9A-40F7-BD0F-1A4C004C5C32},Rubbish Bin,Maidstone Park turf,,,Rubbish Bin,,,,,
1774266.8929,5445232.9085,229,Tilley Tilt,Maidstone Park,{45AC8DBA-27E5-4CC9-886D-368D528E3587},Rubbish Bin,Maidstone Park turf,,,Rubbish Bin,,,,,
1774270.0955,5445234.2611,230,Tilley Tilt,Maidstone Park,{103B6F6C-02B1-4BE3-AFC0-4CF65F156D46},Rubbish Bin,Maidstone Prk turf,,,Rubbish Bin,,,,,
1774229.5732,5445110.8255,231,Tilley Tilt,Maidstone Park,{026FC219-80A9-4532-8781-5F388F1AF5D8},Rubbish Bin,Maidsone Park turf,,,Rubbish Bin,,,,,
1774232.0366,5445126.5112,232,Tilley Tilt,Maidstone Park,{915E14A0-C19C-42FA-A9DB-94CF5B8659E6},Rubbish Bin,Maidstone Park turf,,,Rubbish Bin,,,,,
1774348.4747,5445214.9729,233,Tilley Tilt,Maidstone Park,{F877BCED-401C-4052-BA9C-8CF02ACF1864},Rubbish Bin,Maidstone Park turf,,,Rubbish Bin,,,,,
1774350.1037,5445211.4769,234,Tilley Tilt,Maidstone Park,{33525141-B985-41DB-B6A9-3B33A061FEBE},Rubbish Bin,Maidstone Park turf,,,Rubbish Bin,,,,,
1778443.0869,5459264.9848,235,Timber,Clouston Park,{737EAF64-903E-4491-9D09-1519CB1B0F9D},Picnic Table,Painted metal with timber seats & top mounted in concrete pad,,,Picnic Table,,,,,
1773036.7205,5445828.3986,236,Tilley Tilt,Clyma Park,{E4FA52EC-94EF-4DBE-A156-37712E7EA281},Rubbish Bin,Tilly wooden slat tilt rubbish bin,,,Rubbish Bin,,,,,
1773037.5829,5445828.1594,237,,Clyma Park,{F3C4778F-A000-434B-828F-799D0CA4B4D4},Dog Bag Dispenser,Dog bag dispenser mounted in timber post,,,Dog Bag Dispenser,,,,,
1774153.4802,5445195.7396,238,,Maidstone Park,{CBC0FC9E-678B-43D3-AF5B-B1A6B12A977F},Dog Bag Dispenser,Dog bag dispenser at entrance,,,Dog Bag Dispenser,,,,,
1774296.2797,5445073.0125,239,Timber,Maidstone Park,{CD1C060E-444B-4C1A-A59E-F425C791D987},Picnic Table,Adjacent to model railway,,,Picnic Table,,,,,
1774374.4145,5445149.4417,240,,Maidstone Park,{D85637FA-EC99-4ED6-A428-7640691D9897},Drinking Fountain,Tennis court drinking fountain,,,Drinking Fountain,,,,,
1770552.3271,5444548.1339,241,Tilley Tilt,Trentham Memorial Park,{FB887B3A-223B-4EBB-B9A8-7A840B83B94E},Rubbish Bin,Tilley Tily Rubbish Bin by playground,,,Rubbish Bin,,,LCARTER,2024/08/30 03:49:22+00,
1774226.5279,5445059.5607,242,Tilley Tilt,Maidstone Park,{C26913FE-DBF2-4035-BD4D-89C42BAE8A00},Rubbish Bin,,,,Rubbish Bin,,,,,
1774071.1439,5445137.5921,243,Tilley Tilt,Maidstone Park,{EF78651F-323D-4047-915E-1387E1F5F51B},Rubbish Bin,,,,Rubbish Bin,,,,,
1774381.0538,5445213.2725,244,Pond,Maidstone Park,{7C7C0CD5-ADEB-48B8-B855-F6DDBA50D75E},Water Feature,Water feature in conservatory,,,Pond,,,LCARTER,2024/08/30 03:16:14+00,
1775881.8835,5447858.8943,245,Tilley Tilt,Harcourt Park,{DFF97C75-F16F-41AF-ADEF-D907274AD9AE},Rubbish Bin,,,,Rubbish Bin,,,,,
1775699.8901,5447659.1455,246,Tilley Tilt,Harcourt Park,{169A4B75-43F2-431A-98D5-2DFE1B83E2C2},Rubbish Bin,By the Norbert St car park,,,Rubbish Bin,,,,,
1775713.5309,5447731.113,247,Tilley Tilt,Harcourt Park,{80167CCD-D584-4737-8E46-204EFC520802},Rubbish Bin,By bike track,,,Rubbish Bin,,,LCARTER,2024/08/30 01:37:10+00,
1775914.0467,5447743.8581,248,,Harcourt Park,{AA7E8D5B-9AF5-4AC5-B91C-8DAC5F6DD628},Drinking Fountain,Mountain fresh - Double Wing Wheelchair Accessible Free Standing Fountain,,,Drinking Fountain,,,,,
1774584.8929,5447157.9711,249,,Tulsa Park,{101C9F53-9FC9-49C3-A9D9-6B13AC8FE2E9},Drinking Fountain,Drinking Fountain entrance to pathway,,,Drinking Fountain,,,,,
1773567.4119,5446199.4009,250,Timber,Riverbank Park,{E98DD94A-91FE-49D2-B2FD-05F20FFB7F35},Picnic Table,Picnic Table mounted on Concrete Pad,,,Picnic Table,,,,,
1773935.2947,5445985.7167,251,Tilley Tilt,Oxford Park,{452EBB28-ECCF-4942-AABD-0A05F36BF6E5},Rubbish Bin,Bubbish Bin next to Kimberley Seat mounted on concrete pad,,,Rubbish Bin,,,,,
1770589.6957,5444564.7411,252,Tilley Tilt,Trentham Memorial Park,{7FDE0CCB-3362-4A94-AFFA-51B3AEF68F3D},Rubbish Bin,Tilley Tilt Rubbish Bin wooden slate,,,Rubbish Bin,,,,,
1775890.013,5447760.2063,253,Timber,Harcourt Park,{8FE326E6-A624-45F8-9F42-5C9430C0AA9D},Picnic Table,Table in BBQ Shelter,,,Picnic Table,,,LCARTER,2024/08/30 01:34:16+00,
1770152.8012,5444969.9601,254,Tilley Tilt,Moonshine Park,{5796A3DD-B9B4-4C3C-9CDE-B543B78B74DA},Rubbish Bin,Tilly tilt stained Rubbish Bin,,,Rubbish Bin,,,,,
1767693.8129,5443166.2631,255,Paramount Tilt,Silverstream Amenity Reserve,{FAC3F770-D71B-4C8A-882A-0AFCEEB32058},Rubbish Bin,Paramount Tilt Rubbish Bin,,,Rubbish Bin,,,,,
1773589.3001,5445121.4795,256,Timber,Civic Centre,{D9C014A0-AA2A-41DD-AA9F-1C2BF1ED6810},Picnic Table,Picnic Table,,,Picnic Table,,,,,
1770357.1107,5443143.2303,257,Timber,Pinehill Reserve,{5624F40C-9C48-4298-AA3A-26B2F168E3A0},Picnic Table,Premium Picnic Table mounted on concrete pad,,,Picnic Table,,,,,
1772148.4745,5446160.6185,258,Tilley Tilt,Whakatiki Park,{ABA09002-5406-48C6-B4CD-69FCC2A8AA16},Rubbish Bin,Tilley slat Rubbish Bin,,,Rubbish Bin,,,,,
1767698.1971,5443145.8547,260,Timber,Silverstream Amenity Reserve,{B6069869-3425-411F-BFF4-6519FAC5E5F0},Picnic Table,Parklands Setting - Brunswick Green Picnic Table mounted on concrete pad,,,Picnic Table,,,,,
1773970.06,5445079.6879,261,Recycling,Maidstone Max,{22856C69-2A73-480E-A026-70C97F4F930A},Rubbish Bin,Recycling Bins,,3 Bay,Rubbish Bin,,,LCARTER,2024/08/30 03:16:14+00,
1774048.5677,5445129.8021,262,Recycling,Maidstone Max,{CB594540-4603-4698-A6CE-EAEAB09C9779},Rubbish Bin,Recycling Bins,,3 Bay,Rubbish Bin,,,LCARTER,2024/08/30 03:16:14+00,
1774042.4582,5445127.3081,263,,Maidstone Max,{9739C806-A522-47C1-AFEB-6EE9B207BBA6},Drinking Fountain,Blue Water Fountain,,,Drinking Fountain,,,LCARTER,2024/08/30 03:16:14+00,
1774038.5333,5445106.4347,264,Basketball Half Court,Maidstone Max,{611754F4-CCF1-4E2B-B571-A594FEFBD19F},Sport & Recreation,Basketball Hoop and Pole,,Hoop,Basketball Half Court,,,,,
1773965.2343,5445080.7239,265,Timber,Maidstone Max,{6890DC85-531A-4303-B4ED-8E224E6E381C},Picnic Table,Picnic Table,,,Picnic Table,,,,,
1773933.8491,5445085.744,266,Timber,Maidstone Max,{88607BC6-2C92-48A9-84C6-4B169D71FD6E},Picnic Table,Picnic Table,,,Picnic Table,,,LCARTER,2024/08/30 03:16:14+00,
1774019.4425,5445155.9827,267,Recycling,Maidstone Max,{DC6B4226-208A-428A-8C07-D14908051F49},Rubbish Bin,Recycling Bins in Shelter next to Skate Park,,3 Bay,Rubbish Bin,,,,,
1773935.6275,5445092.5283,268,Recycling,Maidstone Max,{CD6AAD0C-D81A-4B03-AB5A-0E4CB6053D08},Rubbish Bin,Recycling Bins opposite Shelter,,3 Bay,Rubbish Bin,,,,,
1773929.0169,5445087.0867,269,,Maidstone Max,{A6B8F80B-7202-4ACD-9A7D-0FD103B2DE02},Drinking Fountain,Water Foundation by Shelter at Playground,,,Drinking Fountain,,,,,
1774039.8271,5445125.0335,270,Timber,Maidstone Max,{8E953707-318A-4F83-8D6F-0546233FC5A9},Picnic Table,Picnic Table under Shelter by Skate Park,,,Picnic Table,,,,,
1774020.2479,5445091.3255,271,Timber,Maidstone Max,{CC12C395-13AD-41FE-AF50-C9C8FA56062C},Picnic Table,Picnic Table by Water Fountain,,,Picnic Table,,,,,
1774024.7457,5445084.0231,272,Timber,Maidstone Max,{68C8DA71-AB1F-4689-83F9-15F7C5313967},Picnic Table,Picnic Table,,,Picnic Table,,,,,
1774020.1337,5445094.5675,274,,Maidstone Max,{7E64109F-FEBE-4A8B-B36D-891DAFB6CCF7},Drinking Fountain,Water Fountain opposite Playground,,,Drinking Fountain,,,,,
1772586.9005,5444746.5707,275,Timber,Ward/Miro Green Area,{D6F61A36-F4E9-4149-BC1D-F27D2EC3333B},Picnic Table,Picnic Table under Shelter,,,Picnic Table,,,LCARTER,2023/11/16 00:12:19+00,
1768973.9299,5442745.6075,276,Timber,Silverstream Park,{3746BC72-B183-42B7-9F3C-EAB11D19E753},Picnic Table,Picnic Table under Shelter,,,Picnic Table,,,,,
1769043.1543,5443604.9079,277,Timber,Heretaunga Park,{FE84D63D-6B1C-4D06-AEE8-1C90C2D7D965},Picnic Table,Picnic Table under Shelter,,,Picnic Table,,,,,
1767960.7877,5443375.1603,278,,County Lane,{D8A6E3DA-0049-4637-A0DC-40F774DF918E},Dog Bag Dispenser,Dog Dispenser next to Gate,,,Dog Bag Dispenser,,,,,
1769020.7529,5441701.2595,279,Timber,Pinehaven Reserve,{3404557E-0DFF-4AFF-ACF8-E5516491BD91},Picnic Table,Premier Picnic Setting -3 leg SF 400 x 40 Brown Table Top,,,Picnic Table,,,,,
1775286.9709,5446383.3151,280,Recycled Plastic,Māoribank Park,{4A5049A5-5D0D-4CEB-9B13-0BC4E3C8FFE9},Picnic Table,Premier Picnic Setting -3 leg SF 400 x 40 Brown Table Top,,,Picnic Table,,,LCARTER,2023/11/22 21:14:57+00,
1774965.2065,5446252.1735,281,Tilley Tilt,Benge Park,{2B82395F-3CDF-47D9-AF4D-7AF95D2E3506},Rubbish Bin,Rubbish Bin in open space by PATH01,,,Rubbish Bin,,,,,
1771192.4659,5446386.5401,282,,Craigs Flat Reserve,{EB58E8D6-AC5B-4F60-9F78-8DAA7C391199},Dog Bag Dispenser,Dog Dispenser on Post next to path off Kirton Drive,,,Dog Bag Dispenser,,,,,
1777258.0089,5448213.2957,283,Tilley Tilt,Benge Hall Reserve,{42172932-F380-4298-80E2-F7910B1032A2},Rubbish Bin,Tilley Tilt Rubbish Bin at back if iSite,,,Rubbish Bin,,,,,
1771091.5943,5444102.2395,284,Recycled Plastic,Tawai Park,{C38B224D-98ED-4BAE-A4D6-7C743974A090},Picnic Table,Premier Picnic Setting - Brown Replas,,,Picnic Table,,,,,
1774771.4023,5446963.6165,285,Recycled Plastic,Turon Park,{13A560E4-6929-4154-8A35-CF4A8F91CF49},Picnic Table,Premier Picnic Setting - Brown Replas,,,Picnic Table,,,,,
1775710.0491,5447573.4537,286,Recycling,Harcourt Park,{F23D9FB9-0421-4E10-9F0E-2CE573AF6503},Rubbish Bin,PRIVATE: Aluminium Can Recycling Bin,,Private,Rubbish Bin,,,,,
1775520.2781,5446355.7137,287,Tilley Tilt,Māoribank Park,{6F686741-A88D-46FD-8971-5B9C1EDFA576},Rubbish Bin,Tilley Tilt bin at end of path from Fergsusson Drive,,,Rubbish Bin,,,LCARTER,2023/11/22 21:14:57+00,
1775249.9997,5447475.2863,288,Exercise Bars,California Park,{6D2178E7-40F1-4433-8BB7-4779FBF7B083},Sport & Recreation,Exercise Bars by Path,,,Exercise Bars,,,,,
1769020.9991,5441706.5421,289,,Pinehaven Reserve,{A979B31A-D578-4D11-801B-527B6FC304AD},Dog Bag Dispenser,Dog Dispenser next to Rubbish Bin,,,Dog Bag Dispenser,,,,,
1776752.9647,5447278.0901,290,Recycled Plastic,Timberlea Park,{18F82603-4573-47E6-B5A4-2A3F4DF60568},Picnic Table,Premier Setting Picnic Table and seats - Surface Mounted,,,Picnic Table,,,,,
1769098.1357,5443681.0973,291,,Heretaunga Park,{C087DE2F-77D0-4730-8BCE-A3E8E6907EBE},Dog Bag Dispenser,Dog Bag Dispenser at entrance to park of Kiwi Street,,,Dog Bag Dispenser,,,,,
1770160.6093,5444442.4701,292,,Trentham Memorial Park,{0483F295-EEEA-4768-8A4F-CCFD65C77656},Dog Bag Dispenser,Dog Bag Dispenser by clubroom off Barton Rd carpark,,,Dog Bag Dispenser,,,,,
1770585.1755,5444590.4906,293,,Trentham Memorial Park,{AB2343D6-E321-4E17-B623-84A440154F82},Dog Bag Dispenser,Dog Bag Dispenser by path to Brentwood Carpark,,,Dog Bag Dispenser,,,,,
1775893.8821,5447987.5759,294,,Harcourt Park,{77997043-886B-49FD-9DE0-769D636449B4},Dog Bag Dispenser,Dog Bag Dispenser by Harcourt Carpark,,,Dog Bag Dispenser,,,,,
1774348.0685,5445211.6711,295,,Maidstone Park,{35F362CA-BD6C-4D9F-8F5C-9D87C4857867},Drinking Fountain,"tww215.11sqstdb Square Stainless Steel Traditional Push Button Drinking fountain and bottle filler, Self Draining Dog drinker",,,Drinking Fountain,,,,,
1773794.9954,5445199.4463,296,Recycling,Railway Green Space,{F0B5C57A-1B78-439A-85D8-F61BFFE7D039},Rubbish Bin,3 Bay Recycling Bins by path towards Railway Station,,3 Bay,Rubbish Bin,,,,,
1770214.4502,5444377.0625,297,Tilley Tilt,Trentham Memorial Park,{B17C02F2-5958-468C-83DA-4FC6C70EF831},Rubbish Bin,Tilley Tilt Rubbish Bin by Barton Carpark,,,Rubbish Bin,,,,,
1770179.0883,5444907.9296,298,,Trentham Memorial Park,{CEB424EA-50EF-4A91-BC8A-940AA065FEDB},Dog Bag Dispenser,Dog Dispenser Bin mounted on post by Gate to Moonshine Park,,,Dog Bag Dispenser,,,,,
1770772.9868,5444209.5597,299,Tilley Tilt,Trentham Memorial Park,{85E2BB71-16DB-40CE-8332-2AD916FEEC94},Rubbish Bin,Tillet Tilt Rubbish Bin by Noticeboard by footbridge from Fergusson Drive,,,Rubbish Bin,,,,,
1770656.8214,5444495.5745,300,Tilley Tilt,Trentham Memorial Park,{4F4CADE5-6862-4FCC-A622-F4D699311CE6},Rubbish Bin,Tilley Tilt Rubbish Bin outside Brentwood Changing Rooms,,,Rubbish Bin,,,,,
1772369.095,5444283.0026,301,Basketball Half Court,Grants Bush,{8E9F5ECC-680C-4512-9F2D-2F58981AECAC},Sport & Recreation,Basketball Hoop at Grants Bush,,Hoop,Basketball Half Court,,,LCARTER,2024/08/30 01:26:46+00,
1772382.7555,5444296.8007,302,Tilley Tilt,Grants Bush,{657F06C5-86AB-41F8-B67F-FE672093B8F6},Rubbish Bin,Rubbish Bin mounted on concrete pad by Bushland fence,,,Rubbish Bin,,,,,
1772494.4343,5444223.9242,303,Recycled Plastic,Grants Bush,{28D9B95F-7360-4B6E-8547-E545CA77CBB3},Picnic Table,Recycled Picnic Table and bench seats under Shelter,,,Picnic Table,,,LCARTER,2024/08/30 01:26:46+00,
1772500.9275,5444221.6095,304,,Grants Bush,{239390DE-1A3C-403C-AA1B-3A15A54607DD},Dog Bag Dispenser,Dog Bag Dispenser mounted on Shelter post,,,Dog Bag Dispenser,,,,,
1772474.0329,5444225.7021,305,Tilley Tilt,Grants Bush,{4DCC3CDE-78E6-48F7-BE7F-31AD8305EC42},Rubbish Bin,Rubbish Bin by entrance to bushwalk behind playground,,,Rubbish Bin,,,,,
1774892.589,5446212.7945,306,Recycled Plastic,Benge Park,{EE157A45-249D-4308-9871-B592D9AC9FE4},Picnic Table,Recycled Picnic Table with bench seats mounted on concrete pad under Shelter,,,Picnic Table,,,LCARTER,2024/08/30 00:39:07+00,
1770347.3871,5443151.0129,307,Recycled Plastic,Pinehill Reserve,{BC1A0E0E-074F-4D91-916B-D1F1407CA43C},Picnic Table,Recycled Picnic Table with seats mounted on concrete under Shelter,,,Picnic Table,,,,,
1770131.0727,5444484.9661,308,Tilley Tilt,Trentham Memorial Park,{4E6EFE2B-CA0B-41E3-AB56-DC8E12B7E58F},Rubbish Bin,"Tilly tilt stained (cricket club, outside cricket cafe)",,,Rubbish Bin,,,,,
1776432.2459,5449428.2715,309,Tilley Tilt,Akatārawa Cemetery,{1D71C18E-F43A-49C3-BF9A-8C2B8B23BC9B},Rubbish Bin,Rubbish Bin along driveway mounted in concrete pad,,,Rubbish Bin,LCARTER,2023/10/26 22:52:01+00,LCARTER,2023/11/22 21:14:57+00,
1776480.1561,5449339.6655,310,Tilley Tilt,Akatārawa Cemetery,{849FD1F0-8348-4B95-9A5D-BA521F9823B2},Rubbish Bin,Rubbish Bin along driveway mounted in concrete pad,,,Rubbish Bin,LCARTER,2023/10/26 22:52:01+00,LCARTER,2023/11/22 21:14:57+00,
1776488.2583,5449341.9721,311,Tilley Tilt,Akatārawa Cemetery,{17A16905-E1CF-4606-A354-625410771A32},Rubbish Bin,Rubbish Bin along driveway mounted in concrete pad,,,Rubbish Bin,LCARTER,2023/10/26 22:52:01+00,LCARTER,2023/11/22 21:14:57+00,
1776529.4587,5449346.1749,312,Tilley Tilt,Akatārawa Cemetery,{CF0A14F4-CD82-40BF-82F5-41F9B66E5029},Rubbish Bin,Rubbish Bin behind Office by Toilet Block,,,Rubbish Bin,LCARTER,2023/10/26 22:52:01+00,LCARTER,2023/11/22 21:14:57+00,
1776527.5131,5449368.8569,313,Tilley Tilt,Akatārawa Cemetery,{227BC386-7D34-45E7-8754-BE34F8E3D097},Rubbish Bin,Rubbish Bin along driveway mounted in concrete pad,,,Rubbish Bin,LCARTER,2023/10/26 22:52:01+00,LCARTER,2023/11/22 21:14:57+00,
1776550.2605,5449374.4613,314,Tilley Tilt,Akatārawa Cemetery,{3B960889-76C7-4258-817C-06BC790054BD},Rubbish Bin,Rubbish Bin along driveway mounted in concrete pad,,,Rubbish Bin,LCARTER,2023/10/26 22:52:01+00,LCARTER,2023/11/22 21:14:57+00,
1776584.6831,5449354.2865,315,Tilley Tilt,Akatārawa Cemetery,{06F3D6AF-D999-405C-927A-144B3CC34854},Rubbish Bin,Rubbish Bin along driveway mounted in concrete pad,,,Rubbish Bin,LCARTER,2023/10/26 22:52:01+00,LCARTER,2023/11/22 21:14:57+00,
1776586.4647,5449362.0467,316,Tilley Tilt,Akatārawa Cemetery,{8CEF2467-7DEF-4A5C-8C53-CEDD50DB5725},Rubbish Bin,Rubbish Bin along driveway mounted in concrete pad,,,Rubbish Bin,LCARTER,2023/10/26 22:52:01+00,LCARTER,2023/11/22 21:14:57+00,
1776620.4281,5449336.9961,317,Tilley Tilt,Akatārawa Cemetery,{6816D9E9-C8F2-497D-A38F-52EFC77A77D2},Rubbish Bin,Rubbish Bin along driveway mounted in concrete pad,,,Rubbish Bin,LCARTER,2023/10/26 22:52:01+00,LCARTER,2023/11/22 21:14:57+00,
1776622.7565,5449345.1455,318,Tilley Tilt,Akatārawa Cemetery,{C27DEF48-BBAC-4C2D-850D-ADA09A60D41C},Rubbish Bin,Rubbish Bin along driveway mounted in concrete pad,,,Rubbish Bin,LCARTER,2023/10/26 22:52:01+00,LCARTER,2023/11/22 21:14:57+00,
1776634.6099,5449334.8795,319,Tilley Tilt,Akatārawa Cemetery,{38944E31-D66D-411C-9B76-23D36025A1A3},Rubbish Bin,Rubbish Bin along driveway mounted in concrete pad,,,Rubbish Bin,LCARTER,2023/10/26 22:52:01+00,LCARTER,2023/11/22 21:14:57+00,
1776642.0181,5449351.9187,320,Tilley Tilt,Akatārawa Cemetery,{D797EB40-9C9E-4323-8EDA-0E2E4E99641C},Rubbish Bin,Rubbish Bin along driveway mounted in concrete pad,,,Rubbish Bin,LCARTER,2023/10/26 22:52:01+00,LCARTER,2023/11/22 21:14:57+00,
1776660.7837,5449360.3443,321,Tilley Tilt,Akatārawa Cemetery,{06FA2C88-A0A4-497B-825C-D5B488F68B6C},Rubbish Bin,Rubbish Bin along driveway mounted in concrete pad,,,Rubbish Bin,LCARTER,2023/10/26 22:52:01+00,LCARTER,2023/11/22 21:14:57+00,
1776663.4381,5449353.3935,322,Tilley Tilt,Akatārawa Cemetery,{162A905B-C80B-4D02-85E2-B6209B2C8D1D},Rubbish Bin,Rubbish Bin along driveway mounted in concrete pad,,,Rubbish Bin,LCARTER,2023/10/26 22:52:01+00,LCARTER,2023/11/22 21:14:57+00,
1776687.0337,5449369.3549,323,Tilley Tilt,Akatārawa Cemetery,{2CACC952-1F4F-4C81-9B2F-D45BC8E69BC0},Rubbish Bin,Rubbish Bin along driveway mounted in concrete pad,,,Rubbish Bin,LCARTER,2023/10/26 22:52:01+00,LCARTER,2023/11/22 21:14:57+00,
1776709.4871,5449384.6477,324,Tilley Tilt,Akatārawa Cemetery,{62D672A9-15A9-452C-9D73-D244D6E66417},Rubbish Bin,Rubbish Bin along driveway mounted in concrete pad,,,Rubbish Bin,LCARTER,2023/10/26 22:52:01+00,LCARTER,2023/11/22 21:14:57+00,
1776684.1057,5449376.3401,325,Tilley Tilt,Akatārawa Cemetery,{C022EA88-28B0-4165-8834-3AE98C08CFA1},Rubbish Bin,Rubbish Bin along driveway mounted in concrete pad,,,Rubbish Bin,LCARTER,2023/10/26 22:52:01+00,LCARTER,2023/11/22 21:14:57+00,
1776704.8603,5449390.2323,326,Tilley Tilt,Akatārawa Cemetery,{0381781E-2D07-4B4F-96E4-ED168A7E5EE1},Rubbish Bin,Rubbish Bin along driveway mounted in concrete pad,,,Rubbish Bin,LCARTER,2023/10/26 22:52:01+00,LCARTER,2023/11/22 21:14:57+00,
1776731.8571,5449400.0433,327,Tilley Tilt,Akatārawa Cemetery,{17A90B54-7BD1-4D52-99F0-D83DE1907D66},Rubbish Bin,Rubbish Bin along driveway mounted in concrete pad,,,Rubbish Bin,LCARTER,2023/10/26 22:52:01+00,LCARTER,2023/11/22 21:14:57+00,
1776783.1731,5449426.4251,328,Paramount Tilt,Akatārawa Cemetery,{25C069CB-A422-499B-B227-6A39CBCB61CD},Rubbish Bin,Junior Paramount Rubbish Bin - No Lid,,,Rubbish Bin,LCARTER,2023/10/26 22:52:01+00,LCARTER,2023/11/22 21:14:57+00,
1776751.7301,5449422.5365,329,Tilley Tilt,Akatārawa Cemetery,{098D0636-C352-4B43-ADDE-06D6F683D52C},Rubbish Bin,Rubbish Bin next to Water Tap along driveway,,,Rubbish Bin,LCARTER,2023/10/26 22:52:01+00,LCARTER,2023/11/22 21:14:57+00,
1776653.9803,5449334.3223,330,,Akatārawa Cemetery,{0CB5ED19-985A-4FB1-B1B0-8835A8D8F865},Dog Bag Dispenser,Dog Dispenser mounted on Noticeboard,,,Dog Bag Dispenser,LCARTER,2023/10/26 22:57:34+00,LCARTER,2023/11/22 21:14:57+00,
,,331,,,{0322B740-258C-4A1D-B9BD-E5B0F9A7D33B},BBQ,,,,Symbol - BBQ,LCARTER,2023/11/03 00:47:55+00,LCARTER,2023/11/03 00:47:55+00,
,,332,,,{F025EBAC-2A6D-4333-A7DB-7A34D310E449},Dog Bag Dispenser,,,,Symbol - Dog Bag Dispenser,LCARTER,2023/11/03 00:47:55+00,LCARTER,2023/11/03 00:47:55+00,
,,333,,,{AC0E77AC-F0CF-42A8-B006-C0500EE7B829},Drinking Fountain,,,,Symbol - Drinking Fountain,LCARTER,2023/11/03 00:47:55+00,LCARTER,2023/11/03 00:47:55+00,
,,334,,,{6DBB20A4-A63B-47D7-964B-C71BED959762},Picnic Table,,,,Symbol - Picnic Table,LCARTER,2023/11/03 00:47:55+00,LCARTER,2023/11/03 00:47:55+00,
,,335,,,{1B5D5B34-C8CC-4765-AE9B-83C5000ED126},Playground,,,,Symbol - Playground,LCARTER,2023/11/03 00:47:55+00,LCARTER,2023/11/03 00:47:55+00,
,,336,,,{5E4A0D3D-E4E9-4DB4-AC70-B2190735B215},Rubbish Bin,,,,Symbol - Rubbish Bin,LCARTER,2023/11/03 00:47:55+00,LCARTER,2023/11/03 00:47:55+00,
,,337,,,{A5F3E033-2F6F-4684-ACA9-1AD0BD6ABEC8},Sound Stage,,,,Symbol - Sound Stage,LCARTER,2023/11/03 00:47:55+00,LCARTER,2023/11/03 00:47:55+00,
,,338,,,{F9938955-6385-4535-AE55-2E1449C206C7},Sport & Recreation,,,,Symbol - Sport & Recreation,LCARTER,2023/11/03 00:47:55+00,LCARTER,2023/11/03 00:47:55+00,
,,339,,,{79174EC0-6AF1-4715-85ED-AD7A219F4FD2},Shelter,,,,Symbol - Shelter,LCARTER,2023/11/03 00:47:55+00,LCARTER,2023/11/03 00:47:55+00,
,,340,,,{D8BBED6F-197E-48C7-AEC3-CD7C8BA3754A},Water Feature,,,,Symbol - Water Feature,LCARTER,2023/11/03 00:47:55+00,LCARTER,2023/11/03 00:47:55+00,
1772796.9639,5446235.0827,341,Hutt Valley Thunderbolts BMX Track,McLeod Park,{DAC3C448-162E-4425-8F8C-7814A030C279},Sport & Recreation,,,,Hutt Valley Thunderbolts BMX Track,LCARTER,2023/11/16 01:05:23+00,LCARTER,2023/11/16 01:25:44+00,
1773469.3108,5445159.8564,342,Public Pool,Civic Centre,{807E3C09-C4C3-4F65-9EF1-A384F0046181},Water Feature,,,,H2O Aquatic Centre,LCARTER,2023/11/16 22:07:52+00,LCARTER,2023/11/17 00:52:12+00,
1773519.8385,5445165.2343,343,Whirinaki Whare Taonga Arts Centre and Recreation Hall,Civic Centre,{D0E468A1-A245-4B00-89CE-63B4BA1D70D8},Sport & Recreation,,,,Whirinaki Whare Taonga Arts Centre and Recreation Hall,LCARTER,2023/11/16 22:10:42+00,LCARTER,2023/11/16 23:24:29+00,
1773618.9191,5445183.0695,344,Library,Civic Centre,{1152FD58-7752-417B-AFDF-1877D25642EC},Library,,,,Upper Hutt Central Library,LCARTER,2023/11/16 22:52:26+00,LCARTER,2023/11/17 03:28:36+00,
1768888.0887,5441544.5861,345,Library,Pinehaven Library Reserve,{B0F6CE8D-55D2-4367-8372-617E3DB7D7A7},Library,,,,Pinehaven Library,LCARTER,2023/11/16 23:08:50+00,LCARTER,2023/11/17 03:28:36+00,
1771098.2382,5444108.5219,346,Tree Climbing Frame,Tawai Park,{F085C835-9C3C-4FA0-8D9E-7C5878CB2A03},Sport & Recreation,Tree as a climbing frame,,,Tree Climbing Frame,LCARTER,2023/11/16 23:31:31+00,LCARTER,2023/11/16 23:35:03+00,
,,347,,,{EC037B35-8A3F-4DD8-8A85-D8A3CE8B2341},Library,,,,Symbol - Library,LCARTER,2023/11/19 21:48:57+00,LCARTER,2023/11/19 21:48:57+00,
1774892.589,5446212.7945,348,,Benge Park,{DF6A730B-F05B-4FBD-A617-0C542B42E751},Shelter,,,,Shelter,LCARTER,2024/08/29 23:43:19+00,LCARTER,2024/08/30 00:39:07+00,
1775223.8211,5447492.2914,349,,California Park,{F5119E13-BEE0-4434-99A1-9FC57F13DA41},Shelter,,,,Shelter,LCARTER,2024/08/29 23:43:19+00,LCARTER,2024/08/30 00:43:37+00,
1772494.4343,5444223.9242,350,,Grant's Bush,{3745361F-1B8A-449C-9393-37F9A85A2D2B},Shelter,,,,Shelter,LCARTER,2024/08/29 23:48:39+00,LCARTER,2024/08/30 01:26:46+00,
1772488.0786,5444214.5899,351,,Grant's Bush,{95FF5C24-6921-4B57-9212-4D9C77C32346},Playground,,,,Playground,LCARTER,2024/08/29 23:50:11+00,LCARTER,2024/08/30 01:26:46+00,
1769043.1543,5443604.9079,352,,Heretaunga Park,{CB89F569-07BF-4D10-AF79-C04018E86B3E},Shelter,,,,Shelter,LCARTER,2024/08/29 23:52:16+00,LCARTER,2024/08/29 23:52:16+00,
1774022.9839,5445155.9967,353,,Maidstone Max,{47BC1EF0-1710-46D0-B188-AFC52C6C546A},Shelter,,,,Shelter,LCARTER,2024/08/29 23:54:17+00,LCARTER,2024/08/29 23:54:17+00,
1773934.7899,5445085.8765,354,,Maidstone Max,{372D3810-EC50-4613-8325-D6A3D163560C},Shelter,,,,Shelter,LCARTER,2024/08/29 23:55:26+00,LCARTER,2024/08/29 23:55:26+00,
1773965.0286,5445079.843,355,,Maidstone Max,{A44FB966-2D10-414F-B263-75AC5DDBEAB5},Shelter,,,,Shelter,LCARTER,2024/08/29 23:55:26+00,LCARTER,2024/08/29 23:55:26+00,
1774039.5044,5445125.7197,356,,Maidstone Max,{1D214B36-011D-4DDB-BB2E-6885DFE3473E},Shelter,,,,Shelter,LCARTER,2024/08/29 23:57:24+00,LCARTER,2024/08/29 23:57:24+00,
1775286.9709,5446383.3151,357,,Māoribank Park,{8EACD8D2-4043-4485-9126-1E5E020349D1},Shelter,,,,Shelter,LCARTER,2024/08/29 23:59:10+00,LCARTER,2024/08/29 23:59:10+00,
1772455.1454,5446034.851,358,,McLeod Street Play Area,{E0085A5F-2220-4F3C-A702-0D056456B380},Shelter,,,,Shelter,LCARTER,2024/08/30 00:02:18+00,LCARTER,2024/08/30 00:02:18+00,
1769020.7529,5441701.2595,359,,Pinehaven Reserve,{7E6229BE-547C-4841-821C-509EEABAB060},Shelter,,,,Shelter,LCARTER,2024/08/30 00:05:53+00,LCARTER,2024/08/30 00:05:53+00,
1770347.3871,5443151.0129,360,,Pinehill Reserve,{E840B0A0-0C66-4A43-B72E-FCFD38DD0C61},Shelter,,,,Shelter,LCARTER,2024/08/30 00:07:08+00,LCARTER,2024/08/30 00:07:08+00,
1779028.9159,5448593.8249,361,,Plateau Road Play Area,{03AE3902-718F-4E16-B74F-BAC747C4AB09},Shelter,,,,Shelter,LCARTER,2024/08/30 00:08:45+00,LCARTER,2024/08/30 00:08:45+00,
1776401.0985,5448726.9004,362,,Rātā Park,{83A89797-10C4-497C-B17B-6313A72FE681},Shelter,,,,Shelter,LCARTER,2024/08/30 00:12:15+00,LCARTER,2024/08/30 00:12:15+00,
1768973.9299,5442745.6075,363,,Silverstream Park,{4C8EBB41-A7EA-4845-A3CE-13F8A25B2A77},Shelter,,,,Shelter,LCARTER,2024/08/30 00:13:52+00,LCARTER,2024/08/30 00:13:52+00,
1771091.5943,5444102.2395,364,,Tawai Park,{DD5BB97F-DECB-4601-9042-87003C8C734F},Shelter,,,,Shelter,LCARTER,2024/08/30 00:15:03+00,LCARTER,2024/08/30 00:15:03+00,
1775962.0293,5446896.6339,365,,Te Haukāretu Park,{508A87AF-D951-4547-8D3E-7BC37E659ED7},Shelter,,,,Shelter,LCARTER,2024/08/30 00:16:25+00,LCARTER,2024/08/30 00:16:25+00,
1776752.9647,5447278.0901,366,,Timberlea Park,{E4239736-78E8-472B-A11A-FF7FBA3CF226},Shelter,,,,Shelter,LCARTER,2024/08/30 00:18:01+00,LCARTER,2024/08/30 00:18:01+00,
1770562.6271,5444545.1693,367,,Trentham Memorial Park,{BE9147D0-2219-45D7-B4D9-333096322BC1},Shelter,,,,Shelter,LCARTER,2024/08/30 00:20:10+00,LCARTER,2024/08/30 00:20:10+00,
1774771.4023,5446963.6165,368,,Turon Park,{AF3F9B3A-09E8-4064-90F8-FA31AC230AA7},Shelter,,,,Shelter,LCARTER,2024/08/30 00:21:45+00,LCARTER,2024/08/30 00:21:45+00,
1772586.9005,5444746.5707,369,,Ward/Miro Green Area,{CD2A0B39-8AD2-43A0-B8AD-68C26EF9ED6C},Shelter,,,,Shelter,LCARTER,2024/08/30 00:22:48+00,LCARTER,2024/08/30 00:22:48+00,
1774189.4439,5445080.2917,370,,Maidstone Park,{94C910ED-995B-46BE-B166-D62F112718EE},Shelter,,,,Shelter,LCARTER,2024/08/30 00:25:58+00,LCARTER,2024/08/30 00:25:58+00,
1774179.3303,5445086.1976,371,,Maidstone Park,{172A0B86-3A72-4515-B0CC-9131FB35FF21},Shelter,,,,Shelter,LCARTER,2024/08/30 00:25:58+00,LCARTER,2024/08/30 00:25:58+00,
1775890.013,5447760.2063,372,,Harcourt Park,{6783B7A8-2E3F-48ED-B4C5-AA06164A7A80},Shelter,,,,Shelter,LCARTER,2024/08/30 01:34:16+00,LCARTER,2024/08/30 01:34:16+00,
1775887.2062,5447720.6434,373,,Harcourt Park,{29053678-A809-4CF3-9D28-F77F3F421DCD},Shelter,,,,Shelter,LCARTER,2024/08/30 03:05:46+00,LCARTER,2024/08/30 03:05:46+00,
1774276.9632,5445051.3733,374,Maidstone Park Miniature Railway,Maidstone Park,{4344E090-F9F7-46F6-98E2-2AE3D21D354B},Sport & Recreation,https://maidstonemes.com/,,,Maidstone Park Miniature Railway,LCARTER,2025/08/22 04:48:20+00,LCARTER,2025/08/22 04:56:35+00,
1774356.2908,5445286.9202,375,,Park Sreet Depot,{8E1EAB14-4332-44BF-A441-9A6820CAA5CF},Recycling Station,,,,Recycling Station,LCARTER,2025/08/24 22:51:36+00,LCARTER,2025/08/24 22:52:27+00,
