X,Y,OBJECTID,Location,Description,Asset_ID_UA,Asset_ID_AWM,Short_ID_UA,Road_ID_AWM,Location_AWM,Asset_Group_UA,Rubbish_Bin_Type_AWM,Asset_Type_UA,SubType,Asset_Class_ID_UA,Asset_Owner,Location_Verified,GlobalID,created_user,created_date,last_edited_user,last_edited_date,Zone,Servicing_Schedule_Summer,Servicing_Schedule_Winter
1768966.5793,5442733.8453,2,Silverstream Park,,87485,,SILVER-BIN01,,,,,Bin,,16,,Verified 08/2025,{B0C5CC57-8425-43F5-8539-5D48FF25CAA4},CSADMIN,2025/08/29 03:57:27+00,CSADMIN,2025/08/29 03:57:27+00,,,
1770562.9591,5444553.2802,6,Trentham Memorial Park,,88567,,TMP-BIN05,,,,,Bin,,16,,Verified 08/2025,{ED8872C4-22F7-47A4-8EC3-D214C27D3B84},CSADMIN,2025/08/29 03:57:27+00,CSADMIN,2025/08/29 03:57:27+00,,,
1774835.7642,5446648.4889,8,Awa Kairangi Park,,88534,,AWAKAIR-BIN01,,,,,Bin,,16,,Verified 08/2025,{4A81BC57-8493-4C34-8C4D-95D9B124D7A7},CSADMIN,2025/08/29 03:57:27+00,CSADMIN,2025/08/29 03:57:27+00,,,
1774019.4242,5445156.0918,20,Maidstone Max,"Red ""Rubbish"" bin in same unit as blue ""Glass Bottles"" recycling bin and yellow ""Recycle"" bin. ",89163,,MAIDSTONE-BIN5,,,,,Bin,3 Bay,16,,Verified 08/2025,{820A4BDF-B86F-4E46-8D60-3D69A4D21B26},CSADMIN,2025/08/29 03:57:27+00,CSADMIN,2025/08/29 03:57:27+00,,,
1774113.9006,5445155.6365,22,Maidstone Park,,89170,,MAIDSTONE-BIN11,,,,,Bin,,16,,Verified 08/2025,{3FD14BCF-20BD-4BBC-BB45-775295425D6C},CSADMIN,2025/08/29 03:57:27+00,CSADMIN,2025/08/29 03:57:27+00,,,
1774190.9036,5445073.3008,26,Maidstone Park,,89176,,MAIDSTONE-BIN16,,,,,Bin,,16,,Verified 08/2025,{E66BA1F4-59C7-4629-A043-B65E4CA29EDD},CSADMIN,2025/08/29 03:57:27+00,CSADMIN,2025/08/29 03:57:27+00,,,
1770165.6939,5444436.5773,29,Trentham Memorial Park,,88622,,TMP-BIN14,,,,,Bin,,16,,Verified 08/2025,{22CA29FE-7108-488B-854A-578F8731538B},CSADMIN,2025/08/29 03:57:27+00,CSADMIN,2025/08/29 03:57:27+00,,,
1773602.9605,5445125.2085,32,Civic Centre,,89403,,CIVIC-BIN01,,,,,Bin,,16,,Verified 08/2025,{688048EE-3AAF-4334-91F9-C67CC626AE96},CSADMIN,2025/08/29 03:57:27+00,CSADMIN,2025/08/29 03:57:27+00,,,
1768979.2555,5442744.5115,33,Silverstream Park,,90569,,SILVER-BIN02,,,,,Bin,,16,,Verified 08/2025,{56C33751-C11C-4CE8-A803-F69C145B88F1},CSADMIN,2025/08/29 03:57:27+00,CSADMIN,2025/08/29 03:57:27+00,,,
1774267.1391,5445232.9519,37,Maidstone Park,,103519,,MAIDSTONE-BIN21,,,,,Bin,,16,,Verified 08/2025,{932DCD7B-924E-4D10-8B84-21BDFA82B45E},CSADMIN,2025/08/29 03:57:27+00,CSADMIN,2025/08/29 03:57:27+00,,,
1774270.0954,5445234.261,38,Maidstone Park,,103520,,MAIDSTONE-BIN22,,,,,Bin,,16,,Verified 08/2025,{F7602319-D4E4-43BF-A4B9-ECB9955630F1},CSADMIN,2025/08/29 03:57:27+00,CSADMIN,2025/08/29 03:57:27+00,,,
1774348.4747,5445214.9728,40,Maidstone Park,,103523,,MAIDSTONE-BIN25,,,,,Bin,,16,,Verified 08/2025,{2995D30F-6965-4701-89AA-34C46774061F},CSADMIN,2025/08/29 03:57:27+00,CSADMIN,2025/08/29 03:57:27+00,,,
1780584.439,5449342.3575,42,SH2,,105674,,KAITOKEHILL-BIN,,,,,Bin,,16,,Verified 08/2025,{21F19B7D-D9BC-442F-A7F2-B7FD2A068B2F},CSADMIN,2025/08/29 03:57:27+00,CSADMIN,2025/08/29 03:57:27+00,,,
1787381.6859,5446114.8582,43,Remutaka Summit Carpark,,,,,,,,,Bin,,16,,Verified 08/2025,{5907AEDB-60C7-40D4-B9C3-9A382F5CFDCE},CSADMIN,2025/08/29 03:57:27+00,CSADMIN,2025/08/29 03:57:27+00,,,
1776756.4215,5449416.5784,44,Akatārawa Cemetery,,107404,,AKA-CEM-BIN19,,,,,Bin,,16,,Verified 08/2025,{07DB92E9-4F07-4376-8889-D128CEDDD02F},CSADMIN,2025/08/29 03:57:27+00,CSADMIN,2025/08/29 03:57:27+00,,,
1775713.5033,5447731.1622,46,Harcourt Park,,108730,,HARCOURT-BIN23,,,,,Bin,,16,,Verified 08/2025,{905D7981-9CB9-40C3-8C1C-83F2DDCB8A3E},CSADMIN,2025/08/29 03:57:27+00,CSADMIN,2025/08/29 03:57:27+00,,,
1774890.8022,5446197.811,47,Benge Park,Tilly tilt unstained,87913,,BENGE-BIN01,,,Rubbish Bin,,Tilley Tilt,,16,,Verified 08/2025,{1221C6AB-E360-4DAF-B7DB-B15B4BE11980},CSADMIN,2025/08/29 03:57:27+00,CSADMIN,2025/08/29 03:57:27+00,,,
1774971.0751,5446756.2449,49,Awa Kairangi Park,Tilly Tilt Unstained Rubbish Bin at intersection of paths,,,,,,Rubbish Bin,,Tilley Tilt,,,,Verified 08/2025,{4F7F73A8-8892-4305-8224-E384B6011042},CSADMIN,2025/08/29 03:57:27+00,CSADMIN,2025/08/29 03:57:27+00,,,
1779031.5681,5448581.8949,51,Plateau Road Play Area,Wooden Slat Rubbish Bin on concrete pad,87681,,PLATEAU-BIN,,,Rubbish Bin,,Tilley Tilt,,16,,Verified 08/2025,{B8995113-D88C-426B-9AFC-2A4A7C197537},CSADMIN,2025/08/29 03:57:27+00,CSADMIN,2025/08/29 03:57:27+00,,,
1774581.0105,5447169.7249,52,Tulsa Park,Standard tilt bin on concrete pad not stained. ,87967,,TULSA-BIN01,,,Rubbish Bin,,Tilley Tilt,,16,,Verified 08/2025,{91ECD38A-9404-4DEC-A492-D5F54C11FE70},CSADMIN,2025/08/29 03:57:27+00,CSADMIN,2025/08/29 03:57:27+00,,,
1773573.0489,5446197.7354,53,Riverbank Park,Tilly tilt unstained- by playground,88758,,RIVERBNK-BIN01,,,Rubbish Bin,,Tilley Tilt,,16,,Verified 08/2025,{D42968AF-B096-419E-A107-4252B945CDBC},CSADMIN,2025/08/29 03:57:27+00,CSADMIN,2025/08/29 03:57:27+00,,,
1772585.4015,5444752.8508,54,Ward/Miro Green Area,Tilley stained slat bin next to playground,87573,,WARD/MIRO-BIN01,,,Rubbish Bin,,Tilley Tilt,,16,,Verified 08/2025,{F9625C6C-70D1-4239-AC7F-EB32B8699BF9},CSADMIN,2025/08/29 03:57:27+00,CSADMIN,2025/08/29 03:57:27+00,,,
1771225.2779,5446382.2371,56,Craigs Flat Reserve,Tilly wooden slat tilt bin unstained,87860,,CRAIGSFLAT-BIN1,,,Rubbish Bin,,Tilley Tilt,,16,,Verified 08/2025,{A5F3DB1C-E6B3-48B1-A4A1-C50DCB711103},CSADMIN,2025/08/29 03:57:27+00,CSADMIN,2025/08/29 03:57:27+00,,,
1768795.7807,5442422.0241,58,Dunns Park,Tilley Tilt Rubbish Bin by path,87577,,DUNNS-BIN01,,,Rubbish Bin,,Tilley Tilt,,16,,Verified 08/2025,{99CAF682-DC94-4D7A-965E-491275EE262B},CSADMIN,2025/08/29 03:57:27+00,CSADMIN,2025/08/29 03:57:27+00,,,
1769057.0647,5443610.5329,59,Heretaunga Park,Tilly tilt unstained (by playground),87641,,HERETNGA-BIN01,,,Rubbish Bin,,Tilley Tilt,,16,,Verified 08/2025,{2471EFE6-0CC3-4FE7-894F-D82D0BAFED4C},CSADMIN,2025/08/29 03:57:27+00,CSADMIN,2025/08/29 03:57:27+00,,,
1769080.8721,5443615.4284,60,Heretaunga Park,Tilly tilt unstained (by bridge),87642,,HERETNGA-BIN02,,,Rubbish Bin,,Tilley Tilt,,16,,Verified 08/2025,{61487BFC-1A67-4E8B-9FD9-04C91AE9FAA4},CSADMIN,2025/08/29 03:57:27+00,CSADMIN,2025/08/29 03:57:27+00,,,
1780306.0403,5448241.7529,61,Upper Plateu Park,Tilley Tilt Rubbish Bin,87668,,UP-PLATEAU-BIN,,,Rubbish Bin,,Tilley Tilt,,16,,Verified 08/2025,{F3F99185-4888-4FBA-A659-FC8E97D7FD1A},CSADMIN,2025/08/29 03:57:27+00,CSADMIN,2025/08/29 03:57:27+00,,,
1775289.4939,5446366.3349,63,Māoribank Park,Tilly Tilt Unstained Rubbish Bin,87934,,MAORIBANK-BIN01,,,Rubbish Bin,,Tilley Tilt,,16,,Verified 08/2025,{499D42EF-0AC3-4401-89FE-7B4D73DF50CF},CSADMIN,2025/08/29 03:57:27+00,CSADMIN,2025/08/29 03:57:27+00,,,
1775491.5755,5446482.6545,64,Māoribank Park,Tilly Tilt Unstained Rubbish Bin,87935,,MAORIBANK-BIN02,,,Rubbish Bin,,Tilley Tilt,,16,,Verified 08/2025,{66CB7B4B-B4F1-4371-A39F-0BFC511B2112},CSADMIN,2025/08/29 03:57:27+00,CSADMIN,2025/08/29 03:57:27+00,,,
1775224.001,5447469.6627,65,California Park,Bin by playground - tilly tilt unstained,88022,,CALIF-BIN01,,,Rubbish Bin,,Tilley Tilt,,16,,Verified 08/2025,{8252F1AC-C2D5-4469-80C7-021A85311843},CSADMIN,2025/08/29 03:57:27+00,CSADMIN,2025/08/29 03:57:27+00,,,
1772469.6514,5446023.0146,66,McLeod Street Play Area,Tilly Tilt - unstained Rubbish Bin,87775,,MCLEOD-BIN,,,Rubbish Bin,,Tilley Tilt,,16,,Verified 08/2025,{BFA38629-6686-46EC-B374-F5614EEA7384},CSADMIN,2025/08/29 03:57:27+00,CSADMIN,2025/08/29 03:57:27+00,,,
1775910.7332,5447656.3563,67,Harcourt Park,Bin in paddling pool area - tilly tilt stained,88699,,HARCOURT-BIN04,,,Rubbish Bin,,Tilley Tilt,,16,,Verified 08/2025,{F1775F85-F185-45D5-8458-8F9F233FF19E},CSADMIN,2025/08/29 03:57:27+00,CSADMIN,2025/08/29 03:57:27+00,,,
1774765.4937,5446964.0315,68,Turon Park,Tilly tilt stained Rubbish Bin,87952,,TURON-BIN01,,,Rubbish Bin,,Tilley Tilt,,,,Verified 08/2025,{86F17F12-2263-4526-A873-F2F4F1D0E041},CSADMIN,2025/08/29 03:57:27+00,CSADMIN,2025/08/29 03:57:27+00,,,
1770656.502,5444496.6771,70,Trentham Memorial Park,Tilley Tilt Rubbish Bin outside Brentwood Changing Rooms,88347,,TMP-BIN02,,,Rubbish Bin,,Tilley Tilt,,16,,Verified 08/2025,{EEB4979A-0D46-4627-B121-8D3DDF1A3A46},CSADMIN,2025/08/29 03:57:27+00,CSADMIN,2025/08/29 03:57:27+00,,,
1776772.3623,5447265.8865,73,Timberlea Park,Tilley Tilt Rubbish Bin by Community Hall,88440,,TIMBERLEA-BIN02,,,Rubbish Bin,,Tilley Tilt,,16,,Verified 08/2025,{EC4B80F0-0CE9-4B8D-8260-CC039296E88A},CSADMIN,2025/08/29 03:57:27+00,CSADMIN,2025/08/29 03:57:27+00,,,
1776740.8541,5447278.2007,74,Timberlea Park,Tilley Tilt Rubbish Bin by playground - unstained mounted on path,88439,,TIMBERLEA-BIN01,,,Rubbish Bin,,Tilley Tilt,,16,,Verified 08/2025,{0762AAC1-C75B-4860-BA96-F10E9D85B4D9},CSADMIN,2025/08/29 03:57:27+00,CSADMIN,2025/08/29 03:57:27+00,,,
1775351.2385,5446457.0809,75,Māoribank Park,Tilly Tilt Unstained Rubbish Bin,87936,,MAORIBANK-BIN03,,,Rubbish Bin,,Tilley Tilt,,16,,Verified 08/2025,{9EF35EF1-15AA-448A-A45E-428CB14DBA57},CSADMIN,2025/08/29 03:57:27+00,CSADMIN,2025/08/29 03:57:27+00,,,
1770258.1271,5444303.9043,76,Trentham Memorial Park,Tilly tilt unstained Rubbish Bin by Barton Rd carpark,88618,,TMP-BIN10,,,Rubbish Bin,,Tilley Tilt,,16,,Verified 08/2025,{607A2B02-0554-40A2-BEA8-D579C1D6691F},CSADMIN,2025/08/29 03:57:27+00,CSADMIN,2025/08/29 03:57:27+00,,,
1770580.3304,5444585.4057,77,Trentham Memorial Park,Tilly tilt stained rubbish bin behind Water Feature,88569,,TMP-BIN07,,,Rubbish Bin,,Tilley Tilt,,16,,Verified 08/2025,{A6EA5366-9999-4CDB-8485-47B7DBFCB579},CSADMIN,2025/08/29 03:57:27+00,CSADMIN,2025/08/29 03:57:27+00,,,
1775411.0959,5447562.4683,80,California Park,Tilly Tilt unstained by path with Dog Dispenser,88024,,CALIF-BIN02,,,Rubbish Bin,,Tilley Tilt,,16,,Verified 08/2025,{3EB83812-1332-42A8-9AB4-3D4610AFC1CF},CSADMIN,2025/08/29 03:57:27+00,CSADMIN,2025/08/29 03:57:27+00,,,
1771028.0376,5445540.1747,81,Moonshine Park,Tilly tilt stained Rubbish Bin,,,MOONSHINE-BIN02,,,Rubbish Bin,,Tilley Tilt,,16,,Verified 08/2025,{B60504EB-B701-4934-88CB-7A2F4D984582},CSADMIN,2025/08/29 03:57:27+00,CSADMIN,2025/08/29 03:57:27+00,,,
1770810.7803,5445338.8827,82,Moonshine Park,Tilly tilt stained Rubbish Bin,88200,,MOONSHINE-BIN01,,,Rubbish Bin,,Tilley Tilt,,16,,Verified 08/2025,{41FD2429-9084-4DAA-AA6E-AF9804749D72},CSADMIN,2025/08/29 03:57:27+00,CSADMIN,2025/08/29 03:57:27+00,,,
1775918.8113,5447677.8338,84,Harcourt Park,Bin in paddling pool area - tilly tilt stained,88697,,HARCOURT-BIN03,,,Rubbish Bin,,Tilley Tilt,,16,,Verified 08/2025,{1D1A7A02-BE3D-40D3-8F99-788EF5B1E01D},CSADMIN,2025/08/29 03:57:27+00,CSADMIN,2025/08/29 03:57:27+00,,,
1775905.0593,5447695.6713,85,Harcourt Park,Bin in paddling pool area - tilly tilt stained,88695,,HARCOURT-BIN02,,,Rubbish Bin,,Tilley Tilt,,16,,Verified 08/2025,{9830A30F-0DBF-44D7-B709-FEA974C3AA68},CSADMIN,2025/08/29 03:57:27+00,CSADMIN,2025/08/29 03:57:27+00,,,
1773595.4863,5446236.1516,86,Pine Avenue Park,Tilly tilt unstained Rubbish Bin at end of carpark,88887,,PINEAV-BIN01,,,Rubbish Bin,,Tilley Tilt,,16,,Verified 08/2025,{CCE6CAAC-97F1-464B-8AEF-767A75CF47EE},CSADMIN,2025/08/29 03:57:27+00,CSADMIN,2025/08/29 03:57:27+00,,,
1775905.3535,5447753.0572,88,Harcourt Park,Bin by senior playground - tilly tilt stained,88781,,HARCOURT-BIN07,,,Rubbish Bin,,Tilley Tilt,,16,,Verified 08/2025,{D3BFDDCE-3AD9-4A76-98CC-34BCED20F171},CSADMIN,2025/08/29 03:57:27+00,CSADMIN,2025/08/29 03:57:27+00,,,
1775946.4529,5447792.1083,89,Harcourt Park,Bin by senior playground - unstained,88782,,HARCOURT-BIN08,,,Rubbish Bin,,Tilley Tilt,,16,,Verified 08/2025,{0F1B8B05-6915-489C-A67B-549CC4B1A32C},CSADMIN,2025/08/29 03:57:27+00,CSADMIN,2025/08/29 03:57:27+00,,,
1775875.2185,5447969.7924,94,Harcourt Park,Bin by start of path at azalea garden walk - tilly tilt unstained,88852,,HARCOURT-BIN15,,,Rubbish Bin,,Tilley Tilt,,16,,Verified 08/2025,{B918138D-2A74-4E7D-B36B-F36D1576B6A2},CSADMIN,2025/08/29 03:57:27+00,CSADMIN,2025/08/29 03:57:27+00,,,
1772808.3485,5446261.0141,99,McLeod Park,Tilly tilt unstained Rubbish Bin by Fence,88594,,MCLEODPK-BIN01,,,Rubbish Bin,,Tilley Tilt,,16,,Verified 08/2025,{196577C5-E2F2-478C-BB6B-CF9A76881396},CSADMIN,2025/08/29 03:57:27+00,CSADMIN,2025/08/29 03:57:27+00,,,
1776169.2306,5448917.2043,100,Birchville Picnic Area,Tilley tilt unstained Rubbish Bin,88387,,PICNIC-BIN01,,,Rubbish Bin,,Tilley Tilt,,16,,Verified 08/2025,{D9DA8383-84B1-468E-9733-D138B5B5DB8B},CSADMIN,2025/08/29 03:57:27+00,CSADMIN,2025/08/29 03:57:27+00,,,
1772077.7582,5445933.6317,101,Whakatiki Park,Tilley slat Rubbish Bin,88915,,WHAKATIKI-BIN02,,,Rubbish Bin,,Tilley Tilt,,16,,Verified 08/2025,{8C560918-55E5-4EA9-A97B-134D1BCBFD4C},CSADMIN,2025/08/29 03:57:27+00,CSADMIN,2025/08/29 03:57:27+00,,,
1772111.9851,5446084.9953,102,Whakatiki Park,Tilley slat Rubbish Bin,88914,,WHAKATIKI-BIN01,,,Rubbish Bin,,Tilley Tilt,,16,,Verified 08/2025,{F3A6FBB0-4BCC-4743-8BD6-8090F1E24857},CSADMIN,2025/08/29 03:57:27+00,CSADMIN,2025/08/29 03:57:27+00,,,
1774101.0057,5445118.1598,103,Maidstone Park,Tree area,89169,,MAIDSTONE-BIN10,,,Rubbish Bin,,Tilley Tilt,,16,,Verified 08/2025,{999C6CA2-68C5-4218-AE7E-05A437196EFC},CSADMIN,2025/08/29 03:57:27+00,CSADMIN,2025/08/29 03:57:27+00,,,
1774324.0461,5445270.7209,105,Maidstone Park,,89173,,MAIDSTONE-BIN14,,,Rubbish Bin,,Tilley Tilt,,16,,Verified 08/2025,{519A6F96-4B4A-495D-927A-24130E333691},CSADMIN,2025/08/29 03:57:27+00,CSADMIN,2025/08/29 03:57:27+00,,,
1774155.9963,5445186.8308,106,Maidstone Park,Tree area,89171,,MAIDSTONE-BIN12,,,Rubbish Bin,,Tilley Tilt,,16,,Verified 08/2025,{0B8E899F-AC58-4F9B-B05F-53235C15A6C6},CSADMIN,2025/08/29 03:57:27+00,CSADMIN,2025/08/29 03:57:27+00,,,
1774185.5937,5445105.5187,109,Maidstone Park,,,,,,,Rubbish Bin,,Tilley Tilt,,,,Verified 08/2025,{C7A8A116-737E-4ED1-AE04-65976F2FCD65},CSADMIN,2025/08/29 03:57:27+00,CSADMIN,2025/08/29 03:57:27+00,,,
1775581.5487,5446764.9767,110,Awa Kairangi Park,Rubbish Bin next to Toilet Block,89143,,NGATITAMA-BIN01,,,Rubbish Bin,,Tilley Tilt,,16,,Verified 08/2025,{B9BBCACF-602C-4882-A012-B595B5E83C03},CSADMIN,2025/08/29 03:57:27+00,CSADMIN,2025/08/29 03:57:27+00,,,
1775737.7883,5447587.5432,111,Harcourt Park Soccer,Rubbish bin by Pavilion,89157,,HAR-SOCCER-BIN1,,,Rubbish Bin,,Tilley Tilt,,16,,Verified 08/2025,{F87116ED-1DDC-4A23-8219-5E64243D50C7},CSADMIN,2025/08/29 03:57:27+00,CSADMIN,2025/08/29 03:57:27+00,,,
1778438.8253,5459275.008,113,Clouston Park,Rubbish Bin next to path,88034,,CLOUSTON-BIN01,,,Rubbish Bin,,44 Gallon,,16,,Verified 08/2025,{3626D527-390F-401C-B04E-AD6D8B95F50B},CSADMIN,2025/08/29 03:57:27+00,CSADMIN,2025/08/29 03:57:27+00,,,
1775750.01,5447435.7119,114,Harcourt Park Soccer,Rubbish Bin along side of field,89232,,HAR-SOCCER-BIN3,,,Rubbish Bin,,Tilley Tilt,,16,,Verified 08/2025,{05B08645-A909-464E-9230-3D435A864786},CSADMIN,2025/08/29 03:57:27+00,CSADMIN,2025/08/29 03:57:27+00,,,
1775727.9235,5447517.664,115,Harcourt Park Soccer,Rubbish Bin along side of field,89233,,HAR-SOCCER-BIN2,,,Rubbish Bin,,Tilley Tilt,,16,,Verified 08/2025,{F7A01EBC-B15C-4F2C-BEDF-CBD14DB65E36},CSADMIN,2025/08/29 03:57:27+00,CSADMIN,2025/08/29 03:57:27+00,,,
1775981.8013,5446886.5613,116,Te Haukāretu Park,Tilley Tilt Rubbish Bin mounted in concrete pad,89330,,TE HAUKA-BIN01,,,Rubbish Bin,,Tilley Tilt,,16,,Verified 08/2025,{039C4DC5-0A57-457C-A527-34BE5492F445},CSADMIN,2025/08/29 03:57:27+00,CSADMIN,2025/08/29 03:57:27+00,,,
1775997.91,5446846.6489,117,Te Haukāretu Park,Tilley Tilt Rubbish Bin mounted in concrete pad,89331,,TE HAUKA-BIN02,,,Rubbish Bin,,Tilley Tilt,,16,,Verified 08/2025,{A82D0F2D-6B1C-4F2D-86B8-DB8AEA8CDBB2},CSADMIN,2025/08/29 03:57:27+00,CSADMIN,2025/08/29 03:57:27+00,,,
1775965.2903,5446719.7347,118,Te Haukāretu Park,Tilley Tilt Rubbish Bin mounted in concrete pad next to path,89334,,TE HAUKA-BIN03,,,Rubbish Bin,,Tilley Tilt,,16,,Verified 08/2025,{CA48BE32-02F8-4490-AF79-9A733E12FE20},CSADMIN,2025/08/29 03:57:27+00,CSADMIN,2025/08/29 03:57:27+00,,,
1770391.1579,5444562.4073,119,Trentham Memorial Park,Tilly tilt unstained Rubbish Bin by Rotary Club Store,88620,,TMP-BIN12,,,Rubbish Bin,,Tilley Tilt,,16,,Verified 08/2025,{3B9CCD15-75B9-489D-A7AA-2E4B175C5585},CSADMIN,2025/08/29 03:57:27+00,CSADMIN,2025/08/29 03:57:27+00,,,
1770573.6747,5444670.5397,120,Trentham Memorial Park,Tilly tilt stained (Brentwood carpark),88630,,TMP-BIN22,,,Rubbish Bin,,Tilley Tilt,,16,,Verified 08/2025,{04EEAE9E-12A9-4450-8FDB-FDB2B97602B3},CSADMIN,2025/08/29 03:57:27+00,CSADMIN,2025/08/29 03:57:27+00,,,
1769946.0847,5444718.5936,121,Trentham Memorial Park,Tilly tilt unstained by seat12 (stopbank-golf course),88627,,TMP-BIN19,,,Rubbish Bin,,Tilley Tilt,,16,,Verified 08/2025,{F942CA97-A31D-4A23-8C9D-D18B9AD0B26E},CSADMIN,2025/08/29 03:57:27+00,CSADMIN,2025/08/29 03:57:27+00,,,
1769959.7678,5444852.7277,122,Trentham Memorial Park,Tilley Tilt Rubbish Bin located river side of stopbank,88616,,TMP-BIN08,,,Rubbish Bin,,Tilley Tilt,,16,,Verified 08/2025,{5693E885-381A-48B0-8826-85D1A9553953},CSADMIN,2025/08/29 03:57:27+00,CSADMIN,2025/08/29 03:57:27+00,,,
1770365.6325,5444286.9821,123,Trentham Memorial Park,Tilly tilt unstained (Domain bush entrance at Barton side),88624,,TMP-BIN16,,,Rubbish Bin,,Tilley Tilt,,16,,Verified 08/2025,{676AA807-6C89-49BC-919D-382AEEE99010},CSADMIN,2025/08/29 03:57:27+00,CSADMIN,2025/08/29 03:57:27+00,,,
1770130.7138,5444484.32,126,Trentham Memorial Park,"Tilly tilt stained (cricket club, outside cricket cafe)",88621,,TMP-BIN13,,,Rubbish Bin,,Tilley Tilt,,16,,Verified 08/2025,{45465983-B35F-4821-9490-21FBF04CE9AC},CSADMIN,2025/08/29 03:57:27+00,CSADMIN,2025/08/29 03:57:27+00,,,
1770144.9666,5444453.8324,127,Trentham Memorial Park,Tilly tilt stained (cricket club),,,,,,Rubbish Bin,,Tilley Tilt,,,,Verified 08/2025,{EA7D3B51-9084-4B09-80BC-E030A4EDE12D},CSADMIN,2025/08/29 03:57:27+00,CSADMIN,2025/08/29 03:57:27+00,,,
1770145.6799,5444454.4591,128,Trentham Memorial Park,Tilly tilt stained (cricket club),88623,,TMP-BIN15,,,Rubbish Bin,,Tilley Tilt,,16,,Verified 08/2025,{C9717489-27B0-41A2-80F1-B8455DBF4AD7},CSADMIN,2025/08/29 03:57:27+00,CSADMIN,2025/08/29 03:57:27+00,,,
1770773.7654,5444212.4129,131,Trentham Memorial Park,"Fixed metal slat next to sign 11, over the bridge at Fergusson Dve entrance North end.",88626,,TMP-BIN17,,,Rubbish Bin,,Tilley Tilt,,16,,Verified 08/2025,{0F456497-0AF3-4214-B346-65101382103D},CSADMIN,2025/08/29 03:57:27+00,CSADMIN,2025/08/29 03:57:27+00,,,
1773624.7304,5445200.9174,133,Civic Centre,Rubbish Bin adjacent to Library entrance,89419,,CIVIC-BIN02,FERGUSSON DRIVE,,Rubbish Bin,Bin,Tilley Tilt,,16,,Verified 08/2025,{179380C8-BD13-4ED8-AF54-56681D4CE7CC},CSADMIN,2025/08/29 03:57:27+00,CSADMIN,2025/08/29 03:57:27+00,,,
1768931.0123,5441611.5931,135,Pinehaven Reserve,Tilly tilt unstained Rubbish Bin,90570,,PINEHAVEN-BIN2,,,Rubbish Bin,,Tilley Tilt,,16,,Verified 08/2025,{1C220A11-DA89-489B-BE8F-BB128ED6F017},CSADMIN,2025/08/29 03:57:27+00,CSADMIN,2025/08/29 03:57:27+00,,,
1771092.7109,5444097.1416,136,Tawai Park,Tilly wooden slat tilt bin unstained,87557,,TAWAI-BIN01,,,Rubbish Bin,,Tilley Tilt,,16,,Verified 08/2025,{D213A1AE-5689-4270-A2D3-B5F0D785C5ED},CSADMIN,2025/08/29 03:57:27+00,CSADMIN,2025/08/29 03:57:27+00,,,
1767961.8859,5443375.7258,137,County Lane,Rubbish Bin at right side of Gate,100043,,COUNTYLNE-BIN01,,,Rubbish Bin,,Tilley Tilt,,16,,Verified 08/2025,{1F955D3C-10A4-41B2-BB66-7C6BCB49D8D5},CSADMIN,2025/08/29 03:57:27+00,CSADMIN,2025/08/29 03:57:27+00,,,
1777428.9388,5452293.6494,139,Karapoti Reserve,Rubbish Bin with stell mounts,100121,,KARA-PK-BIN1,,,Rubbish Bin,,44 Gallon,,16,,Verified 08/2025,{95F9BED8-3147-4F10-BD23-D38B988A2DC5},CSADMIN,2025/08/29 03:57:27+00,CSADMIN,2025/08/29 03:57:27+00,,,
1773804.4218,5445184.6566,140,Railway Green Space,Steel Rubbish Bin with Council Logo by Seat,,,,,,Rubbish Bin,,Oval,Polished Steel,,,Verified 08/2025,{BCBD88A7-7ACC-4B1F-97F8-7BF130F491BB},CSADMIN,2025/08/29 03:57:27+00,CSADMIN,2025/08/29 03:57:27+00,,,
1773800.4123,5445214.6041,141,Railway Green Space,Steel Rubbish Bin with Council Logo by Seat,,69,,STATION CRESCENT,,Rubbish Bin,Bin,Oval,Polished Steel,,,Verified 08/2025,{DDA941BA-E61D-48AA-81B2-875C016796CE},CSADMIN,2025/08/29 03:57:27+00,CSADMIN,2025/08/29 03:57:27+00,,,
1773798.1053,5445197.858,142,Railway Green Space,Steel Rubbish Bin with Council Logo by Seat,,68,,STATION CRESCENT,,Rubbish Bin,Bin,Oval,Polished Steel,,,Verified 08/2025,{C2F5AD23-C06B-43B9-AEE7-8F78A70271A3},CSADMIN,2025/08/29 03:57:27+00,CSADMIN,2025/08/29 03:57:27+00,,,
1774198.7423,5445201.595,143,Maidstone Park,Maidstone Prk turf,103517,,MAIDSTONE-BIN19,,,Rubbish Bin,,Tilley Tilt,,16,,Verified 08/2025,{DCA7D0AF-837E-422C-B1FE-03EA4C7B8670},CSADMIN,2025/08/29 03:57:27+00,CSADMIN,2025/08/29 03:57:27+00,,,
1774199.0397,5445200.8321,144,Maidstone Park,Maidstone Park turf,,,,,,Rubbish Bin,,Tilley Tilt,,,,Verified 08/2025,{F659DEAB-303A-498C-A4A6-100865168730},CSADMIN,2025/08/29 03:57:27+00,CSADMIN,2025/08/29 03:57:27+00,,,
1774229.5732,5445110.8255,147,Maidstone Park,Maidsone Park turf,,,,,,Rubbish Bin,,Tilley Tilt,,,,Verified 08/2025,{F95784CC-2279-4CC8-91C6-22D9CA02E3BE},CSADMIN,2025/08/29 03:57:27+00,CSADMIN,2025/08/29 03:57:27+00,,,
1774232.0366,5445126.5112,148,Maidstone Park,Maidstone Park turf,103522,,MAIDSTONE-BIN24,,,Rubbish Bin,,Tilley Tilt,,16,,Verified 08/2025,{55442C62-B30C-42CE-ADCB-4581B4C0882F},CSADMIN,2025/08/29 03:57:27+00,CSADMIN,2025/08/29 03:57:27+00,,,
1773036.8212,5445828.7007,151,Clyma Park,Tilly wooden slat tilt rubbish bin,106325,,CLYMA-BIN01,,,Rubbish Bin,,Tilley Tilt,,16,,Verified 08/2025,{751F1985-510E-4F75-B0D6-29FF8B932817},CSADMIN,2025/08/29 03:57:27+00,CSADMIN,2025/08/29 03:57:27+00,,,
1770552.1557,5444548.3709,152,Trentham Memorial Park,Tilley Tily Rubbish Bin by playground,106338,,TMP-BIN28,,,Rubbish Bin,,Tilley Tilt,,16,,Verified 08/2025,{A2A26A2D-EF9D-4C41-96EB-7CE237E5AF92},CSADMIN,2025/08/29 03:57:27+00,CSADMIN,2025/08/29 03:57:27+00,,,
1774240.9284,5445054.5259,153,Maidstone Park,,108490,,MAIDSTONE-BIN30,,,Rubbish Bin,,Tilley Tilt,,16,,Verified 08/2025,{E7FBCC6C-26F9-4B36-AD20-AB7CEE7C1DB8},CSADMIN,2025/08/29 03:57:27+00,CSADMIN,2025/08/29 03:57:27+00,,,
1775713.5033,5447731.1622,157,Harcourt Park,By bike track,108730,,HARCOURT-BIN23,,,Rubbish Bin,,Tilley Tilt,,16,,Verified 08/2025,{B0737C97-2973-4653-BD5A-2C64148B1C9A},CSADMIN,2025/08/29 03:57:27+00,CSADMIN,2025/08/29 03:57:27+00,,,
1773935.2947,5445985.7167,158,Oxford Park,Bubbish Bin next to Kimberley Seat mounted on concrete pad,,,,,,Rubbish Bin,,Tilley Tilt,,,,Verified 08/2025,{1A95A8DA-C634-4BE1-9F2B-3AFEFE6710F6},CSADMIN,2025/08/29 03:57:27+00,CSADMIN,2025/08/29 03:57:27+00,,,
1770586.9651,5444565.8172,159,Trentham Memorial Park,Tilley Tilt Rubbish Bin wooden slate,88568,,TMP-BIN06,,,Rubbish Bin,,Tilley Tilt,,16,,Verified 08/2025,{90D3E1FE-F25F-46E4-AA36-B1DAA43CB3F7},CSADMIN,2025/08/29 03:57:27+00,CSADMIN,2025/08/29 03:57:27+00,,,
1770152.8012,5444969.9601,160,Moonshine Park,Tilly tilt stained Rubbish Bin,88285,,MOONSHINE-BIN03,,,Rubbish Bin,,Tilley Tilt,,16,,Verified 08/2025,{F6605DC3-31C2-4A92-8466-9130AA5D4E63},CSADMIN,2025/08/29 03:57:27+00,CSADMIN,2025/08/29 03:57:27+00,,,
1767693.8129,5443166.2631,161,Silverstream Amenity Reserve,Paramount Tilt Rubbish Bin,109802,,SSAMENITY-BIN01,,,Rubbish Bin,,Paramount Tilt,,16,,Verified 08/2025,{86511532-65E1-4F24-A290-3988DABF86FF},CSADMIN,2025/08/29 03:57:27+00,CSADMIN,2025/08/29 03:57:27+00,,,
1772148.9389,5446160.4819,162,Whakatiki Park,Tilley slat Rubbish Bin,,,,,,Rubbish Bin,,Tilley Tilt,,,,Verified 08/2025,{6F2AAA7A-B37B-4EB7-A041-A0A3BC9FFF55},CSADMIN,2025/08/29 03:57:27+00,CSADMIN,2025/08/29 03:57:27+00,,,
1773969.6396,5445079.701,163,Maidstone Max,"Recycling Bins. Blue ""Glass Bottles"" recycling bin and yellow ""Recycle"" bin in same unit as Red ""Rubbish"" bin.",,,,,,Rubbish Bin,,Recycling,3 Bay,,,Verified 08/2025,{0AEFF799-9E0B-439A-B34F-0611D3591687},CSADMIN,2025/08/29 03:57:27+00,CSADMIN,2025/08/29 03:57:27+00,,,
1774047.6053,5445128.936,164,Maidstone Max,"Recycling Bins. Blue ""Glass Bottles"" recycling bin and yellow ""Recycle"" bin in same unit as  red ""Rubbish"" bin.",,,,,,Rubbish Bin,,Recycling,3 Bay,,,Verified 08/2025,{3CF6ED2A-FCCD-4B3E-B19F-AF22E5D4A0AA},CSADMIN,2025/08/29 03:57:27+00,CSADMIN,2025/08/29 03:57:27+00,,,
1774020.9389,5445156.6465,165,Maidstone Max,"Recycling Bins in Shelter next to Skate Park. Blue ""Glass Bottles"" recycling bin and yellow ""Recycle"" bin in same unit as  red ""Rubbish"" bin.",,,,,,Rubbish Bin,,Recycling,3 Bay,,,Verified 08/2025,{9FD2AD7C-6E42-45A0-A3C0-3E2253A776E0},CSADMIN,2025/08/29 03:57:27+00,CSADMIN,2025/08/29 03:57:27+00,,,
1773936.0685,5445093.0282,166,Maidstone Max,"Recycling Bins opposite Shelter. Blue ""Glass Bottles"" recycling bin and yellow ""Recycle"" bin in same unit as Red ""Rubbish"" bin.",,,,,,Rubbish Bin,,Recycling,3 Bay,,,Verified 08/2025,{2471A1BA-CA37-4921-84B4-C304EA39968E},CSADMIN,2025/08/29 03:57:27+00,CSADMIN,2025/08/29 03:57:27+00,,,
1777257.044,5448213.36,167,Benge Hall Reserve,Tilley Tilt Rubbish Bin at back of iSite,,,,,,Rubbish Bin,,Tilley Tilt,,,,Verified 08/2025,{22DEFB78-29B1-4EC6-A456-2D39352755E3},CSADMIN,2025/08/29 03:57:27+00,CSADMIN,2025/08/29 03:57:27+00,,,
1775709.6831,5447572.9149,168,Harcourt Park Soccer,PRIVATE: Aluminium Can Recycling Bin,,,,,,Rubbish Bin,,Recycling,Private,,,Verified 08/2025,{3162CBDF-18E6-4F5F-8F17-71B0321E8731},CSADMIN,2025/08/29 03:57:27+00,CSADMIN,2025/08/29 03:57:27+00,,,
1775520.2781,5446355.7137,169,Māoribank Park,Tilley Tilt bin at end of path from Fergsusson Drive,,,,,,Rubbish Bin,,Tilley Tilt,,,,Verified 08/2025,{D126A026-900C-4565-AFE1-B7BCED572908},CSADMIN,2025/08/29 03:57:27+00,CSADMIN,2025/08/29 03:57:27+00,,,
1773794.9954,5445199.4463,170,Railway Green Space,3 Bay Recycling Bins by path towards Railway Station,100148,,RAILWAY-BIN01,,,Rubbish Bin,,Recycling,3 Bay,16,,Verified 08/2025,{1F77DD41-8F8B-455D-BF3A-6BB9470F7920},CSADMIN,2025/08/29 03:57:27+00,CSADMIN,2025/08/29 03:57:27+00,,,
1770214.4502,5444377.0625,171,Trentham Memorial Park,Tilley Tilt Rubbish Bin by Barton Carpark,,,,,,Rubbish Bin,,Tilley Tilt,,,,Verified 08/2025,{573A1B5A-BBB4-451A-836E-074C18670942},CSADMIN,2025/08/29 03:57:27+00,CSADMIN,2025/08/29 03:57:27+00,,,
1770656.7532,5444495.8303,173,Trentham Memorial Park,Tilley Tilt Rubbish Bin outside Brentwood Changing Rooms,,,,,,Rubbish Bin,,Tilley Tilt,,,,Verified 08/2025,{B0AED805-EC2C-44C3-B5FF-38B77DB9C074},CSADMIN,2025/08/29 03:57:27+00,CSADMIN,2025/08/29 03:57:27+00,,,
1772381.4514,5444304.2495,174,Grant's Bush,Rubbish Bin mounted on concrete pad by Bushland fence,,,,,,Rubbish Bin,,Tilley Tilt,,,,Verified 08/2025,{5C2FB807-EC37-4649-87F6-59C7AD70E52B},CSADMIN,2025/08/29 03:57:27+00,CSADMIN,2025/08/29 03:57:27+00,,,
1772474.0329,5444225.7021,175,Grant's Bush,Rubbish Bin by entrance to bushwalk behind playground,,,,,,Rubbish Bin,,Tilley Tilt,,,,Verified 08/2025,{AB96D2C4-D79B-4C03-A0B6-88001FE1C99C},CSADMIN,2025/08/29 03:57:27+00,CSADMIN,2025/08/29 03:57:27+00,,,
1770131.0727,5444484.9661,176,Trentham Memorial Park,"Tilly tilt stained (cricket club, outside cricket cafe)",,,,,,Rubbish Bin,,Tilley Tilt,,,,Verified 08/2025,{F0EB933A-9F64-49CD-A27F-DD8565396767},CSADMIN,2025/08/29 03:57:27+00,CSADMIN,2025/08/29 03:57:27+00,,,
1776429.7352,5449428.0692,177,Akatārawa Cemetery,Rubbish Bin along driveway mounted in concrete pad,,,,,,Rubbish Bin,,Tilley Tilt,,,,Verified 08/2025,{69B406FB-F158-418C-9A5F-0C0593A2129E},CSADMIN,2025/08/29 03:57:27+00,CSADMIN,2025/08/29 03:57:27+00,,,
1776480.1561,5449339.6655,178,Akatārawa Cemetery,Rubbish Bin along driveway mounted in concrete pad,,,,,,Rubbish Bin,,Tilley Tilt,,,,Verified 08/2025,{428FF2B7-AD21-4794-9B12-93F1F747221D},CSADMIN,2025/08/29 03:57:27+00,CSADMIN,2025/08/29 03:57:27+00,,,
1776488.2583,5449341.9721,179,Akatārawa Cemetery,Rubbish Bin along driveway mounted in concrete pad,,,,,,Rubbish Bin,,Tilley Tilt,,,,Verified 08/2025,{E71315A6-CAC1-424F-AE67-77CAD1A68BBC},CSADMIN,2025/08/29 03:57:27+00,CSADMIN,2025/08/29 03:57:27+00,,,
1776529.4587,5449346.1749,180,Akatārawa Cemetery,Rubbish Bin behind Office by Toilet Block,,,,,,Rubbish Bin,,Tilley Tilt,,,,Verified 08/2025,{5B4A7AE8-4709-47E7-8B3E-C3D925455BA0},CSADMIN,2025/08/29 03:57:27+00,CSADMIN,2025/08/29 03:57:27+00,,,
1776527.5131,5449368.8569,181,Akatārawa Cemetery,Rubbish Bin along driveway mounted in concrete pad,,,,,,Rubbish Bin,,Tilley Tilt,,,,Verified 08/2025,{34DC206A-89DB-42D7-B322-47360D1D0E22},CSADMIN,2025/08/29 03:57:27+00,CSADMIN,2025/08/29 03:57:27+00,,,
1776556.6582,5449365.614,182,Akatārawa Cemetery,Rubbish Bin along driveway mounted in concrete pad,,,,,,Rubbish Bin,,Tilley Tilt,,,,Verified 08/2025,{0DE047A9-C73A-444C-9F27-DA01518481FF},CSADMIN,2025/08/29 03:57:27+00,CSADMIN,2025/08/29 03:57:27+00,,,
1776584.6831,5449354.2865,183,Akatārawa Cemetery,Rubbish Bin along driveway mounted in concrete pad,,,,,,Rubbish Bin,,Tilley Tilt,,,,Verified 08/2025,{10792F30-347A-4D34-A77B-307F2198F694},CSADMIN,2025/08/29 03:57:27+00,CSADMIN,2025/08/29 03:57:27+00,,,
1776586.4647,5449362.0467,184,Akatārawa Cemetery,Rubbish Bin along driveway mounted in concrete pad,,,,,,Rubbish Bin,,Tilley Tilt,,,,Verified 08/2025,{2FF0F2D0-5920-4481-A84C-CA42E5B96740},CSADMIN,2025/08/29 03:57:27+00,CSADMIN,2025/08/29 03:57:27+00,,,
1776608.2616,5449340.3365,185,Akatārawa Cemetery,Rubbish Bin along driveway mounted in concrete pad,,,,,,Rubbish Bin,,Tilley Tilt,,,,Verified 08/2025,{323C8DCA-944E-49EA-AC6F-D1615AFEA7FF},CSADMIN,2025/08/29 03:57:27+00,CSADMIN,2025/08/29 03:57:27+00,,,
1776610.5574,5449347.6833,186,Akatārawa Cemetery,Rubbish Bin along driveway mounted in concrete pad,,,,,,Rubbish Bin,,Tilley Tilt,,,,Verified 08/2025,{DB9AC328-EEEE-4CD7-9448-D06ADF9E0C89},CSADMIN,2025/08/29 03:57:27+00,CSADMIN,2025/08/29 03:57:27+00,,,
1776635.9956,5449334.3061,187,Akatārawa Cemetery,Rubbish Bin along driveway mounted in concrete pad,,,,,,Rubbish Bin,,Tilley Tilt,,,,Verified 08/2025,{B7C34EE5-1F04-4594-BA3B-04A9C8B2E6B4},CSADMIN,2025/08/29 03:57:27+00,CSADMIN,2025/08/29 03:57:27+00,,,
1776631.7406,5449346.7037,188,Akatārawa Cemetery,Rubbish Bin along driveway mounted in concrete pad,,,,,,Rubbish Bin,,Tilley Tilt,,,,Verified 08/2025,{30578CD9-1222-48D5-B302-E4D9452F1614},CSADMIN,2025/08/29 03:57:27+00,CSADMIN,2025/08/29 03:57:27+00,,,
1776660.7712,5449360.081,189,Akatārawa Cemetery,Rubbish Bin along driveway mounted in concrete pad,,,,,,Rubbish Bin,,Tilley Tilt,,,,Verified 08/2025,{E7A04CC8-9B4F-4B18-982F-C5E168E044D8},CSADMIN,2025/08/29 03:57:27+00,CSADMIN,2025/08/29 03:57:27+00,,,
1776663.4891,5449353.1771,190,Akatārawa Cemetery,Rubbish Bin along driveway mounted in concrete pad,,,,,,Rubbish Bin,,Tilley Tilt,,,,Verified 08/2025,{35A00564-40F8-4FBC-B41D-6A9979DA3E8E},CSADMIN,2025/08/29 03:57:27+00,CSADMIN,2025/08/29 03:57:27+00,,,
1776687.0654,5449369.1542,191,Akatārawa Cemetery,Rubbish Bin along driveway mounted in concrete pad,,,,,,Rubbish Bin,,Tilley Tilt,,,,Verified 08/2025,{8E20F2F4-4C02-48E3-A8E1-D3EC3FDC3416},CSADMIN,2025/08/29 03:57:27+00,CSADMIN,2025/08/29 03:57:27+00,,,
1776709.4396,5449384.5056,192,Akatārawa Cemetery,Rubbish Bin along driveway mounted in concrete pad,,,,,,Rubbish Bin,,Tilley Tilt,,,,Verified 08/2025,{D4E74C28-6CCE-4F22-B718-FCB1CD20965B},CSADMIN,2025/08/29 03:57:27+00,CSADMIN,2025/08/29 03:57:27+00,,,
1776684.0679,5449376.0896,193,Akatārawa Cemetery,Rubbish Bin along driveway mounted in concrete pad,107402,,AKA-CEM-BIN17,,,Rubbish Bin,,Tilley Tilt,,16,,Verified 08/2025,{F9108FBC-C25A-4D84-8E90-986489BC6E7A},CSADMIN,2025/08/29 03:57:27+00,CSADMIN,2025/08/29 03:57:27+00,,,
1776704.8661,5449390.0653,194,Akatārawa Cemetery,Rubbish Bin along driveway mounted in concrete pad,107403,,AKA-CEM-BIN18,,,Rubbish Bin,,Tilley Tilt,,16,,Verified 08/2025,{274D3D0E-0D33-497D-B212-37894C31C96B},CSADMIN,2025/08/29 03:57:27+00,CSADMIN,2025/08/29 03:57:27+00,,,
1776732.87,5449400.5004,195,Akatārawa Cemetery,Rubbish Bin along driveway mounted in concrete pad,,,,,,Rubbish Bin,,Tilley Tilt,,,,Verified 08/2025,{5899B4D9-B88E-419E-8DAA-60B7C4217805},CSADMIN,2025/08/29 03:57:27+00,CSADMIN,2025/08/29 03:57:27+00,,,
1776782.4105,5449427.212,196,Akatārawa Cemetery,Junior Paramount Rubbish Bin - No Lid,,,,,,Rubbish Bin,,Paramount Tilt,,,,Verified 08/2025,{C449A582-8FD2-45B3-AC90-FF13673D3662},CSADMIN,2025/08/29 03:57:27+00,CSADMIN,2025/08/29 03:57:27+00,,,
1776751.6582,5449422.3448,197,Akatārawa Cemetery,Rubbish Bin next to Water Tap along driveway,,,,,,Rubbish Bin,,Tilley Tilt,,,,Verified 08/2025,{C3B8FB03-B1BF-4D18-ADF7-FBC9E55C39EA},CSADMIN,2025/08/29 03:57:27+00,CSADMIN,2025/08/29 03:57:27+00,,,
1768940.7241,5442757.9309,200,Whitemans Road,,,2,,WHITEMANS ROAD,171,,Bin,,,,,Verified 08/2025,{2560AFC8-7AE7-407E-8107-998A2D1AE7D8},CSADMIN,2025/08/29 03:57:27+00,CSADMIN,2025/08/29 03:57:27+00,,,
1768903.4902,5442783.3084,201,Whitemans Road,,,3,,WHITEMANS ROAD,127,,Bin,,,,,Verified 08/2025,{D81410EC-7321-4D19-8B52-5980471BCDBD},CSADMIN,2025/08/29 03:57:27+00,CSADMIN,2025/08/29 03:57:27+00,,,
1768878.5574,5442822.8717,202,Whitemans Road,,,4,,WHITEMANS ROAD,80,,Bin,,,,,Verified 08/2025,{EE8847C5-88EE-46A8-8AB7-0BF0844CEA24},CSADMIN,2025/08/29 03:57:27+00,CSADMIN,2025/08/29 03:57:27+00,,,
1773903.1223,5445270.2676,203,Fergusson Drive,,,7,,FERGUSSON DRIVE,7026,,Bin,,,,,Verified 08/2025,{ADBD9524-9D37-4A97-92E9-C0D29E0F32E7},CSADMIN,2025/08/29 03:57:27+00,CSADMIN,2025/08/29 03:57:27+00,,,
1768822.8088,5442987.8695,204,Fergusson Drive,,,8,,FERGUSSON DRIVE,1258,,Bin,,,,,Verified 08/2025,{5D9F0FD4-2C3A-4F1F-A940-A2505D1075C7},CSADMIN,2025/08/29 03:57:27+00,CSADMIN,2025/08/29 03:57:27+00,,,
1768892.5633,5442984.0918,205,Fergusson Drive,,,9,,FERGUSSON DRIVE,1348,,Bin,,,,,Verified 08/2025,{BD9A1CD8-7779-4553-88EB-9C43D6A26712},CSADMIN,2025/08/29 03:57:27+00,CSADMIN,2025/08/29 03:57:27+00,,,
1768926.1428,5443004.4024,206,Fergusson Drive,,,10,,FERGUSSON DRIVE,1353,,Bin,,,,,Verified 08/2025,{DD588307-8153-4B38-8532-19AA5B3B4059},CSADMIN,2025/08/29 03:57:27+00,CSADMIN,2025/08/29 03:57:27+00,,,
1772529.1855,5445231.7698,207,Fergusson Drive,,,11,,FERGUSSON DRIVE,5613,,Bin,,,,,Verified 08/2025,{DF0789CF-71E6-40BF-B647-9393792B81EA},CSADMIN,2025/08/29 03:57:27+00,CSADMIN,2025/08/29 03:57:27+00,,,
1776199.0797,5447405.8877,208,Fergusson Drive,,,13,,FERGUSSON DRIVE,10360,,Bin,,,,,Verified 08/2025,{888F3768-99D4-4084-9FED-65C2A4DC313C},CSADMIN,2025/08/29 03:57:27+00,CSADMIN,2025/08/29 03:57:27+00,,,
1775616.0619,5446319.2549,209,Fergusson Drive,,,14,,FERGUSSON DRIVE,9020,,Bin,,,,,Verified 08/2025,{47BEDD26-400E-4490-827C-7B4B55B1883C},CSADMIN,2025/08/29 03:57:27+00,CSADMIN,2025/08/29 03:57:27+00,,,
1774448.6133,5445537.7428,210,Fergusson Drive,,,15,,FERGUSSON DRIVE,7620,,Bin,,,,,Verified 08/2025,{85D93F33-EBE7-4ABD-8DC3-9BEAC897A2FB},CSADMIN,2025/08/29 03:57:27+00,CSADMIN,2025/08/29 03:57:27+00,,,
1773027.9009,5445267.9977,211,Fergusson Drive,,,17,,FERGUSSON DRIVE,6121,,Bin,,,,,Verified 08/2025,{10DEFDAC-C794-4686-9DF0-6BF6D67A78AE},CSADMIN,2025/08/29 03:57:27+00,CSADMIN,2025/08/29 03:57:27+00,,,
1772793.6693,5445262.5827,212,Fergusson Drive,,,18,,FERGUSSON DRIVE,5887,,Bin,,,,,Verified 08/2025,{995CC06C-7A7F-4BE9-B57A-039807D4DE39},CSADMIN,2025/08/29 03:57:27+00,CSADMIN,2025/08/29 03:57:27+00,,,
1772776.2317,5445260.4866,213,Fergusson Drive,,,19,,FERGUSSON DRIVE,5869,,Bin,,,,,Verified 08/2025,{B2121123-3103-40A7-A2C2-19937FBFDCF3},CSADMIN,2025/08/29 03:57:27+00,CSADMIN,2025/08/29 03:57:27+00,,,
1772753.9904,5445239.1754,214,Fergusson Drive,,,20,,FERGUSSON DRIVE,5844,,Bin,,,,,Verified 08/2025,{80C0E5E1-B46F-4E93-838B-BB3179A916CD},CSADMIN,2025/08/29 03:57:27+00,CSADMIN,2025/08/29 03:57:27+00,,,
1772418.4569,5445223.8351,215,Fergusson Drive,,,21,,FERGUSSON DRIVE,5501,,Bin,,,,,Verified 08/2025,{6F5D1C97-47B7-4752-B887-BE71C2939062},CSADMIN,2025/08/29 03:57:27+00,CSADMIN,2025/08/29 03:57:27+00,,,
1771777.6777,5444827.2158,216,Fergusson Drive,,,22,,FERGUSSON DRIVE,4732,,Bin,,,,,Verified 08/2025,{6A9BCE65-8407-494D-A63B-B2C46F4B6420},CSADMIN,2025/08/29 03:57:27+00,CSADMIN,2025/08/29 03:57:27+00,,,
1771762.7612,5444840.4134,217,Fergusson Drive,,,23,,FERGUSSON DRIVE,4748,,Bin,,,,,Verified 08/2025,{A31D55DC-1A40-4D1A-A8B0-E2A735D31ABC},CSADMIN,2025/08/29 03:57:27+00,CSADMIN,2025/08/29 03:57:27+00,,,
1771752.1246,5444833.3801,218,Fergusson Drive,,,24,,FERGUSSON DRIVE,4738,,Bin,,,,,Verified 08/2025,{2281E7DE-B530-4665-B458-44396A24EABC},CSADMIN,2025/08/29 03:57:27+00,CSADMIN,2025/08/29 03:57:27+00,,,
1771715.8405,5444813.0428,219,Fergusson Drive,,,26,,FERGUSSON DRIVE,4693,,Bin,,,,,Verified 08/2025,{5CE14B48-E47A-4F49-A809-3279E33264D2},CSADMIN,2025/08/29 03:57:27+00,CSADMIN,2025/08/29 03:57:27+00,,,
1771294.7704,5444539.5212,220,Fergusson Drive,,,27,,FERGUSSON DRIVE,4192,,Bin,,,,,Verified 08/2025,{4C7D9B6D-4DC7-47C9-9D1C-32B34D25FE55},CSADMIN,2025/08/29 03:57:27+00,CSADMIN,2025/08/29 03:57:27+00,,,
1771211.0609,5444463.3661,221,Fergusson Drive,,,28,,FERGUSSON DRIVE,4080,,Bin,,,,,Verified 08/2025,{E40CE303-7134-4970-B9C3-4CB522B88BA4},CSADMIN,2025/08/29 03:57:27+00,CSADMIN,2025/08/29 03:57:27+00,,,
1771083.9827,5444383.9187,222,Fergusson Drive,,,29,,FERGUSSON DRIVE,3930,,Bin,,,,,Verified 08/2025,{FAEF0CEF-837D-48B2-A973-7208166B1F11},CSADMIN,2025/08/29 03:57:27+00,CSADMIN,2025/08/29 03:57:27+00,,,
1771074.6872,5444378.0606,223,Fergusson Drive,,,30,,FERGUSSON DRIVE,3919,,Bin,,,,,Verified 08/2025,{9E688FF9-98BD-4CDB-832D-28B8FF95FA7C},CSADMIN,2025/08/29 03:57:27+00,CSADMIN,2025/08/29 03:57:27+00,,,
1770946.241,5444316.2079,224,Fergusson Drive,,,31,,FERGUSSON DRIVE,3778,,Bin,,,,,Verified 08/2025,{CAF3EC6A-41A1-47E0-B4F5-2C9180AA659B},CSADMIN,2025/08/29 03:57:27+00,CSADMIN,2025/08/29 03:57:27+00,,,
1770752.0231,5444108.8521,225,Fergusson Drive,,,32,,FERGUSSON DRIVE,3494,,Bin,,,,,Verified 08/2025,{E9A52D68-B413-4240-845C-979DF0E3BA83},CSADMIN,2025/08/29 03:57:27+00,CSADMIN,2025/08/29 03:57:27+00,,,
1770666.1605,5444068.3903,226,Fergusson Drive,,,33,,FERGUSSON DRIVE,3404,,Bin,,,,,Verified 08/2025,{14DD674E-EA4A-4559-9EAA-B7A68985EABE},CSADMIN,2025/08/29 03:57:27+00,CSADMIN,2025/08/29 03:57:27+00,,,
1770536.6047,5444039.5026,227,Fergusson Drive,,,34,,FERGUSSON DRIVE,3273,,Bin,,,,,Verified 08/2025,{739750CC-21CD-4A31-8DDF-7BB58137989F},CSADMIN,2025/08/29 03:57:27+00,CSADMIN,2025/08/29 03:57:27+00,,,
1770234.9321,5443832.0971,228,Fergusson Drive,,,35,,FERGUSSON DRIVE,2908,,Bin,,,,,Verified 08/2025,{2337AAD9-0FC7-4C71-BA21-008199B64646},CSADMIN,2025/08/29 03:57:27+00,CSADMIN,2025/08/29 03:57:27+00,,,
1769667.4721,5443474.1477,229,Fergusson Drive,,,36,,FERGUSSON DRIVE,2236,,Bin,,,,,Verified 08/2025,{4624FF81-4A73-475E-BE29-037EA2AA18B5},CSADMIN,2025/08/29 03:57:27+00,CSADMIN,2025/08/29 03:57:27+00,,,
1769656.5515,5443467.2633,230,Fergusson Drive,,,37,,FERGUSSON DRIVE,2222,,Bin,,,,,Verified 08/2025,{B0266811-8F3C-49D9-900D-30F2B67600DD},CSADMIN,2025/08/29 03:57:27+00,CSADMIN,2025/08/29 03:57:27+00,,,
1769238.0885,5443221.8978,231,Fergusson Drive,,,38,,FERGUSSON DRIVE,1737,,Bin,,,,,Verified 08/2025,{CAA09E00-13E0-4422-814A-79B8B00A033A},CSADMIN,2025/08/29 03:57:27+00,CSADMIN,2025/08/29 03:57:27+00,,,
1769164.4378,5443174.0081,232,Fergusson Drive,,,39,,FERGUSSON DRIVE,1648,,Bin,,,,,Verified 08/2025,{F907CDBE-4560-4607-84C4-AE36753C44C9},CSADMIN,2025/08/29 03:57:27+00,CSADMIN,2025/08/29 03:57:27+00,,,
1768905.9541,5443019.8828,233,Fergusson Drive,,,40,,FERGUSSON DRIVE,1345,,Bin,,,,,Verified 08/2025,{F9539CE0-304F-4221-92DE-4F52184609DC},CSADMIN,2025/08/29 03:57:27+00,CSADMIN,2025/08/29 03:57:27+00,,,
1768818.3581,5442987.0926,234,Fergusson Drive,,,41,,FERGUSSON DRIVE,1238,,Bin,,,,,Verified 08/2025,{C0176EAF-4463-4EDD-A4F0-B9DFB9F105B2},CSADMIN,2025/08/29 03:57:27+00,CSADMIN,2025/08/29 03:57:27+00,,,
1773133.651,5445298.052,236,Fergusson Drive,,,43,,FERGUSSON DRIVE,6229,,Bin,,,,,Verified 08/2025,{ED4791FB-20E9-444C-848A-865C9DC80CFE},CSADMIN,2025/08/29 03:57:27+00,CSADMIN,2025/08/29 03:57:27+00,,,
1775239.204,5446118.6699,237,Fergusson Drive,,,44,,FERGUSSON DRIVE,8579,,Bin,,,,,Verified 08/2025,{8D378B15-5BDD-4C7F-A9F8-DABB8A8E14E9},CSADMIN,2025/08/29 03:57:27+00,CSADMIN,2025/08/29 03:57:27+00,,,
1770204.2748,5443833.9536,239,Fergusson Drive,,,50,,FERGUSSON DRIVE,2883,,Bin,,,,,Verified 08/2025,{4D2BD5B6-64CB-4E72-9C4B-E92DA8DE19EC},CSADMIN,2025/08/29 03:57:27+00,CSADMIN,2025/08/29 03:57:27+00,,,
1772470.4093,5445226.7495,240,Fergusson Drive,,,51,,FERGUSSON DRIVE,5563,,Bin,,,,,Verified 08/2025,{EC069138-B6A9-4341-A5CA-192B2700C0E2},CSADMIN,2025/08/29 03:57:27+00,CSADMIN,2025/08/29 03:57:27+00,,,
1775965.1327,5448569.2091,241,Akatarawa Road,,,53,,AKATARAWA ROAD,1175,,Bin,,,,,Verified 08/2025,{84F8D6FF-3A67-4343-91E8-120B88741041},CSADMIN,2025/08/29 03:57:27+00,CSADMIN,2025/08/29 03:57:27+00,,,
1775979.138,5448549.1343,242,Akatarawa Road,,,54,,AKATARAWA ROAD,1159,,Bin,,,,,Verified 08/2025,{62A5025E-45B3-4D18-984A-18B43B4CF994},CSADMIN,2025/08/29 03:57:27+00,CSADMIN,2025/08/29 03:57:27+00,,,
1776134.9452,5447603.3109,243,Akatarawa Road,,,55,,AKATARAWA ROAD,142,,Bin,,,,,Verified 08/2025,{F2467125-F54C-424B-985D-E6F970E81317},CSADMIN,2025/08/29 03:57:27+00,CSADMIN,2025/08/29 03:57:27+00,,,
1776146.6848,5447615.5458,244,Akatarawa Road,,,56,,AKATARAWA ROAD,146,,Bin,,,,,Verified 08/2025,{C00568D2-03E2-4088-AD18-16E7CDDEFF8D},CSADMIN,2025/08/29 03:57:27+00,CSADMIN,2025/08/29 03:57:27+00,,,
1776163.9922,5447625.3674,245,Akatarawa Road,,,57,,AKATARAWA ROAD,146,,Bin,,,,,Verified 08/2025,{08292C0B-1630-4189-AD04-C3DA53D66969},CSADMIN,2025/08/29 03:57:27+00,CSADMIN,2025/08/29 03:57:27+00,,,
1774793.6029,5446856.1454,246,California Drive,,,58,,CALIFORNIA DRIVE,100,,Bin,,,,,Verified 08/2025,{C2E3E1D3-FF38-4C73-B0A7-89C8879F9DBE},CSADMIN,2025/08/29 03:57:27+00,CSADMIN,2025/08/29 03:57:27+00,,,
1772677.9247,5444712.6629,247,MacLean Street,,,59,,MACLEAN STREET,414,,Bin,,,,,Verified 08/2025,{784CBC7D-50E5-456F-9898-D515970B71E8},CSADMIN,2025/08/29 03:57:27+00,CSADMIN,2025/08/29 03:57:27+00,,,
1778815.5731,5448653.3424,248,Plateau Road,,,60,,PLATEAU ROAD,16,,Bin,,,,,Verified 08/2025,{78DE4E2B-D9A6-42BD-8F48-8DBE38B9A979},CSADMIN,2025/08/29 03:57:27+00,CSADMIN,2025/08/29 03:57:27+00,,,
1778835.3518,5448661.319,249,Plateau Road,,,61,,PLATEAU ROAD,23,,Bin,,,,,Verified 08/2025,{BE2CEFF4-2190-42D9-8209-60B55FE83D4E},CSADMIN,2025/08/29 03:57:27+00,CSADMIN,2025/08/29 03:57:27+00,,,
1778905.4827,5448628.7532,250,Plateau Road,,,62,,PLATEAU ROAD,110,,Bin,,,,,Verified 08/2025,{1B0F7CD4-A95D-46D5-A497-40A54E97720D},CSADMIN,2025/08/29 03:57:27+00,CSADMIN,2025/08/29 03:57:27+00,,,
1772455.8212,5445235.9176,251,Whakatiki Street,,,63,,WHAKATIKI STREET,17,,Bin,,,,,Verified 08/2025,{456160A6-AC3E-49B8-BDD6-CE8D0BEEE0D4},CSADMIN,2025/08/29 03:57:27+00,CSADMIN,2025/08/29 03:57:27+00,,,
1770992.6427,5444918.4554,252,Merton Street,,,64,,MERTON STREET,501,,Bin,,,,,Verified 08/2025,{B5A17AF1-A644-4807-BEA7-7411FFB7BF66},CSADMIN,2025/08/29 03:57:27+00,CSADMIN,2025/08/29 03:57:27+00,,,
1774915.8081,5446290.7142,253,Clouston Park Road,,,65,,CLOUSTON PARK ROAD,170,,Bin,,,,,Verified 08/2025,{5E7F4924-7055-4CD0-B732-15ABFCD8589C},CSADMIN,2025/08/29 03:57:27+00,CSADMIN,2025/08/29 03:57:27+00,,,
1774934.7703,5446296.73,254,Clouston Park Road,,,66,,CLOUSTON PARK ROAD,190,,Bin,,,,,Verified 08/2025,{F8A738C4-71FD-46CB-8DA9-0B3408C4F605},CSADMIN,2025/08/29 03:57:27+00,CSADMIN,2025/08/29 03:57:27+00,,,
1773090.399,5445604.5262,255,Redwood Street,,,67,,REDWOOD STREET,36,,Bin,,,,,Verified 08/2025,{F88D2B5C-C7BD-4D53-92E9-A5BE3B72895C},CSADMIN,2025/08/29 03:57:27+00,CSADMIN,2025/08/29 03:57:27+00,,,
1773953.7365,5445356.3062,256,Russell Street,,,70,,RUSSELL STREET,28,,Bin,,,,,Verified 08/2025,{C6DA083E-929F-433C-8452-F33EB0EE1191},CSADMIN,2025/08/29 03:57:27+00,CSADMIN,2025/08/29 03:57:27+00,,,
1774111.5303,5445541.4453,257,Queen Street,,,72,,QUEEN STREET,433,,Bin,,,,,Verified 08/2025,{D60B456B-6D71-4D2B-B81C-76D3058CC56B},CSADMIN,2025/08/29 03:57:27+00,CSADMIN,2025/08/29 03:57:27+00,,,
1773955.6603,5445504.7797,258,Queen Street,,,73,,QUEEN STREET,280,,Bin,,,,,Verified 08/2025,{01C5AE8B-CCDF-49AC-867A-AA50D5DC293C},CSADMIN,2025/08/29 03:57:27+00,CSADMIN,2025/08/29 03:57:27+00,,,
1773858.4455,5445442.3851,259,Queen Street,,,75,,QUEEN STREET,140,,Bin,,,,,Verified 08/2025,{9B7DAF78-A40E-41E0-9765-5DB96059B215},CSADMIN,2025/08/29 03:57:27+00,CSADMIN,2025/08/29 03:57:27+00,,,
1773849.0585,5445474.3948,260,Queen Street,,,76,,QUEEN STREET,170,,Bin,,,,,Verified 08/2025,{EFB75C13-0EE9-4F3C-B376-229C236B07BE},CSADMIN,2025/08/29 03:57:27+00,CSADMIN,2025/08/29 03:57:27+00,,,
1773714.1861,5445477.4115,262,Queen Street,,,78,,QUEEN STREET,35,,Bin,,,,,Verified 08/2025,{4AB440B2-6E56-46A4-9B2F-30E9E7E5DC8D},CSADMIN,2025/08/29 03:57:27+00,CSADMIN,2025/08/29 03:57:27+00,,,
1773766.5336,5445296.1555,264,Princes Street,,,80,,PRINCES STREET,60,,Bin,,,,,Verified 08/2025,{AED1FEA4-D4E5-4560-A45A-D03644DA6633},CSADMIN,2025/08/29 03:57:27+00,CSADMIN,2025/08/29 03:57:27+00,,,
1773766.5091,5445279.7726,265,Princes Street,,,81,,PRINCES STREET,77,,Bin,,,,,Verified 08/2025,{1D989FE1-6A12-4797-BBD4-6B80FE4FB0FF},CSADMIN,2025/08/29 03:57:27+00,CSADMIN,2025/08/29 03:57:27+00,,,
1773779.5392,5445280.2394,266,Princes Street,,,82,,PRINCES STREET,78,,Bin,,,,,Verified 08/2025,{5B869586-E5C5-4866-9B51-FDC664CC5762},CSADMIN,2025/08/29 03:57:27+00,CSADMIN,2025/08/29 03:57:27+00,,,
1773612.6862,5445950.3192,267,Pine Avenue,,,83,,PINE AVENUE,582,,Bin,,,,,Verified 08/2025,{2BD7C8BE-CA64-4CB4-970A-2CE73A73B4E0},CSADMIN,2025/08/29 03:57:27+00,CSADMIN,2025/08/29 03:57:27+00,,,
1774060.554,5445333.4001,269,Mumby Service Lane,,,85,,MUMBY SERVICE LANE,63,,Bin,,,,,Verified 08/2025,{A6A44F34-5168-4C50-AA28-BE77D4492037},CSADMIN,2025/08/29 03:57:27+00,CSADMIN,2025/08/29 03:57:27+00,,,
1773829.7951,5445422.6048,270,Lion Court,,,86,,LION COURT,67,,Bin,,,,,Verified 08/2025,{302F9DBA-A332-4113-A53F-608C8A717054},CSADMIN,2025/08/29 03:57:27+00,CSADMIN,2025/08/29 03:57:27+00,,,
1774780.001,5446889.1888,272,Turon Crescent,,,89,,TURON CRESCENT,45,,Bin,,,,,Verified 08/2025,{C1762F01-19EC-473F-8EE5-D6BB6CCD5406},CSADMIN,2025/08/29 03:57:27+00,CSADMIN,2025/08/29 03:57:27+00,,,
1774797.051,5446903.721,273,Turon Crescent,,,90,,TURON CRESCENT,54,,Bin,,,,,Verified 08/2025,{E9A6E112-DF1E-433C-BBD8-920B5061D7AE},CSADMIN,2025/08/29 03:57:27+00,CSADMIN,2025/08/29 03:57:27+00,,,
1774818.3698,5446901.3399,274,Turon Crescent,,,91,,TURON CRESCENT,45,,Bin,,,,,Verified 08/2025,{BDBDA4E8-C534-4710-A78B-768E211A8098},CSADMIN,2025/08/29 03:57:27+00,CSADMIN,2025/08/29 03:57:27+00,,,
1773757.4222,5445362.4063,275,Main Street,,,92,,MAIN STREET,368,,Bin,,,,,Verified 08/2025,{32E5F3B5-46F6-488D-8E05-7FC3B4A0C162},CSADMIN,2025/08/29 03:57:27+00,CSADMIN,2025/08/29 03:57:27+00,,,
1773586.7377,5445346.1543,276,Main Street,,,93,,MAIN STREET,198,,Bin,,,,,Verified 08/2025,{F55E878F-1F14-44B9-86A9-343C8FD07C4E},CSADMIN,2025/08/29 03:57:27+00,CSADMIN,2025/08/29 03:57:27+00,,,
1773710.6729,5445345.5615,277,Main Street,,,94,,MAIN STREET,318,,Bin,,,,,Verified 08/2025,{A3BD804E-FD1D-4A5A-8E38-7B91AE22C3CB},CSADMIN,2025/08/29 03:57:27+00,CSADMIN,2025/08/29 03:57:27+00,,,
1773757.7998,5445349.5507,278,Main Street,,,95,,MAIN STREET,367,,Bin,,,,,Verified 08/2025,{86D3D924-C666-4A7E-B913-729DB87EF518},CSADMIN,2025/08/29 03:57:27+00,CSADMIN,2025/08/29 03:57:27+00,,,
1773772.3104,5445350.8885,279,Main Street,,,96,,MAIN STREET,388,,Bin,,,,,Verified 08/2025,{03714F32-D6FC-4289-A393-C92D62B815A4},CSADMIN,2025/08/29 03:57:27+00,CSADMIN,2025/08/29 03:57:27+00,,,
1773850.0771,5445374.1857,280,Main Street,,,99,,MAIN STREET,449,,Bin,,,,,Verified 08/2025,{9378F427-4256-42B6-9EE6-231FF85FA0C6},CSADMIN,2025/08/29 03:57:27+00,CSADMIN,2025/08/29 03:57:27+00,,,
1773923.4416,5445380.535,281,Main Street,,,103,,MAIN STREET,575,,Bin,,,,,Verified 08/2025,{DD8B6970-62F8-47D7-9B3C-AD59AB2505B8},CSADMIN,2025/08/29 03:57:27+00,CSADMIN,2025/08/29 03:57:27+00,,,
1773955.3507,5445373.3802,282,Main Street,,,104,,MAIN STREET,575,,Bin,,,,,Verified 08/2025,{26372640-2617-4255-B2EE-876341604A18},CSADMIN,2025/08/29 03:57:27+00,CSADMIN,2025/08/29 03:57:27+00,,,
1773709.2268,5445357.0186,283,Main Street,,,105,,MAIN STREET,319,,Bin,,,,,Verified 08/2025,{1704E3B0-3BEC-455A-8B0A-18FDD6CD4488},CSADMIN,2025/08/29 03:57:27+00,CSADMIN,2025/08/29 03:57:27+00,,,
1773974.4433,5445387.7938,284,Main Street,,,106,,MAIN STREET,589,,Bin,,,,,Verified 08/2025,{5819A121-4601-4E48-BE9D-1D4D2C4982A8},CSADMIN,2025/08/29 03:57:27+00,CSADMIN,2025/08/29 03:57:27+00,,,
1774014.2526,5445392.7234,285,Main Street,,,107,,MAIN STREET,635,,Bin,,,,,Verified 08/2025,{ECACFDF5-AA6B-42BC-BFE3-34477149BE66},CSADMIN,2025/08/29 03:57:27+00,CSADMIN,2025/08/29 03:57:27+00,,,
1773994.3601,5445381.3343,286,Main Street,,,108,,MAIN STREET,617,,Bin,,,,,Verified 08/2025,{56D88FF8-B84A-4B82-80E7-3CA9462CC577},CSADMIN,2025/08/29 03:57:27+00,CSADMIN,2025/08/29 03:57:27+00,,,
1773588.0742,5445332.4632,288,Main Street,,,112,,MAIN STREET,198,,Bin,,,,,Verified 08/2025,{978983D9-A1F5-42F1-8E20-D478FCB869E4},CSADMIN,2025/08/29 03:57:27+00,CSADMIN,2025/08/29 03:57:27+00,,,
1773969.5641,5445375.5306,289,Main Street,,,113,,MAIN STREET,589,,Bin,,,,,Verified 08/2025,{0A68D9DA-D4A9-49A1-9C21-AE90747484E6},CSADMIN,2025/08/29 03:57:27+00,CSADMIN,2025/08/29 03:57:27+00,,,
1773462.0962,5445317.3614,290,Main Street,,,114,,MAIN STREET,65,,Bin,,,,,Verified 08/2025,{B7166D84-2FA1-48CB-BA4E-B4A14E6518C7},CSADMIN,2025/08/29 03:57:27+00,CSADMIN,2025/08/29 03:57:27+00,,,
1773465.1336,5445331.7196,291,Main Street,,,115,,MAIN STREET,71,,Bin,,,,,Verified 08/2025,{311248B8-9438-4B26-8799-FDD4CA468F0C},CSADMIN,2025/08/29 03:57:27+00,CSADMIN,2025/08/29 03:57:27+00,,,
1773510.1782,5445322.4927,292,Main Street,,,116,,MAIN STREET,114,,Bin,,,,,Verified 08/2025,{F85D21CD-AB90-4B4E-851E-7B4F3D0883CB},CSADMIN,2025/08/29 03:57:27+00,CSADMIN,2025/08/29 03:57:27+00,,,
1773532.6115,5445340.2435,293,Main Street,,,117,,MAIN STREET,137,,Bin,,,,,Verified 08/2025,{FD374AF5-3228-4CB7-8A17-D8FD84E5AC81},CSADMIN,2025/08/29 03:57:27+00,CSADMIN,2025/08/29 03:57:27+00,,,
1773653.5819,5445338.8697,294,Main Street,,,118,,MAIN STREET,264,,Bin,,,,,Verified 08/2025,{85C2B888-63E5-4DBE-980F-B4CFB10704E7},CSADMIN,2025/08/29 03:57:27+00,CSADMIN,2025/08/29 03:57:27+00,,,
1773642.6298,5445352.4845,295,Main Street,,,119,,MAIN STREET,255,,Bin,,,,,Verified 08/2025,{FDC59064-E07A-436D-A74E-2E4652842A80},CSADMIN,2025/08/29 03:57:27+00,CSADMIN,2025/08/29 03:57:27+00,,,
1774164.408,5445396.02,296,Main Street,,,120,,MAIN STREET,783,,Bin,,,,,Verified 08/2025,{041B70A5-AFEA-4CB6-AF84-09C50C38AB7A},CSADMIN,2025/08/29 03:57:27+00,CSADMIN,2025/08/29 03:57:27+00,,,
1773845.7641,5445360.4598,297,Main Street,,,121,,MAIN STREET,458,,Bin,,,,,Verified 08/2025,{30ABB9E1-A36D-4A54-B364-B84F5C1C7D22},CSADMIN,2025/08/29 03:57:27+00,CSADMIN,2025/08/29 03:57:27+00,,,
1773878.8063,5445377.4482,298,Main Street,,,122,,MAIN STREET,497,,Bin,,,,,Verified 08/2025,{A7F49472-59AA-40A1-8866-817070F97CF1},CSADMIN,2025/08/29 03:57:27+00,CSADMIN,2025/08/29 03:57:27+00,,,
1773888.4593,5445366.2228,299,Main Street,,,123,,MAIN STREET,507,,Bin,,,,,Verified 08/2025,{128A5DFC-1F4C-44C1-9EF8-4F379381731D},CSADMIN,2025/08/29 03:57:27+00,CSADMIN,2025/08/29 03:57:27+00,,,
1773923.8241,5445370.7556,300,Main Street,,,124,,MAIN STREET,539,,Bin,,,,,Verified 08/2025,{6AEBD049-8425-4B11-97C3-D429B478324F},CSADMIN,2025/08/29 03:57:27+00,CSADMIN,2025/08/29 03:57:27+00,,,
1774082.2278,5445400.8755,301,Main Street,,,125,,MAIN STREET,705,,Bin,,,,,Verified 08/2025,{4C44A8F8-CC01-406D-B542-E6C0E72B2391},CSADMIN,2025/08/29 03:57:27+00,CSADMIN,2025/08/29 03:57:27+00,,,
1773782.4193,5445366.541,302,Main Street,,,126,,MAIN STREET,403,,Bin,,,,,Verified 08/2025,{71C89225-C291-4F92-927D-B6318ED4CD08},CSADMIN,2025/08/29 03:57:27+00,CSADMIN,2025/08/29 03:57:27+00,,,
1773870.4047,5445364.1313,304,Main Street,,,129,,MAIN STREET,493,,Bin,,,,,Verified 08/2025,{2ECB87FE-07F0-4AA1-851C-4528225A9B27},CSADMIN,2025/08/29 03:57:27+00,CSADMIN,2025/08/29 03:57:27+00,,,
1774066.484,5445373.6895,305,Wakefield Street,,,134,,WAKEFIELD STREET,17,,Bin,,,,,Verified 08/2025,{3975C7CC-C80C-4556-9673-67F1D06623B1},CSADMIN,2025/08/29 03:57:27+00,CSADMIN,2025/08/29 03:57:27+00,,,
1773601.8616,5445271.5419,306,Wilson Street,,,135,,WILSON STREET,52,,Bin,,,,,Verified 08/2025,{5B87EBD1-A2BE-4200-BD44-9D4B86BBB1FA},CSADMIN,2025/08/29 03:57:27+00,CSADMIN,2025/08/29 03:57:27+00,,,
1773988.6279,5445421.7858,307,Logan Street,,,136,,LOGAN STREET,43,,Bin,,,,,Verified 08/2025,{25C454F5-9764-475E-85ED-4D4C2C6FA9D9},CSADMIN,2025/08/29 03:57:27+00,CSADMIN,2025/08/29 03:57:27+00,,,
1773996.1886,5445448.081,308,Logan Street,,,137,,LOGAN STREET,72,,Bin,,,,,Verified 08/2025,{1501802B-6634-47BA-BABC-3F00DBA8ABE3},CSADMIN,2025/08/29 03:57:27+00,CSADMIN,2025/08/29 03:57:27+00,,,
1774001.1653,5445438.7307,309,Logan Street,,,138,,LOGAN STREET,45,,Bin,,,,,Verified 08/2025,{2EBD4376-67CA-4ED0-A70A-69FE1EAAD171},CSADMIN,2025/08/29 03:57:27+00,CSADMIN,2025/08/29 03:57:27+00,,,
1773996.9683,5445508.0835,310,Logan Street,,,140,,LOGAN STREET,129,,Bin,,,,,Verified 08/2025,{94B2CBD7-C539-41A9-A1C0-556C68F7B4E8},CSADMIN,2025/08/29 03:57:27+00,CSADMIN,2025/08/29 03:57:27+00,,,
1773996.6204,5445405.1286,312,Logan Street,,,142,,LOGAN STREET,21,,Bin,,,,,Verified 08/2025,{8982BC9D-EDCE-48B9-9C27-59F2718C739E},CSADMIN,2025/08/29 03:57:27+00,CSADMIN,2025/08/29 03:57:27+00,,,
1773850.739,5445325.0786,314,Geange Street,,,145,,GEANGE STREET,41,,Bin,,,,,Verified 08/2025,{5D2F412D-0CD8-415E-BC7F-C91584F140BA},CSADMIN,2025/08/29 03:57:27+00,CSADMIN,2025/08/29 03:57:27+00,,,
1773867.5112,5445309.6686,315,Geange Street,,,146,,GEANGE STREET,60,,Bin,,,,,Verified 08/2025,{71AFD5B0-8243-48A8-83CF-F68DDDEFF5FF},CSADMIN,2025/08/29 03:57:27+00,CSADMIN,2025/08/29 03:57:27+00,,,
1770817.3422,5443792.0516,316,Racecourse Road,,,148,,RACECOURSE ROAD,12,,Bin,,,,,Verified 08/2025,{D3C1DAFB-DE29-40AF-BAD7-FFE9D30560C5},CSADMIN,2025/08/29 03:57:27+00,CSADMIN,2025/08/29 03:57:27+00,,,
1770971.7553,5443939.93,319,Ararino Street,,,152,,ARARINO STREET,1025,,Bin,,,,,Verified 08/2025,{9DDF1E25-ABC3-4301-873E-8A4B790CECF1},CSADMIN,2025/08/29 03:57:27+00,CSADMIN,2025/08/29 03:57:27+00,,,
1770701.6937,5443957.742,320,Camp Street,,,153,,CAMP STREET,133,,Bin,,,,,Verified 08/2025,{3C5AAF65-125F-486E-BC90-8B3A33BDEDA8},CSADMIN,2025/08/29 03:57:27+00,CSADMIN,2025/08/29 03:57:27+00,,,
1770720.4446,5443931.6325,321,Camp Street,,,154,,CAMP STREET,164,,Bin,,,,,Verified 08/2025,{AC284785-7F0A-4951-9267-5AB2201739A9},CSADMIN,2025/08/29 03:57:27+00,CSADMIN,2025/08/29 03:57:27+00,,,
1772664.5874,5444687.0563,322,Ward Street,,,155,,WARD STREET,600,,Bin,,,,,Verified 08/2025,{B776E435-4EFD-46C0-AA3C-4A095A1D6D53},CSADMIN,2025/08/29 03:57:27+00,CSADMIN,2025/08/29 03:57:27+00,,,
1772675.4352,5444666.8785,323,Ward Street,,,156,,WARD STREET,622,,Bin,,,,,Verified 08/2025,{E2FC16F4-3DA4-4D6C-90DD-09941BC0ED9C},CSADMIN,2025/08/29 03:57:27+00,CSADMIN,2025/08/29 03:57:27+00,,,
1772664.446,5444716.8314,324,Ward Street,,,157,,WARD STREET,576,,Bin,,,,,Verified 08/2025,{52986BFB-070A-4C48-81FA-6ED88C748CDD},CSADMIN,2025/08/29 03:57:27+00,CSADMIN,2025/08/29 03:57:27+00,,,
1772587.0902,5444809.1127,325,Ward Street,,,158,,WARD STREET,456,,Bin,,,,,Verified 08/2025,{69C05933-18A4-401C-8482-0635BCA2DEDE},CSADMIN,2025/08/29 03:57:27+00,CSADMIN,2025/08/29 03:57:27+00,,,
1772490.0975,5444992.8896,326,Ward Street,,,159,,WARD STREET,350,,Bin,,,,,Verified 08/2025,{21DBA1AD-DEB5-4471-BADD-80D44113A8B4},CSADMIN,2025/08/29 03:57:27+00,CSADMIN,2025/08/29 03:57:27+00,,,
1768829.0412,5442925.0697,327,Kiln Street,,,160,,KILN STREET,0,,Bin,,,,,Verified 08/2025,{79F3877E-1F73-4F7E-A0AB-33894248A608},CSADMIN,2025/08/29 03:57:27+00,CSADMIN,2025/08/29 03:57:27+00,,,
1768813.2078,5442907.0536,328,Kiln Street,,,161,,KILN STREET,19,,Bin,,,,,Verified 08/2025,{106F73C4-B462-42AC-81E5-E0304D593978},CSADMIN,2025/08/29 03:57:27+00,CSADMIN,2025/08/29 03:57:27+00,,,
1772802.5316,5445263.4574,329,Fergusson Drive,,,,,,,,,,,,,Verified 08/2025,{B6227186-85BB-4886-891F-C899624FC4EE},CSADMIN,2025/08/29 03:57:27+00,CSADMIN,2025/08/29 03:57:27+00,,,
1776727.9722,5449406.3166,330,Akatārawa Cemetery,Rubbish Bin along driveway mounted in concrete pad,,,,,,Rubbish Bin,,Tilley Tilt,,,,Verified 08/2025,{59414961-FBAB-4A7D-A5C8-3EF13E01197D},CSADMIN,2025/08/29 03:57:27+00,CSADMIN,2025/08/29 03:57:27+00,,,
1773935.0718,5445092.9053,331,Maidstone Max,"Red ""Rubbish"" bin in same unit as blue ""Glass Bottles"" recycling bin and yellow ""Recycle"" bin. ",,,,,,,,,,,,Verified 08/2025,{1FE9BCFA-2365-45C4-8716-7BA668CC0704},CSADMIN,2025/08/29 03:57:27+00,CSADMIN,2025/08/29 03:57:27+00,,,
1774048.5452,5445129.3175,332,Maidstone Max,"Red ""Rubbish"" bin in same unit as blue ""Glass Bottles"" recycling bin and yellow ""Recycle"" bin. ",,,,,,,,,3 Bay,,,Verified 08/2025,{A7D0054C-BC78-4470-B22B-30EF3282D789},CSADMIN,2025/08/29 03:57:27+00,CSADMIN,2025/08/29 03:57:27+00,,,
1773969.8944,5445080.8558,333,Maidstone Max,"Red ""Rubbish"" bin in same unit as blue ""Glass Bottles"" recycling bin and yellow ""Recycle"" bin. ",,,,,,,,,3 Bay,,,Verified 08/2025,{072DE247-73D4-411B-9E74-96F8BCA85983},CSADMIN,2025/08/29 03:57:27+00,CSADMIN,2025/08/29 03:57:27+00,,,
1773803.2081,5445248.0763,334,Fergusson Drive,,,,,,,,,,,,,Verified 08/2025,{C5D6D514-92BF-4F04-9F40-8578502E21F6},CSADMIN,2025/08/29 03:57:27+00,CSADMIN,2025/08/29 03:57:27+00,,,
1773964.0922,5445291.9557,335,Russell Street,,,,,,,,,,,,,Verified 08/2025,{16D08BE7-7D8A-4F34-ACB6-D4E9895FF4C6},CSADMIN,2025/08/29 03:57:27+00,CSADMIN,2025/08/29 03:57:27+00,,,
1772494.2176,5444986.8641,336,Ward Street,,,,,,,,,,,,,Verified 08/2025,{6312E2C1-4B1F-4C0C-8DF4-540C2B24DEA9},CSADMIN,2025/08/29 03:57:27+00,CSADMIN,2025/08/29 03:57:27+00,,,
1771049.5092,5443929.8044,337,Trentham Station,,,,,,,,,,,,,Verified 08/2025,{AB7B5575-ACE7-4A08-AC05-759008675C11},CSADMIN,2025/08/29 03:57:27+00,CSADMIN,2025/08/29 03:57:27+00,,,
1771044.8909,5443910.0148,338,Trentham Station,,,,,,,,,,,,,Verified 08/2025,{4300A2ED-8D1E-4053-BAAB-3B9E624B7982},CSADMIN,2025/08/29 03:57:27+00,CSADMIN,2025/08/29 03:57:27+00,,,
1771006.7686,5443908.8072,339,Trentham Station,,,,,,,,,,,,,Verified 08/2025,{4A45A800-BA4A-4674-9052-8CECC2E85A2F},CSADMIN,2025/08/29 03:57:27+00,CSADMIN,2025/08/29 03:57:27+00,,,
1771082.3075,5443943.3174,340,Trentham Station,,,,,,,,,,,,,Verified 08/2025,{E50EECE8-09AD-4A72-B1EB-E9CD61490AD7},CSADMIN,2025/08/29 03:57:27+00,CSADMIN,2025/08/29 03:57:27+00,,,
1771130.5206,5443949.2712,341,Trentham Station,,,,,,,,,,,,,Verified 08/2025,{6FD44B51-BF9A-4A59-B7AC-28CD52FFE1CB},CSADMIN,2025/08/29 03:57:27+00,CSADMIN,2025/08/29 03:57:27+00,,,
1771183.9381,5443972.5451,342,Trentham Station,,,,,,,,,,,,,Verified 08/2025,{94F85019-98BB-4176-9BE7-8077D7413625},CSADMIN,2025/08/29 03:57:27+00,CSADMIN,2025/08/29 03:57:27+00,,,
1770011.5434,5443456.2348,343,Heretaunga Station,,,,,,,,,,,,,Verified 08/2025,{74811C6E-771B-4F78-94C1-0951B679F236},CSADMIN,2025/08/29 03:57:27+00,CSADMIN,2025/08/29 03:57:27+00,,,
1769745.8629,5443544.0269,344,Fergusson Drive,,,,,,,,,,,,,Verified 08/2025,{009E038C-A4FC-461E-990A-E78F36A83685},CSADMIN,2025/08/29 03:57:27+00,CSADMIN,2025/08/29 03:57:27+00,,,
1770648.306,5444516.8372,345,Trentham Memorial Park,,,,,,,,,,,,,Verified 08/2025,{E28418FC-8F62-4747-A580-CA8C79EE7EAB},CSADMIN,2025/08/29 03:57:27+00,CSADMIN,2025/08/29 03:57:27+00,,,
1768985.8872,5442390.6614,346,Sunbrae Drive,Paramount Tilt Bin - Brown,2147483647,,WILLOW-BIN02,,,Rubbish Bins,,Paramount Tilt,,14,,Verified 08/2025,{3BC37BF2-7FE4-459D-9039-5C3F3E0D2602},CSADMIN,2025/08/29 03:57:27+00,CSADMIN,2025/08/29 03:57:27+00,,,
