Year,Training type,Grouping variable,Category,Field of study,Field of study Code,Value,Value Unit,Value Label,Null Reason
2024,Trainees,Ethnic group,European,"Agriculture, environmental and related studies",S05,3195,number,Number of people,
2024,Trainees,Ethnic group,Māori,"Agriculture, environmental and related studies",S05,1665,number,Number of people,
2024,Trainees,Ethnic group,Pacific Peoples,"Agriculture, environmental and related studies",S05,315,number,Number of people,
2024,Trainees,Ethnic group,Asian,"Agriculture, environmental and related studies",S05,415,number,Number of people,
2024,Trainees,Ethnic group,MELAA,"Agriculture, environmental and related studies",S05,85,number,Number of people,
2024,Trainees,Ethnic group,Other,"Agriculture, environmental and related studies",S05,180,number,Number of people,
2024,Trainees,Ethnic group,Total,"Agriculture, environmental and related studies",S05,6145,number,Number of people,
2024,Trainees,Gender,Male,"Agriculture, environmental and related studies",S05,4850,number,Number of people,
2024,Trainees,Gender,Female,"Agriculture, environmental and related studies",S05,1290,number,Number of people,
2024,Trainees,Gender,Total,"Agriculture, environmental and related studies",S05,6145,number,Number of people,
2024,Trainees,Age group,*-19,"Agriculture, environmental and related studies",S05,410,number,Number of people,
2024,Trainees,Age group,20-29,"Agriculture, environmental and related studies",S05,2120,number,Number of people,
2024,Trainees,Age group,30-39,"Agriculture, environmental and related studies",S05,1670,number,Number of people,
2024,Trainees,Age group,40-49,"Agriculture, environmental and related studies",S05,1010,number,Number of people,
2024,Trainees,Age group,50+,"Agriculture, environmental and related studies",S05,935,number,Number of people,
2024,Trainees,Ethnic group,European,Architecture and building,S04,2185,number,Number of people,
2024,Trainees,Ethnic group,Māori,Architecture and building,S04,655,number,Number of people,
2024,Trainees,Ethnic group,Pacific Peoples,Architecture and building,S04,405,number,Number of people,
2024,Trainees,Ethnic group,Asian,Architecture and building,S04,480,number,Number of people,
2024,Trainees,Ethnic group,MELAA,Architecture and building,S04,105,number,Number of people,
2024,Trainees,Ethnic group,Other,Architecture and building,S04,25,number,Number of people,
2024,Trainees,Ethnic group,Total,Architecture and building,S04,3870,number,Number of people,
2024,Trainees,Gender,Male,Architecture and building,S04,3665,number,Number of people,
2024,Trainees,Gender,Female,Architecture and building,S04,190,number,Number of people,
2024,Trainees,Gender,Total,Architecture and building,S04,3870,number,Number of people,
2024,Trainees,Age group,*-19,Architecture and building,S04,110,number,Number of people,
2024,Trainees,Age group,20-29,Architecture and building,S04,1295,number,Number of people,
2024,Trainees,Age group,30-39,Architecture and building,S04,1405,number,Number of people,
2024,Trainees,Age group,40-49,Architecture and building,S04,750,number,Number of people,
2024,Trainees,Age group,50+,Architecture and building,S04,315,number,Number of people,
2024,Trainees,Ethnic group,European,Creative arts,S10,115,number,Number of people,
2024,Trainees,Ethnic group,Māori,Creative arts,S10,35,number,Number of people,
2024,Trainees,Ethnic group,Pacific Peoples,Creative arts,S10,10,number,Number of people,
2024,Trainees,Ethnic group,Asian,Creative arts,S10,5,number,Number of people,
2024,Trainees,Ethnic group,MELAA,Creative arts,S10,5,number,Number of people,
2024,Trainees,Ethnic group,Other,Creative arts,S10,5,number,Number of people,
2024,Trainees,Ethnic group,Total,Creative arts,S10,150,number,Number of people,
2024,Trainees,Gender,Male,Creative arts,S10,75,number,Number of people,
2024,Trainees,Gender,Female,Creative arts,S10,70,number,Number of people,
2024,Trainees,Gender,Total,Creative arts,S10,150,number,Number of people,
2024,Trainees,Age group,*-19,Creative arts,S10,40,number,Number of people,
2024,Trainees,Age group,20-29,Creative arts,S10,55,number,Number of people,
2024,Trainees,Age group,30-39,Creative arts,S10,35,number,Number of people,
2024,Trainees,Age group,40-49,Creative arts,S10,15,number,Number of people,
2024,Trainees,Age group,50+,Creative arts,S10,10,number,Number of people,
2024,Trainees,Ethnic group,European,Education,S07,105,number,Number of people,
2024,Trainees,Ethnic group,Māori,Education,S07,25,number,Number of people,
2024,Trainees,Ethnic group,Pacific Peoples,Education,S07,15,number,Number of people,
2024,Trainees,Ethnic group,Asian,Education,S07,15,number,Number of people,
2024,Trainees,Ethnic group,MELAA,Education,S07,5,number,Number of people,
2024,Trainees,Ethnic group,Other,Education,S07,5,number,Number of people,
2024,Trainees,Ethnic group,Total,Education,S07,140,number,Number of people,
2024,Trainees,Gender,Male,Education,S07,70,number,Number of people,
2024,Trainees,Gender,Female,Education,S07,70,number,Number of people,
2024,Trainees,Gender,Total,Education,S07,140,number,Number of people,
2024,Trainees,Age group,*-19,Education,S07,0,number,Number of people,
2024,Trainees,Age group,20-29,Education,S07,30,number,Number of people,
2024,Trainees,Age group,30-39,Education,S07,45,number,Number of people,
2024,Trainees,Age group,40-49,Education,S07,35,number,Number of people,
2024,Trainees,Age group,50+,Education,S07,30,number,Number of people,
2024,Trainees,Ethnic group,European,Engineering and related technologies,S03,4610,number,Number of people,
2024,Trainees,Ethnic group,Māori,Engineering and related technologies,S03,2050,number,Number of people,
2024,Trainees,Ethnic group,Pacific Peoples,Engineering and related technologies,S03,1070,number,Number of people,
2024,Trainees,Ethnic group,Asian,Engineering and related technologies,S03,1530,number,Number of people,
2024,Trainees,Ethnic group,MELAA,Engineering and related technologies,S03,230,number,Number of people,
2024,Trainees,Ethnic group,Other,Engineering and related technologies,S03,225,number,Number of people,
2024,Trainees,Ethnic group,Total,Engineering and related technologies,S03,9270,number,Number of people,
2024,Trainees,Gender,Male,Engineering and related technologies,S03,6670,number,Number of people,
2024,Trainees,Gender,Female,Engineering and related technologies,S03,2595,number,Number of people,
2024,Trainees,Gender,Total,Engineering and related technologies,S03,9270,number,Number of people,
2024,Trainees,Age group,*-19,Engineering and related technologies,S03,405,number,Number of people,
2024,Trainees,Age group,20-29,Engineering and related technologies,S03,2845,number,Number of people,
2024,Trainees,Age group,30-39,Engineering and related technologies,S03,2815,number,Number of people,
2024,Trainees,Age group,40-49,Engineering and related technologies,S03,1655,number,Number of people,
2024,Trainees,Age group,50+,Engineering and related technologies,S03,1550,number,Number of people,
2024,Trainees,Ethnic group,European,"Food, hospitality and personal services",S11,3155,number,Number of people,
2024,Trainees,Ethnic group,Māori,"Food, hospitality and personal services",S11,1345,number,Number of people,
2024,Trainees,Ethnic group,Pacific Peoples,"Food, hospitality and personal services",S11,1020,number,Number of people,
2024,Trainees,Ethnic group,Asian,"Food, hospitality and personal services",S11,1495,number,Number of people,
2024,Trainees,Ethnic group,MELAA,"Food, hospitality and personal services",S11,135,number,Number of people,
2024,Trainees,Ethnic group,Other,"Food, hospitality and personal services",S11,70,number,Number of people,
2024,Trainees,Ethnic group,Total,"Food, hospitality and personal services",S11,6235,number,Number of people,
2024,Trainees,Gender,Male,"Food, hospitality and personal services",S11,2710,number,Number of people,
2024,Trainees,Gender,Female,"Food, hospitality and personal services",S11,3515,number,Number of people,
2024,Trainees,Gender,Total,"Food, hospitality and personal services",S11,6235,number,Number of people,
2024,Trainees,Age group,*-19,"Food, hospitality and personal services",S11,3340,number,Number of people,
2024,Trainees,Age group,20-29,"Food, hospitality and personal services",S11,1765,number,Number of people,
2024,Trainees,Age group,30-39,"Food, hospitality and personal services",S11,580,number,Number of people,
2024,Trainees,Age group,40-49,"Food, hospitality and personal services",S11,305,number,Number of people,
2024,Trainees,Age group,50+,"Food, hospitality and personal services",S11,245,number,Number of people,
2024,Trainees,Ethnic group,European,Health,S06,1235,number,Number of people,
2024,Trainees,Ethnic group,Māori,Health,S06,310,number,Number of people,
2024,Trainees,Ethnic group,Pacific Peoples,Health,S06,85,number,Number of people,
2024,Trainees,Ethnic group,Asian,Health,S06,220,number,Number of people,
2024,Trainees,Ethnic group,MELAA,Health,S06,50,number,Number of people,
2024,Trainees,Ethnic group,Other,Health,S06,90,number,Number of people,
2024,Trainees,Ethnic group,Total,Health,S06,1885,number,Number of people,
2024,Trainees,Gender,Male,Health,S06,795,number,Number of people,
2024,Trainees,Gender,Female,Health,S06,1090,number,Number of people,
2024,Trainees,Gender,Total,Health,S06,1885,number,Number of people,
2024,Trainees,Age group,*-19,Health,S06,70,number,Number of people,
2024,Trainees,Age group,20-29,Health,S06,590,number,Number of people,
2024,Trainees,Age group,30-39,Health,S06,555,number,Number of people,
2024,Trainees,Age group,40-49,Health,S06,315,number,Number of people,
2024,Trainees,Age group,50+,Health,S06,355,number,Number of people,
2024,Trainees,Ethnic group,European,Management and commerce,S08,4260,number,Number of people,
2024,Trainees,Ethnic group,Māori,Management and commerce,S08,1035,number,Number of people,
2024,Trainees,Ethnic group,Pacific Peoples,Management and commerce,S08,535,number,Number of people,
2024,Trainees,Ethnic group,Asian,Management and commerce,S08,1155,number,Number of people,
2024,Trainees,Ethnic group,MELAA,Management and commerce,S08,180,number,Number of people,
2024,Trainees,Ethnic group,Other,Management and commerce,S08,130,number,Number of people,
2024,Trainees,Ethnic group,Total,Management and commerce,S08,6595,number,Number of people,
2024,Trainees,Gender,Male,Management and commerce,S08,3065,number,Number of people,
2024,Trainees,Gender,Female,Management and commerce,S08,3510,number,Number of people,
2024,Trainees,Gender,Total,Management and commerce,S08,6595,number,Number of people,
2024,Trainees,Age group,*-19,Management and commerce,S08,105,number,Number of people,
2024,Trainees,Age group,20-29,Management and commerce,S08,1645,number,Number of people,
2024,Trainees,Age group,30-39,Management and commerce,S08,2200,number,Number of people,
2024,Trainees,Age group,40-49,Management and commerce,S08,1460,number,Number of people,
2024,Trainees,Age group,50+,Management and commerce,S08,1185,number,Number of people,
2024,Trainees,Ethnic group,European,Natural and physical sciences,S01,5,number,Number of people,
2024,Trainees,Ethnic group,Māori,Natural and physical sciences,S01,0,number,Number of people,
2024,Trainees,Ethnic group,Pacific Peoples,Natural and physical sciences,S01,0,number,Number of people,
2024,Trainees,Ethnic group,Asian,Natural and physical sciences,S01,0,number,Number of people,
2024,Trainees,Ethnic group,MELAA,Natural and physical sciences,S01,0,number,Number of people,
2024,Trainees,Ethnic group,Other,Natural and physical sciences,S01,0,number,Number of people,
2024,Trainees,Ethnic group,Total,Natural and physical sciences,S01,5,number,Number of people,
2024,Trainees,Gender,Male,Natural and physical sciences,S01,5,number,Number of people,
2024,Trainees,Gender,Female,Natural and physical sciences,S01,5,number,Number of people,
2024,Trainees,Gender,Total,Natural and physical sciences,S01,5,number,Number of people,
2024,Trainees,Age group,*-19,Natural and physical sciences,S01,0,number,Number of people,
2024,Trainees,Age group,20-29,Natural and physical sciences,S01,5,number,Number of people,
2024,Trainees,Age group,30-39,Natural and physical sciences,S01,0,number,Number of people,
2024,Trainees,Age group,40-49,Natural and physical sciences,S01,0,number,Number of people,
2024,Trainees,Age group,50+,Natural and physical sciences,S01,0,number,Number of people,
2024,Trainees,Ethnic group,European,Society and culture,S09,6895,number,Number of people,
2024,Trainees,Ethnic group,Māori,Society and culture,S09,2530,number,Number of people,
2024,Trainees,Ethnic group,Pacific Peoples,Society and culture,S09,1975,number,Number of people,
2024,Trainees,Ethnic group,Asian,Society and culture,S09,2690,number,Number of people,
2024,Trainees,Ethnic group,MELAA,Society and culture,S09,435,number,Number of people,
2024,Trainees,Ethnic group,Other,Society and culture,S09,620,number,Number of people,
2024,Trainees,Ethnic group,Total,Society and culture,S09,13520,number,Number of people,
2024,Trainees,Gender,Male,Society and culture,S09,5080,number,Number of people,
2024,Trainees,Gender,Female,Society and culture,S09,8390,number,Number of people,
2024,Trainees,Gender,Total,Society and culture,S09,13520,number,Number of people,
2024,Trainees,Age group,*-19,Society and culture,S09,1190,number,Number of people,
2024,Trainees,Age group,20-29,Society and culture,S09,3610,number,Number of people,
2024,Trainees,Age group,30-39,Society and culture,S09,3535,number,Number of people,
2024,Trainees,Age group,40-49,Society and culture,S09,2415,number,Number of people,
2024,Trainees,Age group,50+,Society and culture,S09,2775,number,Number of people,
2024,Trainees,Ethnic group,European,Total,TOTAL,28260,number,Number of people,
2024,Trainees,Ethnic group,Māori,Total,TOTAL,10675,number,Number of people,
2024,Trainees,Ethnic group,Pacific Peoples,Total,TOTAL,6050,number,Number of people,
2024,Trainees,Ethnic group,Asian,Total,TOTAL,9540,number,Number of people,
2024,Trainees,Ethnic group,MELAA,Total,TOTAL,1340,number,Number of people,
2024,Trainees,Ethnic group,Other,Total,TOTAL,1540,number,Number of people,
2024,Trainees,Ethnic group,Total,Total,TOTAL,53340,number,Number of people,
2024,Trainees,Gender,Male,Total,TOTAL,29280,number,Number of people,
2024,Trainees,Gender,Female,Total,TOTAL,23950,number,Number of people,
2024,Trainees,Gender,Total,Total,TOTAL,53340,number,Number of people,
2024,Trainees,Age group,*-19,Total,TOTAL,6775,number,Number of people,
2024,Trainees,Age group,20-29,Total,TOTAL,15370,number,Number of people,
2024,Trainees,Age group,30-39,Total,TOTAL,14155,number,Number of people,
2024,Trainees,Age group,40-49,Total,TOTAL,8805,number,Number of people,
2024,Trainees,Age group,50+,Total,TOTAL,8240,number,Number of people,
2024,Trainees,Ethnic group,European,Aerospace engineering and technology,S0315,315,number,Number of people,
2024,Trainees,Ethnic group,Māori,Aerospace engineering and technology,S0315,50,number,Number of people,
2024,Trainees,Ethnic group,Pacific Peoples,Aerospace engineering and technology,S0315,45,number,Number of people,
2024,Trainees,Ethnic group,Asian,Aerospace engineering and technology,S0315,130,number,Number of people,
2024,Trainees,Ethnic group,MELAA,Aerospace engineering and technology,S0315,20,number,Number of people,
2024,Trainees,Ethnic group,Other,Aerospace engineering and technology,S0315,5,number,Number of people,
2024,Trainees,Ethnic group,Total,Aerospace engineering and technology,S0315,505,number,Number of people,
2024,Trainees,Gender,Male,Aerospace engineering and technology,S0315,290,number,Number of people,
2024,Trainees,Gender,Female,Aerospace engineering and technology,S0315,215,number,Number of people,
2024,Trainees,Gender,Total,Aerospace engineering and technology,S0315,505,number,Number of people,
2024,Trainees,Age group,*-19,Aerospace engineering and technology,S0315,5,number,Number of people,
2024,Trainees,Age group,20-29,Aerospace engineering and technology,S0315,180,number,Number of people,
2024,Trainees,Age group,30-39,Aerospace engineering and technology,S0315,165,number,Number of people,
2024,Trainees,Age group,40-49,Aerospace engineering and technology,S0315,65,number,Number of people,
2024,Trainees,Age group,50+,Aerospace engineering and technology,S0315,90,number,Number of people,
2024,Trainees,Ethnic group,European,Agriculture,S0501,970,number,Number of people,
2024,Trainees,Ethnic group,Māori,Agriculture,S0501,365,number,Number of people,
2024,Trainees,Ethnic group,Pacific Peoples,Agriculture,S0501,30,number,Number of people,
2024,Trainees,Ethnic group,Asian,Agriculture,S0501,285,number,Number of people,
2024,Trainees,Ethnic group,MELAA,Agriculture,S0501,60,number,Number of people,
2024,Trainees,Ethnic group,Other,Agriculture,S0501,60,number,Number of people,
2024,Trainees,Ethnic group,Total,Agriculture,S0501,1775,number,Number of people,
2024,Trainees,Gender,Male,Agriculture,S0501,1115,number,Number of people,
2024,Trainees,Gender,Female,Agriculture,S0501,660,number,Number of people,
2024,Trainees,Gender,Total,Agriculture,S0501,1775,number,Number of people,
2024,Trainees,Age group,*-19,Agriculture,S0501,205,number,Number of people,
2024,Trainees,Age group,20-29,Agriculture,S0501,765,number,Number of people,
2024,Trainees,Age group,30-39,Agriculture,S0501,530,number,Number of people,
2024,Trainees,Age group,40-49,Agriculture,S0501,190,number,Number of people,
2024,Trainees,Age group,50+,Agriculture,S0501,85,number,Number of people,
2024,Trainees,Ethnic group,European,Automotive engineering and technology,S0305,620,number,Number of people,
2024,Trainees,Ethnic group,Māori,Automotive engineering and technology,S0305,130,number,Number of people,
2024,Trainees,Ethnic group,Pacific Peoples,Automotive engineering and technology,S0305,70,number,Number of people,
2024,Trainees,Ethnic group,Asian,Automotive engineering and technology,S0305,115,number,Number of people,
2024,Trainees,Ethnic group,MELAA,Automotive engineering and technology,S0305,30,number,Number of people,
2024,Trainees,Ethnic group,Other,Automotive engineering and technology,S0305,10,number,Number of people,
2024,Trainees,Ethnic group,Total,Automotive engineering and technology,S0305,870,number,Number of people,
2024,Trainees,Gender,Male,Automotive engineering and technology,S0305,745,number,Number of people,
2024,Trainees,Gender,Female,Automotive engineering and technology,S0305,125,number,Number of people,
2024,Trainees,Gender,Total,Automotive engineering and technology,S0305,870,number,Number of people,
2024,Trainees,Age group,*-19,Automotive engineering and technology,S0305,40,number,Number of people,
2024,Trainees,Age group,20-29,Automotive engineering and technology,S0305,315,number,Number of people,
2024,Trainees,Age group,30-39,Automotive engineering and technology,S0305,270,number,Number of people,
2024,Trainees,Age group,40-49,Automotive engineering and technology,S0305,130,number,Number of people,
2024,Trainees,Age group,50+,Automotive engineering and technology,S0305,115,number,Number of people,
2024,Trainees,Ethnic group,European,"Banking, finance and related fields",S0811,270,number,Number of people,
2024,Trainees,Ethnic group,Māori,"Banking, finance and related fields",S0811,35,number,Number of people,
2024,Trainees,Ethnic group,Pacific Peoples,"Banking, finance and related fields",S0811,25,number,Number of people,
2024,Trainees,Ethnic group,Asian,"Banking, finance and related fields",S0811,165,number,Number of people,
2024,Trainees,Ethnic group,MELAA,"Banking, finance and related fields",S0811,10,number,Number of people,
2024,Trainees,Ethnic group,Other,"Banking, finance and related fields",S0811,10,number,Number of people,
2024,Trainees,Ethnic group,Total,"Banking, finance and related fields",S0811,475,number,Number of people,
2024,Trainees,Gender,Male,"Banking, finance and related fields",S0811,160,number,Number of people,
2024,Trainees,Gender,Female,"Banking, finance and related fields",S0811,310,number,Number of people,
2024,Trainees,Gender,Total,"Banking, finance and related fields",S0811,475,number,Number of people,
2024,Trainees,Age group,*-19,"Banking, finance and related fields",S0811,0,number,Number of people,
2024,Trainees,Age group,20-29,"Banking, finance and related fields",S0811,65,number,Number of people,
2024,Trainees,Age group,30-39,"Banking, finance and related fields",S0811,170,number,Number of people,
2024,Trainees,Age group,40-49,"Banking, finance and related fields",S0811,130,number,Number of people,
2024,Trainees,Age group,50+,"Banking, finance and related fields",S0811,110,number,Number of people,
2024,Trainees,Ethnic group,European,Building,S0403,2185,number,Number of people,
2024,Trainees,Ethnic group,Māori,Building,S0403,655,number,Number of people,
2024,Trainees,Ethnic group,Pacific Peoples,Building,S0403,405,number,Number of people,
2024,Trainees,Ethnic group,Asian,Building,S0403,480,number,Number of people,
2024,Trainees,Ethnic group,MELAA,Building,S0403,105,number,Number of people,
2024,Trainees,Ethnic group,Other,Building,S0403,25,number,Number of people,
2024,Trainees,Ethnic group,Total,Building,S0403,3870,number,Number of people,
2024,Trainees,Gender,Male,Building,S0403,3665,number,Number of people,
2024,Trainees,Gender,Female,Building,S0403,190,number,Number of people,
2024,Trainees,Gender,Total,Building,S0403,3870,number,Number of people,
2024,Trainees,Age group,*-19,Building,S0403,110,number,Number of people,
2024,Trainees,Age group,20-29,Building,S0403,1295,number,Number of people,
2024,Trainees,Age group,30-39,Building,S0403,1405,number,Number of people,
2024,Trainees,Age group,40-49,Building,S0403,750,number,Number of people,
2024,Trainees,Age group,50+,Building,S0403,315,number,Number of people,
2024,Trainees,Ethnic group,European,Business and management,S0803,2210,number,Number of people,
2024,Trainees,Ethnic group,Māori,Business and management,S0803,555,number,Number of people,
2024,Trainees,Ethnic group,Pacific Peoples,Business and management,S0803,325,number,Number of people,
2024,Trainees,Ethnic group,Asian,Business and management,S0803,465,number,Number of people,
2024,Trainees,Ethnic group,MELAA,Business and management,S0803,120,number,Number of people,
2024,Trainees,Ethnic group,Other,Business and management,S0803,75,number,Number of people,
2024,Trainees,Ethnic group,Total,Business and management,S0803,3380,number,Number of people,
2024,Trainees,Gender,Male,Business and management,S0803,1890,number,Number of people,
2024,Trainees,Gender,Female,Business and management,S0803,1485,number,Number of people,
2024,Trainees,Gender,Total,Business and management,S0803,3380,number,Number of people,
2024,Trainees,Age group,*-19,Business and management,S0803,15,number,Number of people,
2024,Trainees,Age group,20-29,Business and management,S0803,875,number,Number of people,
2024,Trainees,Age group,30-39,Business and management,S0803,1250,number,Number of people,
2024,Trainees,Age group,40-49,Business and management,S0803,730,number,Number of people,
2024,Trainees,Age group,50+,Business and management,S0803,505,number,Number of people,
2024,Trainees,Ethnic group,European,Civil engineering,S0309,1095,number,Number of people,
2024,Trainees,Ethnic group,Māori,Civil engineering,S0309,540,number,Number of people,
2024,Trainees,Ethnic group,Pacific Peoples,Civil engineering,S0309,230,number,Number of people,
2024,Trainees,Ethnic group,Asian,Civil engineering,S0309,135,number,Number of people,
2024,Trainees,Ethnic group,MELAA,Civil engineering,S0309,30,number,Number of people,
2024,Trainees,Ethnic group,Other,Civil engineering,S0309,30,number,Number of people,
2024,Trainees,Ethnic group,Total,Civil engineering,S0309,1805,number,Number of people,
2024,Trainees,Gender,Male,Civil engineering,S0309,1550,number,Number of people,
2024,Trainees,Gender,Female,Civil engineering,S0309,255,number,Number of people,
2024,Trainees,Gender,Total,Civil engineering,S0309,1805,number,Number of people,
2024,Trainees,Age group,*-19,Civil engineering,S0309,110,number,Number of people,
2024,Trainees,Age group,20-29,Civil engineering,S0309,595,number,Number of people,
2024,Trainees,Age group,30-39,Civil engineering,S0309,550,number,Number of people,
2024,Trainees,Age group,40-49,Civil engineering,S0309,325,number,Number of people,
2024,Trainees,Age group,50+,Civil engineering,S0309,225,number,Number of people,
2024,Trainees,Ethnic group,European,Earth sciences,S0107,5,number,Number of people,
2024,Trainees,Ethnic group,Māori,Earth sciences,S0107,0,number,Number of people,
2024,Trainees,Ethnic group,Pacific Peoples,Earth sciences,S0107,0,number,Number of people,
2024,Trainees,Ethnic group,Asian,Earth sciences,S0107,0,number,Number of people,
2024,Trainees,Ethnic group,MELAA,Earth sciences,S0107,0,number,Number of people,
2024,Trainees,Ethnic group,Other,Earth sciences,S0107,0,number,Number of people,
2024,Trainees,Ethnic group,Total,Earth sciences,S0107,5,number,Number of people,
2024,Trainees,Gender,Male,Earth sciences,S0107,5,number,Number of people,
2024,Trainees,Gender,Female,Earth sciences,S0107,5,number,Number of people,
2024,Trainees,Gender,Total,Earth sciences,S0107,5,number,Number of people,
2024,Trainees,Age group,*-19,Earth sciences,S0107,0,number,Number of people,
2024,Trainees,Age group,20-29,Earth sciences,S0107,5,number,Number of people,
2024,Trainees,Age group,30-39,Earth sciences,S0107,0,number,Number of people,
2024,Trainees,Age group,40-49,Earth sciences,S0107,0,number,Number of people,
2024,Trainees,Age group,50+,Earth sciences,S0107,0,number,Number of people,
2024,Trainees,Ethnic group,European,Electrical and electronic engineering and technology,S0313,660,number,Number of people,
2024,Trainees,Ethnic group,Māori,Electrical and electronic engineering and technology,S0313,170,number,Number of people,
2024,Trainees,Ethnic group,Pacific Peoples,Electrical and electronic engineering and technology,S0313,80,number,Number of people,
2024,Trainees,Ethnic group,Asian,Electrical and electronic engineering and technology,S0313,100,number,Number of people,
2024,Trainees,Ethnic group,MELAA,Electrical and electronic engineering and technology,S0313,35,number,Number of people,
2024,Trainees,Ethnic group,Other,Electrical and electronic engineering and technology,S0313,15,number,Number of people,
2024,Trainees,Ethnic group,Total,Electrical and electronic engineering and technology,S0313,985,number,Number of people,
2024,Trainees,Gender,Male,Electrical and electronic engineering and technology,S0313,795,number,Number of people,
2024,Trainees,Gender,Female,Electrical and electronic engineering and technology,S0313,190,number,Number of people,
2024,Trainees,Gender,Total,Electrical and electronic engineering and technology,S0313,985,number,Number of people,
2024,Trainees,Age group,*-19,Electrical and electronic engineering and technology,S0313,75,number,Number of people,
2024,Trainees,Age group,20-29,Electrical and electronic engineering and technology,S0313,315,number,Number of people,
2024,Trainees,Age group,30-39,Electrical and electronic engineering and technology,S0313,290,number,Number of people,
2024,Trainees,Age group,40-49,Electrical and electronic engineering and technology,S0313,170,number,Number of people,
2024,Trainees,Age group,50+,Electrical and electronic engineering and technology,S0313,135,number,Number of people,
2024,Trainees,Ethnic group,European,Environmental studies,S0509,5,number,Number of people,
2024,Trainees,Ethnic group,Māori,Environmental studies,S0509,5,number,Number of people,
2024,Trainees,Ethnic group,Pacific Peoples,Environmental studies,S0509,0,number,Number of people,
2024,Trainees,Ethnic group,Asian,Environmental studies,S0509,0,number,Number of people,
2024,Trainees,Ethnic group,MELAA,Environmental studies,S0509,0,number,Number of people,
2024,Trainees,Ethnic group,Other,Environmental studies,S0509,0,number,Number of people,
2024,Trainees,Ethnic group,Total,Environmental studies,S0509,5,number,Number of people,
2024,Trainees,Gender,Male,Environmental studies,S0509,5,number,Number of people,
2024,Trainees,Gender,Female,Environmental studies,S0509,5,number,Number of people,
2024,Trainees,Gender,Total,Environmental studies,S0509,5,number,Number of people,
2024,Trainees,Age group,*-19,Environmental studies,S0509,0,number,Number of people,
2024,Trainees,Age group,20-29,Environmental studies,S0509,0,number,Number of people,
2024,Trainees,Age group,30-39,Environmental studies,S0509,5,number,Number of people,
2024,Trainees,Age group,40-49,Environmental studies,S0509,5,number,Number of people,
2024,Trainees,Age group,50+,Environmental studies,S0509,5,number,Number of people,
2024,Trainees,Ethnic group,European,Food and hospitality,S1101,3155,number,Number of people,
2024,Trainees,Ethnic group,Māori,Food and hospitality,S1101,1345,number,Number of people,
2024,Trainees,Ethnic group,Pacific Peoples,Food and hospitality,S1101,1020,number,Number of people,
2024,Trainees,Ethnic group,Asian,Food and hospitality,S1101,1495,number,Number of people,
2024,Trainees,Ethnic group,MELAA,Food and hospitality,S1101,135,number,Number of people,
2024,Trainees,Ethnic group,Other,Food and hospitality,S1101,70,number,Number of people,
2024,Trainees,Ethnic group,Total,Food and hospitality,S1101,6235,number,Number of people,
2024,Trainees,Gender,Male,Food and hospitality,S1101,2710,number,Number of people,
2024,Trainees,Gender,Female,Food and hospitality,S1101,3515,number,Number of people,
2024,Trainees,Gender,Total,Food and hospitality,S1101,6235,number,Number of people,
2024,Trainees,Age group,*-19,Food and hospitality,S1101,3340,number,Number of people,
2024,Trainees,Age group,20-29,Food and hospitality,S1101,1765,number,Number of people,
2024,Trainees,Age group,30-39,Food and hospitality,S1101,580,number,Number of people,
2024,Trainees,Age group,40-49,Food and hospitality,S1101,305,number,Number of people,
2024,Trainees,Age group,50+,Food and hospitality,S1101,245,number,Number of people,
2024,Trainees,Ethnic group,European,Forestry studies,S0505,1335,number,Number of people,
2024,Trainees,Ethnic group,Māori,Forestry studies,S0505,845,number,Number of people,
2024,Trainees,Ethnic group,Pacific Peoples,Forestry studies,S0505,180,number,Number of people,
2024,Trainees,Ethnic group,Asian,Forestry studies,S0505,40,number,Number of people,
2024,Trainees,Ethnic group,MELAA,Forestry studies,S0505,10,number,Number of people,
2024,Trainees,Ethnic group,Other,Forestry studies,S0505,60,number,Number of people,
2024,Trainees,Ethnic group,Total,Forestry studies,S0505,2765,number,Number of people,
2024,Trainees,Gender,Male,Forestry studies,S0505,2550,number,Number of people,
2024,Trainees,Gender,Female,Forestry studies,S0505,210,number,Number of people,
2024,Trainees,Gender,Total,Forestry studies,S0505,2765,number,Number of people,
2024,Trainees,Age group,*-19,Forestry studies,S0505,120,number,Number of people,
2024,Trainees,Age group,20-29,Forestry studies,S0505,850,number,Number of people,
2024,Trainees,Age group,30-39,Forestry studies,S0505,710,number,Number of people,
2024,Trainees,Age group,40-49,Forestry studies,S0505,525,number,Number of people,
2024,Trainees,Age group,50+,Forestry studies,S0505,560,number,Number of people,
2024,Trainees,Ethnic group,European,Geomatic engineering,S0311,30,number,Number of people,
2024,Trainees,Ethnic group,Māori,Geomatic engineering,S0311,5,number,Number of people,
2024,Trainees,Ethnic group,Pacific Peoples,Geomatic engineering,S0311,5,number,Number of people,
2024,Trainees,Ethnic group,Asian,Geomatic engineering,S0311,0,number,Number of people,
2024,Trainees,Ethnic group,MELAA,Geomatic engineering,S0311,5,number,Number of people,
2024,Trainees,Ethnic group,Other,Geomatic engineering,S0311,5,number,Number of people,
2024,Trainees,Ethnic group,Total,Geomatic engineering,S0311,40,number,Number of people,
2024,Trainees,Gender,Male,Geomatic engineering,S0311,35,number,Number of people,
2024,Trainees,Gender,Female,Geomatic engineering,S0311,5,number,Number of people,
2024,Trainees,Gender,Total,Geomatic engineering,S0311,40,number,Number of people,
2024,Trainees,Age group,*-19,Geomatic engineering,S0311,5,number,Number of people,
2024,Trainees,Age group,20-29,Geomatic engineering,S0311,20,number,Number of people,
2024,Trainees,Age group,30-39,Geomatic engineering,S0311,15,number,Number of people,
2024,Trainees,Age group,40-49,Geomatic engineering,S0311,5,number,Number of people,
2024,Trainees,Age group,50+,Geomatic engineering,S0311,5,number,Number of people,
2024,Trainees,Ethnic group,European,Horticulture and viticulture,S0503,265,number,Number of people,
2024,Trainees,Ethnic group,Māori,Horticulture and viticulture,S0503,135,number,Number of people,
2024,Trainees,Ethnic group,Pacific Peoples,Horticulture and viticulture,S0503,20,number,Number of people,
2024,Trainees,Ethnic group,Asian,Horticulture and viticulture,S0503,30,number,Number of people,
2024,Trainees,Ethnic group,MELAA,Horticulture and viticulture,S0503,10,number,Number of people,
2024,Trainees,Ethnic group,Other,Horticulture and viticulture,S0503,15,number,Number of people,
2024,Trainees,Ethnic group,Total,Horticulture and viticulture,S0503,480,number,Number of people,
2024,Trainees,Gender,Male,Horticulture and viticulture,S0503,360,number,Number of people,
2024,Trainees,Gender,Female,Horticulture and viticulture,S0503,120,number,Number of people,
2024,Trainees,Gender,Total,Horticulture and viticulture,S0503,480,number,Number of people,
2024,Trainees,Age group,*-19,Horticulture and viticulture,S0503,15,number,Number of people,
2024,Trainees,Age group,20-29,Horticulture and viticulture,S0503,155,number,Number of people,
2024,Trainees,Age group,30-39,Horticulture and viticulture,S0503,155,number,Number of people,
2024,Trainees,Age group,40-49,Horticulture and viticulture,S0503,75,number,Number of people,
2024,Trainees,Age group,50+,Horticulture and viticulture,S0503,75,number,Number of people,
2024,Trainees,Ethnic group,European,Human welfare studies and services,S0905,3185,number,Number of people,
2024,Trainees,Ethnic group,Māori,Human welfare studies and services,S0905,1500,number,Number of people,
2024,Trainees,Ethnic group,Pacific Peoples,Human welfare studies and services,S0905,940,number,Number of people,
2024,Trainees,Ethnic group,Asian,Human welfare studies and services,S0905,1835,number,Number of people,
2024,Trainees,Ethnic group,MELAA,Human welfare studies and services,S0905,180,number,Number of people,
2024,Trainees,Ethnic group,Other,Human welfare studies and services,S0905,335,number,Number of people,
2024,Trainees,Ethnic group,Total,Human welfare studies and services,S0905,7305,number,Number of people,
2024,Trainees,Gender,Male,Human welfare studies and services,S0905,1570,number,Number of people,
2024,Trainees,Gender,Female,Human welfare studies and services,S0905,5700,number,Number of people,
2024,Trainees,Gender,Total,Human welfare studies and services,S0905,7305,number,Number of people,
2024,Trainees,Age group,*-19,Human welfare studies and services,S0905,160,number,Number of people,
2024,Trainees,Age group,20-29,Human welfare studies and services,S0905,1730,number,Number of people,
2024,Trainees,Age group,30-39,Human welfare studies and services,S0905,2045,number,Number of people,
2024,Trainees,Age group,40-49,Human welfare studies and services,S0905,1485,number,Number of people,
2024,Trainees,Age group,50+,Human welfare studies and services,S0905,1885,number,Number of people,
2024,Trainees,Ethnic group,European,Justice and law enforcement,S0911,1320,number,Number of people,
2024,Trainees,Ethnic group,Māori,Justice and law enforcement,S0911,350,number,Number of people,
2024,Trainees,Ethnic group,Pacific Peoples,Justice and law enforcement,S0911,755,number,Number of people,
2024,Trainees,Ethnic group,Asian,Justice and law enforcement,S0911,675,number,Number of people,
2024,Trainees,Ethnic group,MELAA,Justice and law enforcement,S0911,190,number,Number of people,
2024,Trainees,Ethnic group,Other,Justice and law enforcement,S0911,125,number,Number of people,
2024,Trainees,Ethnic group,Total,Justice and law enforcement,S0911,3095,number,Number of people,
2024,Trainees,Gender,Male,Justice and law enforcement,S0911,1875,number,Number of people,
2024,Trainees,Gender,Female,Justice and law enforcement,S0911,1215,number,Number of people,
2024,Trainees,Gender,Total,Justice and law enforcement,S0911,3095,number,Number of people,
2024,Trainees,Age group,*-19,Justice and law enforcement,S0911,5,number,Number of people,
2024,Trainees,Age group,20-29,Justice and law enforcement,S0911,755,number,Number of people,
2024,Trainees,Age group,30-39,Justice and law enforcement,S0911,1110,number,Number of people,
2024,Trainees,Age group,40-49,Justice and law enforcement,S0911,685,number,Number of people,
2024,Trainees,Age group,50+,Justice and law enforcement,S0911,540,number,Number of people,
2024,Trainees,Ethnic group,European,"Librarianship, information management and curatorial studies",S0913,60,number,Number of people,
2024,Trainees,Ethnic group,Māori,"Librarianship, information management and curatorial studies",S0913,20,number,Number of people,
2024,Trainees,Ethnic group,Pacific Peoples,"Librarianship, information management and curatorial studies",S0913,5,number,Number of people,
2024,Trainees,Ethnic group,Asian,"Librarianship, information management and curatorial studies",S0913,5,number,Number of people,
2024,Trainees,Ethnic group,MELAA,"Librarianship, information management and curatorial studies",S0913,0,number,Number of people,
2024,Trainees,Ethnic group,Other,"Librarianship, information management and curatorial studies",S0913,0,number,Number of people,
2024,Trainees,Ethnic group,Total,"Librarianship, information management and curatorial studies",S0913,75,number,Number of people,
2024,Trainees,Gender,Male,"Librarianship, information management and curatorial studies",S0913,20,number,Number of people,
2024,Trainees,Gender,Female,"Librarianship, information management and curatorial studies",S0913,55,number,Number of people,
2024,Trainees,Gender,Total,"Librarianship, information management and curatorial studies",S0913,75,number,Number of people,
2024,Trainees,Age group,*-19,"Librarianship, information management and curatorial studies",S0913,0,number,Number of people,
2024,Trainees,Age group,20-29,"Librarianship, information management and curatorial studies",S0913,15,number,Number of people,
2024,Trainees,Age group,30-39,"Librarianship, information management and curatorial studies",S0913,15,number,Number of people,
2024,Trainees,Age group,40-49,"Librarianship, information management and curatorial studies",S0913,15,number,Number of people,
2024,Trainees,Age group,50+,"Librarianship, information management and curatorial studies",S0913,30,number,Number of people,
2024,Trainees,Ethnic group,European,"Manufacturing, engineering and technology",S0301,285,number,Number of people,
2024,Trainees,Ethnic group,Māori,"Manufacturing, engineering and technology",S0301,145,number,Number of people,
2024,Trainees,Ethnic group,Pacific Peoples,"Manufacturing, engineering and technology",S0301,130,number,Number of people,
2024,Trainees,Ethnic group,Asian,"Manufacturing, engineering and technology",S0301,110,number,Number of people,
2024,Trainees,Ethnic group,MELAA,"Manufacturing, engineering and technology",S0301,15,number,Number of people,
2024,Trainees,Ethnic group,Other,"Manufacturing, engineering and technology",S0301,25,number,Number of people,
2024,Trainees,Ethnic group,Total,"Manufacturing, engineering and technology",S0301,730,number,Number of people,
2024,Trainees,Gender,Male,"Manufacturing, engineering and technology",S0301,580,number,Number of people,
2024,Trainees,Gender,Female,"Manufacturing, engineering and technology",S0301,150,number,Number of people,
2024,Trainees,Gender,Total,"Manufacturing, engineering and technology",S0301,730,number,Number of people,
2024,Trainees,Age group,*-19,"Manufacturing, engineering and technology",S0301,20,number,Number of people,
2024,Trainees,Age group,20-29,"Manufacturing, engineering and technology",S0301,205,number,Number of people,
2024,Trainees,Age group,30-39,"Manufacturing, engineering and technology",S0301,215,number,Number of people,
2024,Trainees,Age group,40-49,"Manufacturing, engineering and technology",S0301,140,number,Number of people,
2024,Trainees,Age group,50+,"Manufacturing, engineering and technology",S0301,150,number,Number of people,
2024,Trainees,Ethnic group,European,Maritime engineering and technology,S0317,5,number,Number of people,
2024,Trainees,Ethnic group,Māori,Maritime engineering and technology,S0317,5,number,Number of people,
2024,Trainees,Ethnic group,Pacific Peoples,Maritime engineering and technology,S0317,5,number,Number of people,
2024,Trainees,Ethnic group,Asian,Maritime engineering and technology,S0317,5,number,Number of people,
2024,Trainees,Ethnic group,MELAA,Maritime engineering and technology,S0317,0,number,Number of people,
2024,Trainees,Ethnic group,Other,Maritime engineering and technology,S0317,0,number,Number of people,
2024,Trainees,Ethnic group,Total,Maritime engineering and technology,S0317,15,number,Number of people,
2024,Trainees,Gender,Male,Maritime engineering and technology,S0317,15,number,Number of people,
2024,Trainees,Gender,Female,Maritime engineering and technology,S0317,5,number,Number of people,
2024,Trainees,Gender,Total,Maritime engineering and technology,S0317,15,number,Number of people,
2024,Trainees,Age group,*-19,Maritime engineering and technology,S0317,5,number,Number of people,
2024,Trainees,Age group,20-29,Maritime engineering and technology,S0317,5,number,Number of people,
2024,Trainees,Age group,30-39,Maritime engineering and technology,S0317,5,number,Number of people,
2024,Trainees,Age group,40-49,Maritime engineering and technology,S0317,5,number,Number of people,
2024,Trainees,Age group,50+,Maritime engineering and technology,S0317,5,number,Number of people,
2024,Trainees,Ethnic group,European,Mechanical and industrial engineering and technology,S0307,155,number,Number of people,
2024,Trainees,Ethnic group,Māori,Mechanical and industrial engineering and technology,S0307,45,number,Number of people,
2024,Trainees,Ethnic group,Pacific Peoples,Mechanical and industrial engineering and technology,S0307,30,number,Number of people,
2024,Trainees,Ethnic group,Asian,Mechanical and industrial engineering and technology,S0307,15,number,Number of people,
2024,Trainees,Ethnic group,MELAA,Mechanical and industrial engineering and technology,S0307,10,number,Number of people,
2024,Trainees,Ethnic group,Other,Mechanical and industrial engineering and technology,S0307,10,number,Number of people,
2024,Trainees,Ethnic group,Total,Mechanical and industrial engineering and technology,S0307,245,number,Number of people,
2024,Trainees,Gender,Male,Mechanical and industrial engineering and technology,S0307,235,number,Number of people,
2024,Trainees,Gender,Female,Mechanical and industrial engineering and technology,S0307,5,number,Number of people,
2024,Trainees,Gender,Total,Mechanical and industrial engineering and technology,S0307,245,number,Number of people,
2024,Trainees,Age group,*-19,Mechanical and industrial engineering and technology,S0307,10,number,Number of people,
2024,Trainees,Age group,20-29,Mechanical and industrial engineering and technology,S0307,80,number,Number of people,
2024,Trainees,Age group,30-39,Mechanical and industrial engineering and technology,S0307,85,number,Number of people,
2024,Trainees,Age group,40-49,Mechanical and industrial engineering and technology,S0307,40,number,Number of people,
2024,Trainees,Age group,50+,Mechanical and industrial engineering and technology,S0307,30,number,Number of people,
2024,Trainees,Ethnic group,European,Nursing,S0603,20,number,Number of people,
2024,Trainees,Ethnic group,Māori,Nursing,S0603,10,number,Number of people,
2024,Trainees,Ethnic group,Pacific Peoples,Nursing,S0603,5,number,Number of people,
2024,Trainees,Ethnic group,Asian,Nursing,S0603,80,number,Number of people,
2024,Trainees,Ethnic group,MELAA,Nursing,S0603,5,number,Number of people,
2024,Trainees,Ethnic group,Other,Nursing,S0603,5,number,Number of people,
2024,Trainees,Ethnic group,Total,Nursing,S0603,120,number,Number of people,
2024,Trainees,Gender,Male,Nursing,S0603,20,number,Number of people,
2024,Trainees,Gender,Female,Nursing,S0603,100,number,Number of people,
2024,Trainees,Gender,Total,Nursing,S0603,120,number,Number of people,
2024,Trainees,Age group,*-19,Nursing,S0603,0,number,Number of people,
2024,Trainees,Age group,20-29,Nursing,S0603,20,number,Number of people,
2024,Trainees,Age group,30-39,Nursing,S0603,50,number,Number of people,
2024,Trainees,Age group,40-49,Nursing,S0603,25,number,Number of people,
2024,Trainees,Age group,50+,Nursing,S0603,25,number,Number of people,
2024,Trainees,Ethnic group,European,Office administration,S0809,5,number,Number of people,
2024,Trainees,Ethnic group,Māori,Office administration,S0809,0,number,Number of people,
2024,Trainees,Ethnic group,Pacific Peoples,Office administration,S0809,0,number,Number of people,
2024,Trainees,Ethnic group,Asian,Office administration,S0809,0,number,Number of people,
2024,Trainees,Ethnic group,MELAA,Office administration,S0809,0,number,Number of people,
2024,Trainees,Ethnic group,Other,Office administration,S0809,0,number,Number of people,
2024,Trainees,Ethnic group,Total,Office administration,S0809,5,number,Number of people,
2024,Trainees,Gender,Male,Office administration,S0809,5,number,Number of people,
2024,Trainees,Gender,Female,Office administration,S0809,0,number,Number of people,
2024,Trainees,Gender,Total,Office administration,S0809,5,number,Number of people,
2024,Trainees,Age group,*-19,Office administration,S0809,0,number,Number of people,
2024,Trainees,Age group,20-29,Office administration,S0809,5,number,Number of people,
2024,Trainees,Age group,30-39,Office administration,S0809,0,number,Number of people,
2024,Trainees,Age group,40-49,Office administration,S0809,0,number,Number of people,
2024,Trainees,Age group,50+,Office administration,S0809,0,number,Number of people,
2024,Trainees,Ethnic group,European,"Other agriculture, environmental and related studies",S0599,730,number,Number of people,
2024,Trainees,Ethnic group,Māori,"Other agriculture, environmental and related studies",S0599,390,number,Number of people,
2024,Trainees,Ethnic group,Pacific Peoples,"Other agriculture, environmental and related studies",S0599,90,number,Number of people,
2024,Trainees,Ethnic group,Asian,"Other agriculture, environmental and related studies",S0599,75,number,Number of people,
2024,Trainees,Ethnic group,MELAA,"Other agriculture, environmental and related studies",S0599,10,number,Number of people,
2024,Trainees,Ethnic group,Other,"Other agriculture, environmental and related studies",S0599,50,number,Number of people,
2024,Trainees,Ethnic group,Total,"Other agriculture, environmental and related studies",S0599,1340,number,Number of people,
2024,Trainees,Gender,Male,"Other agriculture, environmental and related studies",S0599,985,number,Number of people,
2024,Trainees,Gender,Female,"Other agriculture, environmental and related studies",S0599,355,number,Number of people,
2024,Trainees,Gender,Total,"Other agriculture, environmental and related studies",S0599,1340,number,Number of people,
2024,Trainees,Age group,*-19,"Other agriculture, environmental and related studies",S0599,85,number,Number of people,
2024,Trainees,Age group,20-29,"Other agriculture, environmental and related studies",S0599,425,number,Number of people,
2024,Trainees,Age group,30-39,"Other agriculture, environmental and related studies",S0599,330,number,Number of people,
2024,Trainees,Age group,40-49,"Other agriculture, environmental and related studies",S0599,255,number,Number of people,
2024,Trainees,Age group,50+,"Other agriculture, environmental and related studies",S0599,245,number,Number of people,
2024,Trainees,Ethnic group,European,Other engineering and related technologies,S0399,570,number,Number of people,
2024,Trainees,Ethnic group,Māori,Other engineering and related technologies,S0399,215,number,Number of people,
2024,Trainees,Ethnic group,Pacific Peoples,Other engineering and related technologies,S0399,220,number,Number of people,
2024,Trainees,Ethnic group,Asian,Other engineering and related technologies,S0399,505,number,Number of people,
2024,Trainees,Ethnic group,MELAA,Other engineering and related technologies,S0399,50,number,Number of people,
2024,Trainees,Ethnic group,Other,Other engineering and related technologies,S0399,75,number,Number of people,
2024,Trainees,Ethnic group,Total,Other engineering and related technologies,S0399,1625,number,Number of people,
2024,Trainees,Gender,Male,Other engineering and related technologies,S0399,840,number,Number of people,
2024,Trainees,Gender,Female,Other engineering and related technologies,S0399,790,number,Number of people,
2024,Trainees,Gender,Total,Other engineering and related technologies,S0399,1625,number,Number of people,
2024,Trainees,Age group,*-19,Other engineering and related technologies,S0399,25,number,Number of people,
2024,Trainees,Age group,20-29,Other engineering and related technologies,S0399,365,number,Number of people,
2024,Trainees,Age group,30-39,Other engineering and related technologies,S0399,475,number,Number of people,
2024,Trainees,Age group,40-49,Other engineering and related technologies,S0399,350,number,Number of people,
2024,Trainees,Age group,50+,Other engineering and related technologies,S0399,415,number,Number of people,
2024,Trainees,Ethnic group,European,Other health,S0699,890,number,Number of people,
2024,Trainees,Ethnic group,Māori,Other health,S0699,135,number,Number of people,
2024,Trainees,Ethnic group,Pacific Peoples,Other health,S0699,45,number,Number of people,
2024,Trainees,Ethnic group,Asian,Other health,S0699,105,number,Number of people,
2024,Trainees,Ethnic group,MELAA,Other health,S0699,35,number,Number of people,
2024,Trainees,Ethnic group,Other,Other health,S0699,70,number,Number of people,
2024,Trainees,Ethnic group,Total,Other health,S0699,1150,number,Number of people,
2024,Trainees,Gender,Male,Other health,S0699,455,number,Number of people,
2024,Trainees,Gender,Female,Other health,S0699,695,number,Number of people,
2024,Trainees,Gender,Total,Other health,S0699,1150,number,Number of people,
2024,Trainees,Age group,*-19,Other health,S0699,60,number,Number of people,
2024,Trainees,Age group,20-29,Other health,S0699,425,number,Number of people,
2024,Trainees,Age group,30-39,Other health,S0699,310,number,Number of people,
2024,Trainees,Age group,40-49,Other health,S0699,170,number,Number of people,
2024,Trainees,Age group,50+,Other health,S0699,185,number,Number of people,
2024,Trainees,Ethnic group,European,Other society and culture,S0999,250,number,Number of people,
2024,Trainees,Ethnic group,Māori,Other society and culture,S0999,135,number,Number of people,
2024,Trainees,Ethnic group,Pacific Peoples,Other society and culture,S0999,115,number,Number of people,
2024,Trainees,Ethnic group,Asian,Other society and culture,S0999,75,number,Number of people,
2024,Trainees,Ethnic group,MELAA,Other society and culture,S0999,10,number,Number of people,
2024,Trainees,Ethnic group,Other,Other society and culture,S0999,20,number,Number of people,
2024,Trainees,Ethnic group,Total,Other society and culture,S0999,520,number,Number of people,
2024,Trainees,Gender,Male,Other society and culture,S0999,380,number,Number of people,
2024,Trainees,Gender,Female,Other society and culture,S0999,140,number,Number of people,
2024,Trainees,Gender,Total,Other society and culture,S0999,520,number,Number of people,
2024,Trainees,Age group,*-19,Other society and culture,S0999,0,number,Number of people,
2024,Trainees,Age group,20-29,Other society and culture,S0999,150,number,Number of people,
2024,Trainees,Age group,30-39,Other society and culture,S0999,145,number,Number of people,
2024,Trainees,Age group,40-49,Other society and culture,S0999,80,number,Number of people,
2024,Trainees,Age group,50+,Other society and culture,S0999,145,number,Number of people,
2024,Trainees,Ethnic group,European,Performing arts,S1001,115,number,Number of people,
2024,Trainees,Ethnic group,Māori,Performing arts,S1001,35,number,Number of people,
2024,Trainees,Ethnic group,Pacific Peoples,Performing arts,S1001,10,number,Number of people,
2024,Trainees,Ethnic group,Asian,Performing arts,S1001,5,number,Number of people,
2024,Trainees,Ethnic group,MELAA,Performing arts,S1001,5,number,Number of people,
2024,Trainees,Ethnic group,Other,Performing arts,S1001,5,number,Number of people,
2024,Trainees,Ethnic group,Total,Performing arts,S1001,150,number,Number of people,
2024,Trainees,Gender,Male,Performing arts,S1001,75,number,Number of people,
2024,Trainees,Gender,Female,Performing arts,S1001,70,number,Number of people,
2024,Trainees,Gender,Total,Performing arts,S1001,150,number,Number of people,
2024,Trainees,Age group,*-19,Performing arts,S1001,40,number,Number of people,
2024,Trainees,Age group,20-29,Performing arts,S1001,55,number,Number of people,
2024,Trainees,Age group,30-39,Performing arts,S1001,35,number,Number of people,
2024,Trainees,Age group,40-49,Performing arts,S1001,15,number,Number of people,
2024,Trainees,Age group,50+,Performing arts,S1001,10,number,Number of people,
2024,Trainees,Ethnic group,European,Process and resources engineering,S0303,890,number,Number of people,
2024,Trainees,Ethnic group,Māori,Process and resources engineering,S0303,755,number,Number of people,
2024,Trainees,Ethnic group,Pacific Peoples,Process and resources engineering,S0303,260,number,Number of people,
2024,Trainees,Ethnic group,Asian,Process and resources engineering,S0303,410,number,Number of people,
2024,Trainees,Ethnic group,MELAA,Process and resources engineering,S0303,45,number,Number of people,
2024,Trainees,Ethnic group,Other,Process and resources engineering,S0303,55,number,Number of people,
2024,Trainees,Ethnic group,Total,Process and resources engineering,S0303,2490,number,Number of people,
2024,Trainees,Gender,Male,Process and resources engineering,S0303,1625,number,Number of people,
2024,Trainees,Gender,Female,Process and resources engineering,S0303,865,number,Number of people,
2024,Trainees,Gender,Total,Process and resources engineering,S0303,2490,number,Number of people,
2024,Trainees,Age group,*-19,Process and resources engineering,S0303,120,number,Number of people,
2024,Trainees,Age group,20-29,Process and resources engineering,S0303,775,number,Number of people,
2024,Trainees,Age group,30-39,Process and resources engineering,S0303,760,number,Number of people,
2024,Trainees,Age group,40-49,Process and resources engineering,S0303,435,number,Number of people,
2024,Trainees,Age group,50+,Process and resources engineering,S0303,395,number,Number of people,
2024,Trainees,Ethnic group,European,Public health,S0613,255,number,Number of people,
2024,Trainees,Ethnic group,Māori,Public health,S0613,155,number,Number of people,
2024,Trainees,Ethnic group,Pacific Peoples,Public health,S0613,30,number,Number of people,
2024,Trainees,Ethnic group,Asian,Public health,S0613,25,number,Number of people,
2024,Trainees,Ethnic group,MELAA,Public health,S0613,5,number,Number of people,
2024,Trainees,Ethnic group,Other,Public health,S0613,15,number,Number of people,
2024,Trainees,Ethnic group,Total,Public health,S0613,520,number,Number of people,
2024,Trainees,Gender,Male,Public health,S0613,310,number,Number of people,
2024,Trainees,Gender,Female,Public health,S0613,210,number,Number of people,
2024,Trainees,Gender,Total,Public health,S0613,520,number,Number of people,
2024,Trainees,Age group,*-19,Public health,S0613,5,number,Number of people,
2024,Trainees,Age group,20-29,Public health,S0613,100,number,Number of people,
2024,Trainees,Age group,30-39,Public health,S0613,180,number,Number of people,
2024,Trainees,Age group,40-49,Public health,S0613,110,number,Number of people,
2024,Trainees,Age group,50+,Public health,S0613,130,number,Number of people,
2024,Trainees,Ethnic group,European,Sales and marketing,S0805,1765,number,Number of people,
2024,Trainees,Ethnic group,Māori,Sales and marketing,S0805,435,number,Number of people,
2024,Trainees,Ethnic group,Pacific Peoples,Sales and marketing,S0805,190,number,Number of people,
2024,Trainees,Ethnic group,Asian,Sales and marketing,S0805,525,number,Number of people,
2024,Trainees,Ethnic group,MELAA,Sales and marketing,S0805,50,number,Number of people,
2024,Trainees,Ethnic group,Other,Sales and marketing,S0805,45,number,Number of people,
2024,Trainees,Ethnic group,Total,Sales and marketing,S0805,2715,number,Number of people,
2024,Trainees,Gender,Male,Sales and marketing,S0805,1015,number,Number of people,
2024,Trainees,Gender,Female,Sales and marketing,S0805,1690,number,Number of people,
2024,Trainees,Gender,Total,Sales and marketing,S0805,2715,number,Number of people,
2024,Trainees,Age group,*-19,Sales and marketing,S0805,85,number,Number of people,
2024,Trainees,Age group,20-29,Sales and marketing,S0805,705,number,Number of people,
2024,Trainees,Age group,30-39,Sales and marketing,S0805,780,number,Number of people,
2024,Trainees,Age group,40-49,Sales and marketing,S0805,595,number,Number of people,
2024,Trainees,Age group,50+,Sales and marketing,S0805,550,number,Number of people,
2024,Trainees,Ethnic group,European,Sport and recreation,S0921,2080,number,Number of people,
2024,Trainees,Ethnic group,Māori,Sport and recreation,S0921,525,number,Number of people,
2024,Trainees,Ethnic group,Pacific Peoples,Sport and recreation,S0921,160,number,Number of people,
2024,Trainees,Ethnic group,Asian,Sport and recreation,S0921,105,number,Number of people,
2024,Trainees,Ethnic group,MELAA,Sport and recreation,S0921,60,number,Number of people,
2024,Trainees,Ethnic group,Other,Sport and recreation,S0921,145,number,Number of people,
2024,Trainees,Ethnic group,Total,Sport and recreation,S0921,2530,number,Number of people,
2024,Trainees,Gender,Male,Sport and recreation,S0921,1245,number,Number of people,
2024,Trainees,Gender,Female,Sport and recreation,S0921,1275,number,Number of people,
2024,Trainees,Gender,Total,Sport and recreation,S0921,2530,number,Number of people,
2024,Trainees,Age group,*-19,Sport and recreation,S0921,1025,number,Number of people,
2024,Trainees,Age group,20-29,Sport and recreation,S0921,965,number,Number of people,
2024,Trainees,Age group,30-39,Sport and recreation,S0921,220,number,Number of people,
2024,Trainees,Age group,40-49,Sport and recreation,S0921,145,number,Number of people,
2024,Trainees,Age group,50+,Sport and recreation,S0921,175,number,Number of people,
2024,Trainees,Ethnic group,European,Studies in human society,S0903,5,number,Number of people,
2024,Trainees,Ethnic group,Māori,Studies in human society,S0903,5,number,Number of people,
2024,Trainees,Ethnic group,Pacific Peoples,Studies in human society,S0903,5,number,Number of people,
2024,Trainees,Ethnic group,Asian,Studies in human society,S0903,0,number,Number of people,
2024,Trainees,Ethnic group,MELAA,Studies in human society,S0903,0,number,Number of people,
2024,Trainees,Ethnic group,Other,Studies in human society,S0903,0,number,Number of people,
2024,Trainees,Ethnic group,Total,Studies in human society,S0903,5,number,Number of people,
2024,Trainees,Gender,Male,Studies in human society,S0903,5,number,Number of people,
2024,Trainees,Gender,Female,Studies in human society,S0903,5,number,Number of people,
2024,Trainees,Gender,Total,Studies in human society,S0903,5,number,Number of people,
2024,Trainees,Age group,*-19,Studies in human society,S0903,0,number,Number of people,
2024,Trainees,Age group,20-29,Studies in human society,S0903,5,number,Number of people,
2024,Trainees,Age group,30-39,Studies in human society,S0903,5,number,Number of people,
2024,Trainees,Age group,40-49,Studies in human society,S0903,5,number,Number of people,
2024,Trainees,Age group,50+,Studies in human society,S0903,5,number,Number of people,
2024,Trainees,Ethnic group,European,Teacher education,S0701,105,number,Number of people,
2024,Trainees,Ethnic group,Māori,Teacher education,S0701,25,number,Number of people,
2024,Trainees,Ethnic group,Pacific Peoples,Teacher education,S0701,15,number,Number of people,
2024,Trainees,Ethnic group,Asian,Teacher education,S0701,15,number,Number of people,
2024,Trainees,Ethnic group,MELAA,Teacher education,S0701,5,number,Number of people,
2024,Trainees,Ethnic group,Other,Teacher education,S0701,5,number,Number of people,
2024,Trainees,Ethnic group,Total,Teacher education,S0701,140,number,Number of people,
2024,Trainees,Gender,Male,Teacher education,S0701,70,number,Number of people,
2024,Trainees,Gender,Female,Teacher education,S0701,70,number,Number of people,
2024,Trainees,Gender,Total,Teacher education,S0701,140,number,Number of people,
2024,Trainees,Age group,*-19,Teacher education,S0701,0,number,Number of people,
2024,Trainees,Age group,20-29,Teacher education,S0701,30,number,Number of people,
2024,Trainees,Age group,30-39,Teacher education,S0701,45,number,Number of people,
2024,Trainees,Age group,40-49,Teacher education,S0701,35,number,Number of people,
2024,Trainees,Age group,50+,Teacher education,S0701,30,number,Number of people,
2024,Trainees,Ethnic group,European,Tourism,S0807,40,number,Number of people,
2024,Trainees,Ethnic group,Māori,Tourism,S0807,20,number,Number of people,
2024,Trainees,Ethnic group,Pacific Peoples,Tourism,S0807,0,number,Number of people,
2024,Trainees,Ethnic group,Asian,Tourism,S0807,5,number,Number of people,
2024,Trainees,Ethnic group,MELAA,Tourism,S0807,5,number,Number of people,
2024,Trainees,Ethnic group,Other,Tourism,S0807,5,number,Number of people,
2024,Trainees,Ethnic group,Total,Tourism,S0807,55,number,Number of people,
2024,Trainees,Gender,Male,Tourism,S0807,5,number,Number of people,
2024,Trainees,Gender,Female,Tourism,S0807,50,number,Number of people,
2024,Trainees,Gender,Total,Tourism,S0807,55,number,Number of people,
2024,Trainees,Age group,*-19,Tourism,S0807,5,number,Number of people,
2024,Trainees,Age group,20-29,Tourism,S0807,15,number,Number of people,
2024,Trainees,Age group,30-39,Tourism,S0807,10,number,Number of people,
2024,Trainees,Age group,40-49,Tourism,S0807,10,number,Number of people,
2024,Trainees,Age group,50+,Tourism,S0807,20,number,Number of people,
2024,Trainees,Ethnic group,European,Veterinary studies,S0611,75,number,Number of people,
2024,Trainees,Ethnic group,Māori,Veterinary studies,S0611,10,number,Number of people,
2024,Trainees,Ethnic group,Pacific Peoples,Veterinary studies,S0611,0,number,Number of people,
2024,Trainees,Ethnic group,Asian,Veterinary studies,S0611,5,number,Number of people,
2024,Trainees,Ethnic group,MELAA,Veterinary studies,S0611,5,number,Number of people,
2024,Trainees,Ethnic group,Other,Veterinary studies,S0611,5,number,Number of people,
2024,Trainees,Ethnic group,Total,Veterinary studies,S0611,95,number,Number of people,
2024,Trainees,Gender,Male,Veterinary studies,S0611,10,number,Number of people,
2024,Trainees,Gender,Female,Veterinary studies,S0611,85,number,Number of people,
2024,Trainees,Gender,Total,Veterinary studies,S0611,95,number,Number of people,
2024,Trainees,Age group,*-19,Veterinary studies,S0611,10,number,Number of people,
2024,Trainees,Age group,20-29,Veterinary studies,S0611,40,number,Number of people,
2024,Trainees,Age group,30-39,Veterinary studies,S0611,15,number,Number of people,
2024,Trainees,Age group,40-49,Veterinary studies,S0611,15,number,Number of people,
2024,Trainees,Age group,50+,Veterinary studies,S0611,15,number,Number of people,
