Year,Measure,Category,Disability status,Age group,Unit,Value,Value Unit,Value Label,Null Reason,Metadata 1
2023,People who have been away on holidays in last 12 months,Total,Disabled,5-*,Percent,50,percentage,% of people aged 5+,
2023,People who have been away on holidays in last 12 months,Total,Disabled,5-*,Absolute sampling error (percentage),2.2,percentage,% of people aged 5+,
2023,People who have been away on holidays in last 12 months,Total,Disabled,5-*,Number,416,number,Thousands of people,
2023,People who have been away on holidays in last 12 months,Total,Disabled,5-*,Absolute sampling error (number),22,number,Thousands of people,
2023,People who have been away on holidays in last 12 months,Total,Non-disabled,5-*,Percent,72,percentage,% of people aged 5+,
2023,People who have been away on holidays in last 12 months,Total,Non-disabled,5-*,Absolute sampling error (percentage),1,percentage,% of people aged 5+,
2023,People who have been away on holidays in last 12 months,Total,Non-disabled,5-*,Number,2852,number,Thousands of people,
2023,People who have been away on holidays in last 12 months,Total,Non-disabled,5-*,Absolute sampling error (number),45,number,Thousands of people,
2023,Participation in leisure activities in the last 4 weeks,Played sport or done any other physical exercise,Disabled,5-*,Percent,58,percentage,% of people aged 5+,,Sum of percentages will exceed 100 percent and sum of counts will exceed the overall total because people who belong in multiple categories are counted in each.
2023,Participation in leisure activities in the last 4 weeks,Played sport or done any other physical exercise,Disabled,5-*,Absolute sampling error (percentage),2.2,percentage,% of people aged 5+,,Sum of percentages will exceed 100 percent and sum of counts will exceed the overall total because people who belong in multiple categories are counted in each.
2023,Participation in leisure activities in the last 4 weeks,Played sport or done any other physical exercise,Disabled,5-*,Number,481,number,Thousands of people,,Sum of percentages will exceed 100 percent and sum of counts will exceed the overall total because people who belong in multiple categories are counted in each.
2023,Participation in leisure activities in the last 4 weeks,Played sport or done any other physical exercise,Disabled,5-*,Absolute sampling error (number),25,number,Thousands of people,,Sum of percentages will exceed 100 percent and sum of counts will exceed the overall total because people who belong in multiple categories are counted in each.
2023,Participation in leisure activities in the last 4 weeks,Played sport or done any other physical exercise,Non-disabled,5-*,Percent,82,percentage,% of people aged 5+,,Sum of percentages will exceed 100 percent and sum of counts will exceed the overall total because people who belong in multiple categories are counted in each.
2023,Participation in leisure activities in the last 4 weeks,Played sport or done any other physical exercise,Non-disabled,5-*,Absolute sampling error (percentage),0.7,percentage,% of people aged 5+,,Sum of percentages will exceed 100 percent and sum of counts will exceed the overall total because people who belong in multiple categories are counted in each.
2023,Participation in leisure activities in the last 4 weeks,Played sport or done any other physical exercise,Non-disabled,5-*,Number,3271,number,Thousands of people,,Sum of percentages will exceed 100 percent and sum of counts will exceed the overall total because people who belong in multiple categories are counted in each.
2023,Participation in leisure activities in the last 4 weeks,Played sport or done any other physical exercise,Non-disabled,5-*,Absolute sampling error (number),37,number,Thousands of people,,Sum of percentages will exceed 100 percent and sum of counts will exceed the overall total because people who belong in multiple categories are counted in each.
2023,Participation in leisure activities in the last 4 weeks,"Been to an outdoor area such as a beach, park, or nature reserve",Disabled,5-*,Percent,67,percentage,% of people aged 5+,,Sum of percentages will exceed 100 percent and sum of counts will exceed the overall total because people who belong in multiple categories are counted in each.
2023,Participation in leisure activities in the last 4 weeks,"Been to an outdoor area such as a beach, park, or nature reserve",Disabled,5-*,Absolute sampling error (percentage),2,percentage,% of people aged 5+,,Sum of percentages will exceed 100 percent and sum of counts will exceed the overall total because people who belong in multiple categories are counted in each.
2023,Participation in leisure activities in the last 4 weeks,"Been to an outdoor area such as a beach, park, or nature reserve",Disabled,5-*,Number,553,number,Thousands of people,,Sum of percentages will exceed 100 percent and sum of counts will exceed the overall total because people who belong in multiple categories are counted in each.
2023,Participation in leisure activities in the last 4 weeks,"Been to an outdoor area such as a beach, park, or nature reserve",Disabled,5-*,Absolute sampling error (number),26,number,Thousands of people,,Sum of percentages will exceed 100 percent and sum of counts will exceed the overall total because people who belong in multiple categories are counted in each.
2023,Participation in leisure activities in the last 4 weeks,"Been to an outdoor area such as a beach, park, or nature reserve",Non-disabled,5-*,Percent,84,percentage,% of people aged 5+,,Sum of percentages will exceed 100 percent and sum of counts will exceed the overall total because people who belong in multiple categories are counted in each.
2023,Participation in leisure activities in the last 4 weeks,"Been to an outdoor area such as a beach, park, or nature reserve",Non-disabled,5-*,Absolute sampling error (percentage),0.9,percentage,% of people aged 5+,,Sum of percentages will exceed 100 percent and sum of counts will exceed the overall total because people who belong in multiple categories are counted in each.
2023,Participation in leisure activities in the last 4 weeks,"Been to an outdoor area such as a beach, park, or nature reserve",Non-disabled,5-*,Number,3342,number,Thousands of people,,Sum of percentages will exceed 100 percent and sum of counts will exceed the overall total because people who belong in multiple categories are counted in each.
2023,Participation in leisure activities in the last 4 weeks,"Been to an outdoor area such as a beach, park, or nature reserve",Non-disabled,5-*,Absolute sampling error (number),41,number,Thousands of people,,Sum of percentages will exceed 100 percent and sum of counts will exceed the overall total because people who belong in multiple categories are counted in each.
2023,Participation in leisure activities in the last 4 weeks,Been to a community event like a fair or cultural festival,Disabled,5-*,Percent,32,percentage,% of people aged 5+,,Sum of percentages will exceed 100 percent and sum of counts will exceed the overall total because people who belong in multiple categories are counted in each.
2023,Participation in leisure activities in the last 4 weeks,Been to a community event like a fair or cultural festival,Disabled,5-*,Absolute sampling error (percentage),1.9,percentage,% of people aged 5+,,Sum of percentages will exceed 100 percent and sum of counts will exceed the overall total because people who belong in multiple categories are counted in each.
2023,Participation in leisure activities in the last 4 weeks,Been to a community event like a fair or cultural festival,Disabled,5-*,Number,264,number,Thousands of people,,Sum of percentages will exceed 100 percent and sum of counts will exceed the overall total because people who belong in multiple categories are counted in each.
2023,Participation in leisure activities in the last 4 weeks,Been to a community event like a fair or cultural festival,Disabled,5-*,Absolute sampling error (number),18,number,Thousands of people,,Sum of percentages will exceed 100 percent and sum of counts will exceed the overall total because people who belong in multiple categories are counted in each.
2023,Participation in leisure activities in the last 4 weeks,Been to a community event like a fair or cultural festival,Non-disabled,5-*,Percent,42,percentage,% of people aged 5+,,Sum of percentages will exceed 100 percent and sum of counts will exceed the overall total because people who belong in multiple categories are counted in each.
2023,Participation in leisure activities in the last 4 weeks,Been to a community event like a fair or cultural festival,Non-disabled,5-*,Absolute sampling error (percentage),1.1,percentage,% of people aged 5+,,Sum of percentages will exceed 100 percent and sum of counts will exceed the overall total because people who belong in multiple categories are counted in each.
2023,Participation in leisure activities in the last 4 weeks,Been to a community event like a fair or cultural festival,Non-disabled,5-*,Number,1662,number,Thousands of people,,Sum of percentages will exceed 100 percent and sum of counts will exceed the overall total because people who belong in multiple categories are counted in each.
2023,Participation in leisure activities in the last 4 weeks,Been to a community event like a fair or cultural festival,Non-disabled,5-*,Absolute sampling error (number),44,number,Thousands of people,,Sum of percentages will exceed 100 percent and sum of counts will exceed the overall total because people who belong in multiple categories are counted in each.
2023,Participation in leisure activities in the last 4 weeks,"Been to an event like a concert, stage show, movie, or sports match",Disabled,5-*,Percent,34,percentage,% of people aged 5+,,Sum of percentages will exceed 100 percent and sum of counts will exceed the overall total because people who belong in multiple categories are counted in each.
2023,Participation in leisure activities in the last 4 weeks,"Been to an event like a concert, stage show, movie, or sports match",Disabled,5-*,Absolute sampling error (percentage),2.3,percentage,% of people aged 5+,,Sum of percentages will exceed 100 percent and sum of counts will exceed the overall total because people who belong in multiple categories are counted in each.
2023,Participation in leisure activities in the last 4 weeks,"Been to an event like a concert, stage show, movie, or sports match",Disabled,5-*,Number,281,number,Thousands of people,,Sum of percentages will exceed 100 percent and sum of counts will exceed the overall total because people who belong in multiple categories are counted in each.
2023,Participation in leisure activities in the last 4 weeks,"Been to an event like a concert, stage show, movie, or sports match",Disabled,5-*,Absolute sampling error (number),20,number,Thousands of people,,Sum of percentages will exceed 100 percent and sum of counts will exceed the overall total because people who belong in multiple categories are counted in each.
2023,Participation in leisure activities in the last 4 weeks,"Been to an event like a concert, stage show, movie, or sports match",Non-disabled,5-*,Percent,52,percentage,% of people aged 5+,,Sum of percentages will exceed 100 percent and sum of counts will exceed the overall total because people who belong in multiple categories are counted in each.
2023,Participation in leisure activities in the last 4 weeks,"Been to an event like a concert, stage show, movie, or sports match",Non-disabled,5-*,Absolute sampling error (percentage),1,percentage,% of people aged 5+,,Sum of percentages will exceed 100 percent and sum of counts will exceed the overall total because people who belong in multiple categories are counted in each.
2023,Participation in leisure activities in the last 4 weeks,"Been to an event like a concert, stage show, movie, or sports match",Non-disabled,5-*,Number,2087,number,Thousands of people,,Sum of percentages will exceed 100 percent and sum of counts will exceed the overall total because people who belong in multiple categories are counted in each.
2023,Participation in leisure activities in the last 4 weeks,"Been to an event like a concert, stage show, movie, or sports match",Non-disabled,5-*,Absolute sampling error (number),46,number,Thousands of people,,Sum of percentages will exceed 100 percent and sum of counts will exceed the overall total because people who belong in multiple categories are counted in each.
2023,Participation in leisure activities in the last 4 weeks,"Been to a public attraction like an art gallery, museum, historic site, or zoo",Disabled,5-*,Percent,23,percentage,% of people aged 5+,,Sum of percentages will exceed 100 percent and sum of counts will exceed the overall total because people who belong in multiple categories are counted in each.
2023,Participation in leisure activities in the last 4 weeks,"Been to a public attraction like an art gallery, museum, historic site, or zoo",Disabled,5-*,Absolute sampling error (percentage),1.9,percentage,% of people aged 5+,,Sum of percentages will exceed 100 percent and sum of counts will exceed the overall total because people who belong in multiple categories are counted in each.
2023,Participation in leisure activities in the last 4 weeks,"Been to a public attraction like an art gallery, museum, historic site, or zoo",Disabled,5-*,Number,191,number,Thousands of people,,Sum of percentages will exceed 100 percent and sum of counts will exceed the overall total because people who belong in multiple categories are counted in each.
2023,Participation in leisure activities in the last 4 weeks,"Been to a public attraction like an art gallery, museum, historic site, or zoo",Disabled,5-*,Absolute sampling error (number),18,number,Thousands of people,,Sum of percentages will exceed 100 percent and sum of counts will exceed the overall total because people who belong in multiple categories are counted in each.
2023,Participation in leisure activities in the last 4 weeks,"Been to a public attraction like an art gallery, museum, historic site, or zoo",Non-disabled,5-*,Percent,33,percentage,% of people aged 5+,,Sum of percentages will exceed 100 percent and sum of counts will exceed the overall total because people who belong in multiple categories are counted in each.
2023,Participation in leisure activities in the last 4 weeks,"Been to a public attraction like an art gallery, museum, historic site, or zoo",Non-disabled,5-*,Absolute sampling error (percentage),0.9,percentage,% of people aged 5+,,Sum of percentages will exceed 100 percent and sum of counts will exceed the overall total because people who belong in multiple categories are counted in each.
2023,Participation in leisure activities in the last 4 weeks,"Been to a public attraction like an art gallery, museum, historic site, or zoo",Non-disabled,5-*,Number,1309,number,Thousands of people,,Sum of percentages will exceed 100 percent and sum of counts will exceed the overall total because people who belong in multiple categories are counted in each.
2023,Participation in leisure activities in the last 4 weeks,"Been to a public attraction like an art gallery, museum, historic site, or zoo",Non-disabled,5-*,Absolute sampling error (number),40,number,Thousands of people,,Sum of percentages will exceed 100 percent and sum of counts will exceed the overall total because people who belong in multiple categories are counted in each.
2023,Participation in leisure activities in the last 4 weeks,Done any hobbies,Disabled,5-*,Percent,70,percentage,% of people aged 5+,,Sum of percentages will exceed 100 percent and sum of counts will exceed the overall total because people who belong in multiple categories are counted in each.
2023,Participation in leisure activities in the last 4 weeks,Done any hobbies,Disabled,5-*,Absolute sampling error (percentage),2.1,percentage,% of people aged 5+,,Sum of percentages will exceed 100 percent and sum of counts will exceed the overall total because people who belong in multiple categories are counted in each.
2023,Participation in leisure activities in the last 4 weeks,Done any hobbies,Disabled,5-*,Number,585,number,Thousands of people,,Sum of percentages will exceed 100 percent and sum of counts will exceed the overall total because people who belong in multiple categories are counted in each.
2023,Participation in leisure activities in the last 4 weeks,Done any hobbies,Disabled,5-*,Absolute sampling error (number),27,number,Thousands of people,,Sum of percentages will exceed 100 percent and sum of counts will exceed the overall total because people who belong in multiple categories are counted in each.
2023,Participation in leisure activities in the last 4 weeks,Done any hobbies,Non-disabled,5-*,Percent,82,percentage,% of people aged 5+,,Sum of percentages will exceed 100 percent and sum of counts will exceed the overall total because people who belong in multiple categories are counted in each.
2023,Participation in leisure activities in the last 4 weeks,Done any hobbies,Non-disabled,5-*,Absolute sampling error (percentage),0.9,percentage,% of people aged 5+,,Sum of percentages will exceed 100 percent and sum of counts will exceed the overall total because people who belong in multiple categories are counted in each.
2023,Participation in leisure activities in the last 4 weeks,Done any hobbies,Non-disabled,5-*,Number,3258,number,Thousands of people,,Sum of percentages will exceed 100 percent and sum of counts will exceed the overall total because people who belong in multiple categories are counted in each.
2023,Participation in leisure activities in the last 4 weeks,Done any hobbies,Non-disabled,5-*,Absolute sampling error (number),43,number,Thousands of people,,Sum of percentages will exceed 100 percent and sum of counts will exceed the overall total because people who belong in multiple categories are counted in each.
2023,Participation in leisure activities in the last 4 weeks,"Visited or gone out with friends, family, or whānau",Disabled,5-*,Percent,81,percentage,% of people aged 5+,,Sum of percentages will exceed 100 percent and sum of counts will exceed the overall total because people who belong in multiple categories are counted in each.
2023,Participation in leisure activities in the last 4 weeks,"Visited or gone out with friends, family, or whānau",Disabled,5-*,Absolute sampling error (percentage),1.8,percentage,% of people aged 5+,,Sum of percentages will exceed 100 percent and sum of counts will exceed the overall total because people who belong in multiple categories are counted in each.
2023,Participation in leisure activities in the last 4 weeks,"Visited or gone out with friends, family, or whānau",Disabled,5-*,Number,674,number,Thousands of people,,Sum of percentages will exceed 100 percent and sum of counts will exceed the overall total because people who belong in multiple categories are counted in each.
2023,Participation in leisure activities in the last 4 weeks,"Visited or gone out with friends, family, or whānau",Disabled,5-*,Absolute sampling error (number),26,number,Thousands of people,,Sum of percentages will exceed 100 percent and sum of counts will exceed the overall total because people who belong in multiple categories are counted in each.
2023,Participation in leisure activities in the last 4 weeks,"Visited or gone out with friends, family, or whānau",Non-disabled,5-*,Percent,93,percentage,% of people aged 5+,,Sum of percentages will exceed 100 percent and sum of counts will exceed the overall total because people who belong in multiple categories are counted in each.
2023,Participation in leisure activities in the last 4 weeks,"Visited or gone out with friends, family, or whānau",Non-disabled,5-*,Absolute sampling error (percentage),0.5,percentage,% of people aged 5+,,Sum of percentages will exceed 100 percent and sum of counts will exceed the overall total because people who belong in multiple categories are counted in each.
2023,Participation in leisure activities in the last 4 weeks,"Visited or gone out with friends, family, or whānau",Non-disabled,5-*,Number,3698,number,Thousands of people,,Sum of percentages will exceed 100 percent and sum of counts will exceed the overall total because people who belong in multiple categories are counted in each.
2023,Participation in leisure activities in the last 4 weeks,"Visited or gone out with friends, family, or whānau",Non-disabled,5-*,Absolute sampling error (number),35,number,Thousands of people,,Sum of percentages will exceed 100 percent and sum of counts will exceed the overall total because people who belong in multiple categories are counted in each.
2023,Participation in leisure activities in the last 4 weeks,Total who have done at least 1 of the 7 specified leisure activities in last 4 weeks,Disabled,5-*,Percent,96,percentage,% of people aged 5+,,Sum of percentages will exceed 100 percent and sum of counts will exceed the overall total because people who belong in multiple categories are counted in each.
2023,Participation in leisure activities in the last 4 weeks,Total who have done at least 1 of the 7 specified leisure activities in last 4 weeks,Disabled,5-*,Absolute sampling error (percentage),0.9,percentage,% of people aged 5+,,Sum of percentages will exceed 100 percent and sum of counts will exceed the overall total because people who belong in multiple categories are counted in each.
2023,Participation in leisure activities in the last 4 weeks,Total who have done at least 1 of the 7 specified leisure activities in last 4 weeks,Disabled,5-*,Number,798,number,Thousands of people,,Sum of percentages will exceed 100 percent and sum of counts will exceed the overall total because people who belong in multiple categories are counted in each.
2023,Participation in leisure activities in the last 4 weeks,Total who have done at least 1 of the 7 specified leisure activities in last 4 weeks,Disabled,5-*,Absolute sampling error (number),30,number,Thousands of people,,Sum of percentages will exceed 100 percent and sum of counts will exceed the overall total because people who belong in multiple categories are counted in each.
2023,Participation in leisure activities in the last 4 weeks,Total who have done at least 1 of the 7 specified leisure activities in last 4 weeks,Non-disabled,5-*,Percent,99,percentage,% of people aged 5+,,Sum of percentages will exceed 100 percent and sum of counts will exceed the overall total because people who belong in multiple categories are counted in each.
2023,Participation in leisure activities in the last 4 weeks,Total who have done at least 1 of the 7 specified leisure activities in last 4 weeks,Non-disabled,5-*,Absolute sampling error (percentage),0.2,percentage,% of people aged 5+,,Sum of percentages will exceed 100 percent and sum of counts will exceed the overall total because people who belong in multiple categories are counted in each.
2023,Participation in leisure activities in the last 4 weeks,Total who have done at least 1 of the 7 specified leisure activities in last 4 weeks,Non-disabled,5-*,Number,3949,number,Thousands of people,,Sum of percentages will exceed 100 percent and sum of counts will exceed the overall total because people who belong in multiple categories are counted in each.
2023,Participation in leisure activities in the last 4 weeks,Total who have done at least 1 of the 7 specified leisure activities in last 4 weeks,Non-disabled,5-*,Absolute sampling error (number),30,number,Thousands of people,,Sum of percentages will exceed 100 percent and sum of counts will exceed the overall total because people who belong in multiple categories are counted in each.
2023,Number of different leisure activities done in last 4 weeks (of the 7 specified leisure activities only),0,Disabled,5-*,Percent,4,percentage,% of people aged 5+,
2023,Number of different leisure activities done in last 4 weeks (of the 7 specified leisure activities only),0,Disabled,5-*,Absolute sampling error (percentage),0.9,percentage,% of people aged 5+,
2023,Number of different leisure activities done in last 4 weeks (of the 7 specified leisure activities only),0,Disabled,5-*,Number,34,number,Thousands of people,
2023,Number of different leisure activities done in last 4 weeks (of the 7 specified leisure activities only),0,Disabled,5-*,Absolute sampling error (number),7,number,Thousands of people,
2023,Number of different leisure activities done in last 4 weeks (of the 7 specified leisure activities only),0,Non-disabled,5-*,Percent,1,percentage,% of people aged 5+,
2023,Number of different leisure activities done in last 4 weeks (of the 7 specified leisure activities only),0,Non-disabled,5-*,Absolute sampling error (percentage),0.2,percentage,% of people aged 5+,
2023,Number of different leisure activities done in last 4 weeks (of the 7 specified leisure activities only),0,Non-disabled,5-*,Number,35,number,Thousands of people,
2023,Number of different leisure activities done in last 4 weeks (of the 7 specified leisure activities only),0,Non-disabled,5-*,Absolute sampling error (number),8,number,Thousands of people,
2023,Number of different leisure activities done in last 4 weeks (of the 7 specified leisure activities only),1–2,Disabled,5-*,Percent,24,percentage,% of people aged 5+,
2023,Number of different leisure activities done in last 4 weeks (of the 7 specified leisure activities only),1–2,Disabled,5-*,Absolute sampling error (percentage),1.9,percentage,% of people aged 5+,
2023,Number of different leisure activities done in last 4 weeks (of the 7 specified leisure activities only),1–2,Disabled,5-*,Number,202,number,Thousands of people,
2023,Number of different leisure activities done in last 4 weeks (of the 7 specified leisure activities only),1–2,Disabled,5-*,Absolute sampling error (number),18,number,Thousands of people,
2023,Number of different leisure activities done in last 4 weeks (of the 7 specified leisure activities only),1–2,Non-disabled,5-*,Percent,8,percentage,% of people aged 5+,
2023,Number of different leisure activities done in last 4 weeks (of the 7 specified leisure activities only),1–2,Non-disabled,5-*,Absolute sampling error (percentage),0.6,percentage,% of people aged 5+,
2023,Number of different leisure activities done in last 4 weeks (of the 7 specified leisure activities only),1–2,Non-disabled,5-*,Number,324,number,Thousands of people,
2023,Number of different leisure activities done in last 4 weeks (of the 7 specified leisure activities only),1–2,Non-disabled,5-*,Absolute sampling error (number),23,number,Thousands of people,
2023,Number of different leisure activities done in last 4 weeks (of the 7 specified leisure activities only),3–4,Disabled,5-*,Percent,38,percentage,% of people aged 5+,
2023,Number of different leisure activities done in last 4 weeks (of the 7 specified leisure activities only),3–4,Disabled,5-*,Absolute sampling error (percentage),2,percentage,% of people aged 5+,
2023,Number of different leisure activities done in last 4 weeks (of the 7 specified leisure activities only),3–4,Disabled,5-*,Number,317,number,Thousands of people,
2023,Number of different leisure activities done in last 4 weeks (of the 7 specified leisure activities only),3–4,Disabled,5-*,Absolute sampling error (number),21,number,Thousands of people,
2023,Number of different leisure activities done in last 4 weeks (of the 7 specified leisure activities only),3–4,Non-disabled,5-*,Percent,33,percentage,% of people aged 5+,
2023,Number of different leisure activities done in last 4 weeks (of the 7 specified leisure activities only),3–4,Non-disabled,5-*,Absolute sampling error (percentage),0.9,percentage,% of people aged 5+,
2023,Number of different leisure activities done in last 4 weeks (of the 7 specified leisure activities only),3–4,Non-disabled,5-*,Number,1297,number,Thousands of people,
2023,Number of different leisure activities done in last 4 weeks (of the 7 specified leisure activities only),3–4,Non-disabled,5-*,Absolute sampling error (number),36,number,Thousands of people,
2023,Number of different leisure activities done in last 4 weeks (of the 7 specified leisure activities only),5–7,Disabled,5-*,Percent,34,percentage,% of people aged 5+,
2023,Number of different leisure activities done in last 4 weeks (of the 7 specified leisure activities only),5–7,Disabled,5-*,Absolute sampling error (percentage),2.1,percentage,% of people aged 5+,
2023,Number of different leisure activities done in last 4 weeks (of the 7 specified leisure activities only),5–7,Disabled,5-*,Number,280,number,Thousands of people,
2023,Number of different leisure activities done in last 4 weeks (of the 7 specified leisure activities only),5–7,Disabled,5-*,Absolute sampling error (number),19,number,Thousands of people,
2023,Number of different leisure activities done in last 4 weeks (of the 7 specified leisure activities only),5–7,Non-disabled,5-*,Percent,58,percentage,% of people aged 5+,
2023,Number of different leisure activities done in last 4 weeks (of the 7 specified leisure activities only),5–7,Non-disabled,5-*,Absolute sampling error (percentage),1.1,percentage,% of people aged 5+,
2023,Number of different leisure activities done in last 4 weeks (of the 7 specified leisure activities only),5–7,Non-disabled,5-*,Number,2328,number,Thousands of people,
2023,Number of different leisure activities done in last 4 weeks (of the 7 specified leisure activities only),5–7,Non-disabled,5-*,Absolute sampling error (number),48,number,Thousands of people,
2023,People who experienced barriers that made it difficult to do all the leisure activities they would like to do,Total,Disabled,5-*,Percent,61,percentage,% of disabled people aged 5+,
2023,People who experienced barriers that made it difficult to do all the leisure activities they would like to do,Total,Disabled,5-*,Absolute sampling error (percentage),2.4,percentage,% of disabled people aged 5+,
2023,People who experienced barriers that made it difficult to do all the leisure activities they would like to do,Total,Disabled,5-*,Number,502,number,Thousands of people,
2023,People who experienced barriers that made it difficult to do all the leisure activities they would like to do,Total,Disabled,5-*,Absolute sampling error (number),26,number,Thousands of people,
2023,People who experienced barriers that made it difficult to do all the leisure activities they would like to do,Total,Non-disabled,5-*,Percent,,percentage,% of disabled people aged 5+,not applicable
2023,People who experienced barriers that made it difficult to do all the leisure activities they would like to do,Total,Non-disabled,5-*,Absolute sampling error (percentage),,percentage,% of disabled people aged 5+,not applicable
2023,People who experienced barriers that made it difficult to do all the leisure activities they would like to do,Total,Non-disabled,5-*,Number,,number,Thousands of people,not applicable
2023,People who experienced barriers that made it difficult to do all the leisure activities they would like to do,Total,Non-disabled,5-*,Absolute sampling error (number),,number,Thousands of people,not applicable
2023,Barriers to participation in leisure activities,"Their disability, condition, or health problem",Disabled,5-*,Percent,70,percentage,% of disabled people aged 5+ who experienced barriers,,Sum of percentages will exceed 100 percent and sum of counts will exceed the overall total because people who belong in multiple categories are counted in each.
2023,Barriers to participation in leisure activities,"Their disability, condition, or health problem",Disabled,5-*,Absolute sampling error (percentage),2.8,percentage,% of disabled people aged 5+ who experienced barriers,,Sum of percentages will exceed 100 percent and sum of counts will exceed the overall total because people who belong in multiple categories are counted in each.
2023,Barriers to participation in leisure activities,"Their disability, condition, or health problem",Disabled,5-*,Number,351,number,Thousands of people,,Sum of percentages will exceed 100 percent and sum of counts will exceed the overall total because people who belong in multiple categories are counted in each.
2023,Barriers to participation in leisure activities,"Their disability, condition, or health problem",Disabled,5-*,Absolute sampling error (number),22,number,Thousands of people,,Sum of percentages will exceed 100 percent and sum of counts will exceed the overall total because people who belong in multiple categories are counted in each.
2023,Barriers to participation in leisure activities,"Their disability, condition, or health problem",Non-disabled,5-*,Percent,,percentage,% of disabled people aged 5+ who experienced barriers,not applicable,Sum of percentages will exceed 100 percent and sum of counts will exceed the overall total because people who belong in multiple categories are counted in each.
2023,Barriers to participation in leisure activities,"Their disability, condition, or health problem",Non-disabled,5-*,Absolute sampling error (percentage),,percentage,% of disabled people aged 5+ who experienced barriers,not applicable,Sum of percentages will exceed 100 percent and sum of counts will exceed the overall total because people who belong in multiple categories are counted in each.
2023,Barriers to participation in leisure activities,"Their disability, condition, or health problem",Non-disabled,5-*,Number,,number,Thousands of people,not applicable,Sum of percentages will exceed 100 percent and sum of counts will exceed the overall total because people who belong in multiple categories are counted in each.
2023,Barriers to participation in leisure activities,"Their disability, condition, or health problem",Non-disabled,5-*,Absolute sampling error (number),,number,Thousands of people,not applicable,Sum of percentages will exceed 100 percent and sum of counts will exceed the overall total because people who belong in multiple categories are counted in each.
2023,Barriers to participation in leisure activities,Lack of support people to help with needs,Disabled,5-*,Percent,8,percentage,% of disabled people aged 5+ who experienced barriers,,Sum of percentages will exceed 100 percent and sum of counts will exceed the overall total because people who belong in multiple categories are counted in each.
2023,Barriers to participation in leisure activities,Lack of support people to help with needs,Disabled,5-*,Absolute sampling error (percentage),1.5,percentage,% of disabled people aged 5+ who experienced barriers,,Sum of percentages will exceed 100 percent and sum of counts will exceed the overall total because people who belong in multiple categories are counted in each.
2023,Barriers to participation in leisure activities,Lack of support people to help with needs,Disabled,5-*,Number,38,number,Thousands of people,,Sum of percentages will exceed 100 percent and sum of counts will exceed the overall total because people who belong in multiple categories are counted in each.
2023,Barriers to participation in leisure activities,Lack of support people to help with needs,Disabled,5-*,Absolute sampling error (number),8,number,Thousands of people,,Sum of percentages will exceed 100 percent and sum of counts will exceed the overall total because people who belong in multiple categories are counted in each.
2023,Barriers to participation in leisure activities,Lack of support people to help with needs,Non-disabled,5-*,Percent,,percentage,% of disabled people aged 5+ who experienced barriers,not applicable,Sum of percentages will exceed 100 percent and sum of counts will exceed the overall total because people who belong in multiple categories are counted in each.
2023,Barriers to participation in leisure activities,Lack of support people to help with needs,Non-disabled,5-*,Absolute sampling error (percentage),,percentage,% of disabled people aged 5+ who experienced barriers,not applicable,Sum of percentages will exceed 100 percent and sum of counts will exceed the overall total because people who belong in multiple categories are counted in each.
2023,Barriers to participation in leisure activities,Lack of support people to help with needs,Non-disabled,5-*,Number,,number,Thousands of people,not applicable,Sum of percentages will exceed 100 percent and sum of counts will exceed the overall total because people who belong in multiple categories are counted in each.
2023,Barriers to participation in leisure activities,Lack of support people to help with needs,Non-disabled,5-*,Absolute sampling error (number),,number,Thousands of people,not applicable,Sum of percentages will exceed 100 percent and sum of counts will exceed the overall total because people who belong in multiple categories are counted in each.
2023,Barriers to participation in leisure activities,Venues or facilities not accessible,Disabled,5-*,Percent,4,percentage,% of disabled people aged 5+ who experienced barriers,,Sum of percentages will exceed 100 percent and sum of counts will exceed the overall total because people who belong in multiple categories are counted in each.
2023,Barriers to participation in leisure activities,Venues or facilities not accessible,Disabled,5-*,Absolute sampling error (percentage),1,percentage,% of disabled people aged 5+ who experienced barriers,,Sum of percentages will exceed 100 percent and sum of counts will exceed the overall total because people who belong in multiple categories are counted in each.
2023,Barriers to participation in leisure activities,Venues or facilities not accessible,Disabled,5-*,Number,18,number,Thousands of people,,Sum of percentages will exceed 100 percent and sum of counts will exceed the overall total because people who belong in multiple categories are counted in each.
2023,Barriers to participation in leisure activities,Venues or facilities not accessible,Disabled,5-*,Absolute sampling error (number),5,number,Thousands of people,,Sum of percentages will exceed 100 percent and sum of counts will exceed the overall total because people who belong in multiple categories are counted in each.
2023,Barriers to participation in leisure activities,Venues or facilities not accessible,Non-disabled,5-*,Percent,,percentage,% of disabled people aged 5+ who experienced barriers,not applicable,Sum of percentages will exceed 100 percent and sum of counts will exceed the overall total because people who belong in multiple categories are counted in each.
2023,Barriers to participation in leisure activities,Venues or facilities not accessible,Non-disabled,5-*,Absolute sampling error (percentage),,percentage,% of disabled people aged 5+ who experienced barriers,not applicable,Sum of percentages will exceed 100 percent and sum of counts will exceed the overall total because people who belong in multiple categories are counted in each.
2023,Barriers to participation in leisure activities,Venues or facilities not accessible,Non-disabled,5-*,Number,,number,Thousands of people,not applicable,Sum of percentages will exceed 100 percent and sum of counts will exceed the overall total because people who belong in multiple categories are counted in each.
2023,Barriers to participation in leisure activities,Venues or facilities not accessible,Non-disabled,5-*,Absolute sampling error (number),,number,Thousands of people,not applicable,Sum of percentages will exceed 100 percent and sum of counts will exceed the overall total because people who belong in multiple categories are counted in each.
2023,Barriers to participation in leisure activities,"Negative attitudes towards people with disabilities, conditions, or health problems",Disabled,5-*,Percent,3,percentage,% of disabled people aged 5+ who experienced barriers,,Sum of percentages will exceed 100 percent and sum of counts will exceed the overall total because people who belong in multiple categories are counted in each.
2023,Barriers to participation in leisure activities,"Negative attitudes towards people with disabilities, conditions, or health problems",Disabled,5-*,Absolute sampling error (percentage),0.8,percentage,% of disabled people aged 5+ who experienced barriers,,Sum of percentages will exceed 100 percent and sum of counts will exceed the overall total because people who belong in multiple categories are counted in each.
2023,Barriers to participation in leisure activities,"Negative attitudes towards people with disabilities, conditions, or health problems",Disabled,5-*,Number,17,number,Thousands of people,,Sum of percentages will exceed 100 percent and sum of counts will exceed the overall total because people who belong in multiple categories are counted in each.
2023,Barriers to participation in leisure activities,"Negative attitudes towards people with disabilities, conditions, or health problems",Disabled,5-*,Absolute sampling error (number),4,number,Thousands of people,,Sum of percentages will exceed 100 percent and sum of counts will exceed the overall total because people who belong in multiple categories are counted in each.
2023,Barriers to participation in leisure activities,"Negative attitudes towards people with disabilities, conditions, or health problems",Non-disabled,5-*,Percent,,percentage,% of disabled people aged 5+ who experienced barriers,not applicable,Sum of percentages will exceed 100 percent and sum of counts will exceed the overall total because people who belong in multiple categories are counted in each.
2023,Barriers to participation in leisure activities,"Negative attitudes towards people with disabilities, conditions, or health problems",Non-disabled,5-*,Absolute sampling error (percentage),,percentage,% of disabled people aged 5+ who experienced barriers,not applicable,Sum of percentages will exceed 100 percent and sum of counts will exceed the overall total because people who belong in multiple categories are counted in each.
2023,Barriers to participation in leisure activities,"Negative attitudes towards people with disabilities, conditions, or health problems",Non-disabled,5-*,Number,,number,Thousands of people,not applicable,Sum of percentages will exceed 100 percent and sum of counts will exceed the overall total because people who belong in multiple categories are counted in each.
2023,Barriers to participation in leisure activities,"Negative attitudes towards people with disabilities, conditions, or health problems",Non-disabled,5-*,Absolute sampling error (number),,number,Thousands of people,not applicable,Sum of percentages will exceed 100 percent and sum of counts will exceed the overall total because people who belong in multiple categories are counted in each.
2023,Barriers to participation in leisure activities,"Anxiety (eg, worried about skill level, not at ease in social situations)",Disabled,5-*,Percent,21,percentage,% of disabled people aged 5+ who experienced barriers,,Sum of percentages will exceed 100 percent and sum of counts will exceed the overall total because people who belong in multiple categories are counted in each.
2023,Barriers to participation in leisure activities,"Anxiety (eg, worried about skill level, not at ease in social situations)",Disabled,5-*,Absolute sampling error (percentage),1.9,percentage,% of disabled people aged 5+ who experienced barriers,,Sum of percentages will exceed 100 percent and sum of counts will exceed the overall total because people who belong in multiple categories are counted in each.
2023,Barriers to participation in leisure activities,"Anxiety (eg, worried about skill level, not at ease in social situations)",Disabled,5-*,Number,106,number,Thousands of people,,Sum of percentages will exceed 100 percent and sum of counts will exceed the overall total because people who belong in multiple categories are counted in each.
2023,Barriers to participation in leisure activities,"Anxiety (eg, worried about skill level, not at ease in social situations)",Disabled,5-*,Absolute sampling error (number),10,number,Thousands of people,,Sum of percentages will exceed 100 percent and sum of counts will exceed the overall total because people who belong in multiple categories are counted in each.
2023,Barriers to participation in leisure activities,"Anxiety (eg, worried about skill level, not at ease in social situations)",Non-disabled,5-*,Percent,,percentage,% of disabled people aged 5+ who experienced barriers,not applicable,Sum of percentages will exceed 100 percent and sum of counts will exceed the overall total because people who belong in multiple categories are counted in each.
2023,Barriers to participation in leisure activities,"Anxiety (eg, worried about skill level, not at ease in social situations)",Non-disabled,5-*,Absolute sampling error (percentage),,percentage,% of disabled people aged 5+ who experienced barriers,not applicable,Sum of percentages will exceed 100 percent and sum of counts will exceed the overall total because people who belong in multiple categories are counted in each.
2023,Barriers to participation in leisure activities,"Anxiety (eg, worried about skill level, not at ease in social situations)",Non-disabled,5-*,Number,,number,Thousands of people,not applicable,Sum of percentages will exceed 100 percent and sum of counts will exceed the overall total because people who belong in multiple categories are counted in each.
2023,Barriers to participation in leisure activities,"Anxiety (eg, worried about skill level, not at ease in social situations)",Non-disabled,5-*,Absolute sampling error (number),,number,Thousands of people,not applicable,Sum of percentages will exceed 100 percent and sum of counts will exceed the overall total because people who belong in multiple categories are counted in each.
2023,Barriers to participation in leisure activities,Lack of opportunities nearby,Disabled,5-*,Percent,6,percentage,% of disabled people aged 5+ who experienced barriers,,Sum of percentages will exceed 100 percent and sum of counts will exceed the overall total because people who belong in multiple categories are counted in each.
2023,Barriers to participation in leisure activities,Lack of opportunities nearby,Disabled,5-*,Absolute sampling error (percentage),1.1,percentage,% of disabled people aged 5+ who experienced barriers,,Sum of percentages will exceed 100 percent and sum of counts will exceed the overall total because people who belong in multiple categories are counted in each.
2023,Barriers to participation in leisure activities,Lack of opportunities nearby,Disabled,5-*,Number,29,number,Thousands of people,,Sum of percentages will exceed 100 percent and sum of counts will exceed the overall total because people who belong in multiple categories are counted in each.
2023,Barriers to participation in leisure activities,Lack of opportunities nearby,Disabled,5-*,Absolute sampling error (number),6,number,Thousands of people,,Sum of percentages will exceed 100 percent and sum of counts will exceed the overall total because people who belong in multiple categories are counted in each.
2023,Barriers to participation in leisure activities,Lack of opportunities nearby,Non-disabled,5-*,Percent,,percentage,% of disabled people aged 5+ who experienced barriers,not applicable,Sum of percentages will exceed 100 percent and sum of counts will exceed the overall total because people who belong in multiple categories are counted in each.
2023,Barriers to participation in leisure activities,Lack of opportunities nearby,Non-disabled,5-*,Absolute sampling error (percentage),,percentage,% of disabled people aged 5+ who experienced barriers,not applicable,Sum of percentages will exceed 100 percent and sum of counts will exceed the overall total because people who belong in multiple categories are counted in each.
2023,Barriers to participation in leisure activities,Lack of opportunities nearby,Non-disabled,5-*,Number,,number,Thousands of people,not applicable,Sum of percentages will exceed 100 percent and sum of counts will exceed the overall total because people who belong in multiple categories are counted in each.
2023,Barriers to participation in leisure activities,Lack of opportunities nearby,Non-disabled,5-*,Absolute sampling error (number),,number,Thousands of people,not applicable,Sum of percentages will exceed 100 percent and sum of counts will exceed the overall total because people who belong in multiple categories are counted in each.
2023,Barriers to participation in leisure activities,Cost,Disabled,5-*,Percent,23,percentage,% of disabled people aged 5+ who experienced barriers,,Sum of percentages will exceed 100 percent and sum of counts will exceed the overall total because people who belong in multiple categories are counted in each.
2023,Barriers to participation in leisure activities,Cost,Disabled,5-*,Absolute sampling error (percentage),2.1,percentage,% of disabled people aged 5+ who experienced barriers,,Sum of percentages will exceed 100 percent and sum of counts will exceed the overall total because people who belong in multiple categories are counted in each.
2023,Barriers to participation in leisure activities,Cost,Disabled,5-*,Number,117,number,Thousands of people,,Sum of percentages will exceed 100 percent and sum of counts will exceed the overall total because people who belong in multiple categories are counted in each.
2023,Barriers to participation in leisure activities,Cost,Disabled,5-*,Absolute sampling error (number),12,number,Thousands of people,,Sum of percentages will exceed 100 percent and sum of counts will exceed the overall total because people who belong in multiple categories are counted in each.
2023,Barriers to participation in leisure activities,Cost,Non-disabled,5-*,Percent,,percentage,% of disabled people aged 5+ who experienced barriers,not applicable,Sum of percentages will exceed 100 percent and sum of counts will exceed the overall total because people who belong in multiple categories are counted in each.
2023,Barriers to participation in leisure activities,Cost,Non-disabled,5-*,Absolute sampling error (percentage),,percentage,% of disabled people aged 5+ who experienced barriers,not applicable,Sum of percentages will exceed 100 percent and sum of counts will exceed the overall total because people who belong in multiple categories are counted in each.
2023,Barriers to participation in leisure activities,Cost,Non-disabled,5-*,Number,,number,Thousands of people,not applicable,Sum of percentages will exceed 100 percent and sum of counts will exceed the overall total because people who belong in multiple categories are counted in each.
2023,Barriers to participation in leisure activities,Cost,Non-disabled,5-*,Absolute sampling error (number),,number,Thousands of people,not applicable,Sum of percentages will exceed 100 percent and sum of counts will exceed the overall total because people who belong in multiple categories are counted in each.
2023,Barriers to participation in leisure activities,Problems with transport,Disabled,5-*,Percent,8,percentage,% of disabled people aged 5+ who experienced barriers,,Sum of percentages will exceed 100 percent and sum of counts will exceed the overall total because people who belong in multiple categories are counted in each.
2023,Barriers to participation in leisure activities,Problems with transport,Disabled,5-*,Absolute sampling error (percentage),1.3,percentage,% of disabled people aged 5+ who experienced barriers,,Sum of percentages will exceed 100 percent and sum of counts will exceed the overall total because people who belong in multiple categories are counted in each.
2023,Barriers to participation in leisure activities,Problems with transport,Disabled,5-*,Number,41,number,Thousands of people,,Sum of percentages will exceed 100 percent and sum of counts will exceed the overall total because people who belong in multiple categories are counted in each.
2023,Barriers to participation in leisure activities,Problems with transport,Disabled,5-*,Absolute sampling error (number),6,number,Thousands of people,,Sum of percentages will exceed 100 percent and sum of counts will exceed the overall total because people who belong in multiple categories are counted in each.
2023,Barriers to participation in leisure activities,Problems with transport,Non-disabled,5-*,Percent,,percentage,% of disabled people aged 5+ who experienced barriers,not applicable,Sum of percentages will exceed 100 percent and sum of counts will exceed the overall total because people who belong in multiple categories are counted in each.
2023,Barriers to participation in leisure activities,Problems with transport,Non-disabled,5-*,Absolute sampling error (percentage),,percentage,% of disabled people aged 5+ who experienced barriers,not applicable,Sum of percentages will exceed 100 percent and sum of counts will exceed the overall total because people who belong in multiple categories are counted in each.
2023,Barriers to participation in leisure activities,Problems with transport,Non-disabled,5-*,Number,,number,Thousands of people,not applicable,Sum of percentages will exceed 100 percent and sum of counts will exceed the overall total because people who belong in multiple categories are counted in each.
2023,Barriers to participation in leisure activities,Problems with transport,Non-disabled,5-*,Absolute sampling error (number),,number,Thousands of people,not applicable,Sum of percentages will exceed 100 percent and sum of counts will exceed the overall total because people who belong in multiple categories are counted in each.
2023,Barriers to participation in leisure activities,"Lack of time, too busy with other commitments",Disabled,5-*,Percent,14,percentage,% of disabled people aged 5+ who experienced barriers,,Sum of percentages will exceed 100 percent and sum of counts will exceed the overall total because people who belong in multiple categories are counted in each.
2023,Barriers to participation in leisure activities,"Lack of time, too busy with other commitments",Disabled,5-*,Absolute sampling error (percentage),2.3,percentage,% of disabled people aged 5+ who experienced barriers,,Sum of percentages will exceed 100 percent and sum of counts will exceed the overall total because people who belong in multiple categories are counted in each.
2023,Barriers to participation in leisure activities,"Lack of time, too busy with other commitments",Disabled,5-*,Number,68,number,Thousands of people,,Sum of percentages will exceed 100 percent and sum of counts will exceed the overall total because people who belong in multiple categories are counted in each.
2023,Barriers to participation in leisure activities,"Lack of time, too busy with other commitments",Disabled,5-*,Absolute sampling error (number),12,number,Thousands of people,,Sum of percentages will exceed 100 percent and sum of counts will exceed the overall total because people who belong in multiple categories are counted in each.
2023,Barriers to participation in leisure activities,"Lack of time, too busy with other commitments",Non-disabled,5-*,Percent,,percentage,% of disabled people aged 5+ who experienced barriers,not applicable,Sum of percentages will exceed 100 percent and sum of counts will exceed the overall total because people who belong in multiple categories are counted in each.
2023,Barriers to participation in leisure activities,"Lack of time, too busy with other commitments",Non-disabled,5-*,Absolute sampling error (percentage),,percentage,% of disabled people aged 5+ who experienced barriers,not applicable,Sum of percentages will exceed 100 percent and sum of counts will exceed the overall total because people who belong in multiple categories are counted in each.
2023,Barriers to participation in leisure activities,"Lack of time, too busy with other commitments",Non-disabled,5-*,Number,,number,Thousands of people,not applicable,Sum of percentages will exceed 100 percent and sum of counts will exceed the overall total because people who belong in multiple categories are counted in each.
2023,Barriers to participation in leisure activities,"Lack of time, too busy with other commitments",Non-disabled,5-*,Absolute sampling error (number),,number,Thousands of people,not applicable,Sum of percentages will exceed 100 percent and sum of counts will exceed the overall total because people who belong in multiple categories are counted in each.
2023,Barriers to participation in leisure activities,Other,Disabled,5-*,Percent,9,percentage,% of disabled people aged 5+ who experienced barriers,,Sum of percentages will exceed 100 percent and sum of counts will exceed the overall total because people who belong in multiple categories are counted in each.
2023,Barriers to participation in leisure activities,Other,Disabled,5-*,Absolute sampling error (percentage),1.8,percentage,% of disabled people aged 5+ who experienced barriers,,Sum of percentages will exceed 100 percent and sum of counts will exceed the overall total because people who belong in multiple categories are counted in each.
2023,Barriers to participation in leisure activities,Other,Disabled,5-*,Number,44,number,Thousands of people,,Sum of percentages will exceed 100 percent and sum of counts will exceed the overall total because people who belong in multiple categories are counted in each.
2023,Barriers to participation in leisure activities,Other,Disabled,5-*,Absolute sampling error (number),10,number,Thousands of people,,Sum of percentages will exceed 100 percent and sum of counts will exceed the overall total because people who belong in multiple categories are counted in each.
2023,Barriers to participation in leisure activities,Other,Non-disabled,5-*,Percent,,percentage,% of disabled people aged 5+ who experienced barriers,not applicable,Sum of percentages will exceed 100 percent and sum of counts will exceed the overall total because people who belong in multiple categories are counted in each.
2023,Barriers to participation in leisure activities,Other,Non-disabled,5-*,Absolute sampling error (percentage),,percentage,% of disabled people aged 5+ who experienced barriers,not applicable,Sum of percentages will exceed 100 percent and sum of counts will exceed the overall total because people who belong in multiple categories are counted in each.
2023,Barriers to participation in leisure activities,Other,Non-disabled,5-*,Number,,number,Thousands of people,not applicable,Sum of percentages will exceed 100 percent and sum of counts will exceed the overall total because people who belong in multiple categories are counted in each.
2023,Barriers to participation in leisure activities,Other,Non-disabled,5-*,Absolute sampling error (number),,number,Thousands of people,not applicable,Sum of percentages will exceed 100 percent and sum of counts will exceed the overall total because people who belong in multiple categories are counted in each.
