Year,Survey question,Response,Grouping variable,Category,Value,Value Unit,Value Label,Null Reason,Metadata 1
2023,In the last 12 months have you done this as a competitive sport or activity?,All respondents aged 18 or over,Total,Total,15559,number,Number of respondents,
2023,In the last 12 months have you done this as a competitive sport or activity?,All respondents aged 18 or over,Gender,Male,6256,number,Number of respondents,
2023,In the last 12 months have you done this as a competitive sport or activity?,All respondents aged 18 or over,Gender,Female,9213,number,Number of respondents,
2023,In the last 12 months have you done this as a competitive sport or activity?,All respondents aged 18 or over,Age group,18-24,1745,number,Number of respondents,
2023,In the last 12 months have you done this as a competitive sport or activity?,All respondents aged 18 or over,Age group,25-34,1768,number,Number of respondents,
2023,In the last 12 months have you done this as a competitive sport or activity?,All respondents aged 18 or over,Age group,35-49,5432,number,Number of respondents,
2023,In the last 12 months have you done this as a competitive sport or activity?,All respondents aged 18 or over,Age group,50-64,3988,number,Number of respondents,
2023,In the last 12 months have you done this as a competitive sport or activity?,All respondents aged 18 or over,Age group,65-74,1562,number,Number of respondents,
2023,In the last 12 months have you done this as a competitive sport or activity?,All respondents aged 18 or over,Age group,75+,1064,number,Number of respondents,
2023,In the last 12 months have you done this as a competitive sport or activity?,All respondents aged 18 or over,Ethnic group,European,13032,number,Number of respondents,
2023,In the last 12 months have you done this as a competitive sport or activity?,All respondents aged 18 or over,Ethnic group,Māori,1520,number,Number of respondents,
2023,In the last 12 months have you done this as a competitive sport or activity?,All respondents aged 18 or over,Ethnic group,Pacific Peoples,607,number,Number of respondents,
2023,In the last 12 months have you done this as a competitive sport or activity?,All respondents aged 18 or over,Ethnic group,Asian,1255,number,Number of respondents,
2023,In the last 12 months have you done this as a competitive sport or activity?,All respondents aged 18 or over,Ethnic group,Samoan,286,number,Number of respondents,
2023,In the last 12 months have you done this as a competitive sport or activity?,All respondents aged 18 or over,Ethnic group,Indian,336,number,Number of respondents,
2023,In the last 12 months have you done this as a competitive sport or activity?,All respondents aged 18 or over,Ethnic group,Chinese,446,number,Number of respondents,
2023,In the last 12 months have you done this as a competitive sport or activity?,All respondents aged 18 or over,Lifestages,Studying (no children),772,number,Number of respondents,
2023,In the last 12 months have you done this as a competitive sport or activity?,All respondents aged 18 or over,Lifestages,Young adults with no children,2191,number,Number of respondents,
2023,In the last 12 months have you done this as a competitive sport or activity?,All respondents aged 18 or over,Lifestages,Younger families (all children under 12),2008,number,Number of respondents,
2023,In the last 12 months have you done this as a competitive sport or activity?,All respondents aged 18 or over,Lifestages,Older families with children aged 12 to 17,2331,number,Number of respondents,
2023,In the last 12 months have you done this as a competitive sport or activity?,All respondents aged 18 or over,Lifestages,Middle-aged adults with no children under 18,5872,number,Number of respondents,
2023,In the last 12 months have you done this as a competitive sport or activity?,All respondents aged 18 or over,Lifestages,Younger retirees (Under 75),1270,number,Number of respondents,
2023,In the last 12 months have you done this as a competitive sport or activity?,All respondents aged 18 or over,Lifestages,Older retirees (aged 75+),977,number,Number of respondents,
2023,In the last 12 months have you done this as a competitive sport or activity?,All respondents aged 18 or over,Lifestages,Studying or young with no children,2963,number,Number of respondents,
2023,In the last 12 months have you done this as a competitive sport or activity?,All respondents aged 18 or over,Lifestages,Younger or older families,4339,number,Number of respondents,
2023,In the last 12 months have you done this as a competitive sport or activity?,All respondents aged 18 or over,Lifestages,Younger or older families or middle aged adults,10211,number,Number of respondents,
2023,In the last 12 months have you done this as a competitive sport or activity?,All respondents aged 18 or over,Lifestages,Retirees,2247,number,Number of respondents,
2023,In the last 12 months have you done this as a competitive sport or activity?,All respondents aged 18 or over,Neighbourhood deprivation,Low,5372,number,Number of respondents,
2023,In the last 12 months have you done this as a competitive sport or activity?,All respondents aged 18 or over,Neighbourhood deprivation,Medium,6429,number,Number of respondents,
2023,In the last 12 months have you done this as a competitive sport or activity?,All respondents aged 18 or over,Neighbourhood deprivation,High,3757,number,Number of respondents,
2023,In the last 12 months have you done this as a competitive sport or activity?,All respondents aged 18 or over,Disability status,Disabled,8364,number,Number of respondents,,"When any of the above statements is rated 'Yes, some difficulty', 'Yes, a lot of difficulty', or 'Cannot do at all'"
2023,In the last 12 months have you done this as a competitive sport or activity?,All respondents aged 18 or over,Disability status,Non-disabled,7158,number,Number of respondents,,"When all of the above statements are rated 'No, no difficulty'"
2023,In the last 12 months have you done this as a competitive sport or activity?,All respondents aged 18 or over,Disability status,"Disabled (rated 'Yes, a lot of difficulty' or Cannot do at all')",1426,number,Number of respondents,,"When any of the above statements is rated 'Yes, a lot of difficulty', or 'Cannot do at all'"
2023,In the last 12 months have you done this as a competitive sport or activity?,All respondents aged 18 or over,Disability status,"Non-disabled (rated 'Yes, some difficulty' or 'No, no difficulty')",14096,number,Number of respondents,,"When all of the above statements are rated 'Yes, some difficulty' or 'No, no difficulty'"
2023,In the last 12 months have you done this as a competitive sport or activity?,All respondents aged 18 or over,Participation in physical activities in the last 7 days,Participated last 7 days,11570,number,Number of respondents,
2023,In the last 12 months have you done this as a competitive sport or activity?,All respondents aged 18 or over,Participation in physical activities in the last 7 days,Not participated last 7 days,3850,number,Number of respondents,
2023,In the last 12 months have you done this as a competitive sport or activity?,All respondents aged 18 or over,Time spent participating in physical activities in the last 7 days,Less than 30 minutes in last 7 days,4103,number,Number of respondents,
2023,In the last 12 months have you done this as a competitive sport or activity?,All respondents aged 18 or over,Time spent participating in physical activities in the last 7 days,30-149 minutes in last 7 days,2160,number,Number of respondents,
2023,In the last 12 months have you done this as a competitive sport or activity?,All respondents aged 18 or over,Time spent participating in physical activities in the last 7 days,150 to 419 minutes in last 7 days,5587,number,Number of respondents,
2023,In the last 12 months have you done this as a competitive sport or activity?,All respondents aged 18 or over,Time spent participating in physical activities in the last 7 days,420 minutes in last 7 days,3709,number,Number of respondents,
2023,In the last 12 months have you done this as a competitive sport or activity?,All respondents aged 18 or over,Time spent participating in physical activities in the last 7 days,Less than 150 minutes in the last 7 days,6263,number,Number of respondents,
2023,In the last 12 months have you done this as a competitive sport or activity?,All respondents aged 18 or over,Time spent participating in physical activities in the last 7 days,150 minutes or more in the last 7 days,9296,number,Number of respondents,
2023,In the last 12 months have you done this as a competitive sport or activity?,All respondents aged 18 or over,Physical activity guidelines,Meet guidelines,9296,number,Number of respondents,
2023,In the last 12 months have you done this as a competitive sport or activity?,All respondents aged 18 or over,Physical activity guidelines,Did not meet guidelines,6263,number,Number of respondents,
2023,In the last 12 months have you done this as a competitive sport or activity?,All respondents aged 18 or over,Region,Northland,467,number,Number of respondents,
2023,In the last 12 months have you done this as a competitive sport or activity?,All respondents aged 18 or over,Region,Auckland combined,3708,number,Number of respondents,
2023,In the last 12 months have you done this as a competitive sport or activity?,All respondents aged 18 or over,Region,North Harbour,892,number,Number of respondents,
2023,In the last 12 months have you done this as a competitive sport or activity?,All respondents aged 18 or over,Region,Auckland,1274,number,Number of respondents,
2023,In the last 12 months have you done this as a competitive sport or activity?,All respondents aged 18 or over,Region,Counties Manukau,1047,number,Number of respondents,
2023,In the last 12 months have you done this as a competitive sport or activity?,All respondents aged 18 or over,Region,Waitakere,495,number,Number of respondents,
2023,In the last 12 months have you done this as a competitive sport or activity?,All respondents aged 18 or over,Region,Waikato,1254,number,Number of respondents,
2023,In the last 12 months have you done this as a competitive sport or activity?,All respondents aged 18 or over,Region,Bay of Plenty,927,number,Number of respondents,
2023,In the last 12 months have you done this as a competitive sport or activity?,All respondents aged 18 or over,Region,Gisborne,330,number,Number of respondents,
2023,In the last 12 months have you done this as a competitive sport or activity?,All respondents aged 18 or over,Region,Taranaki,532,number,Number of respondents,
2023,In the last 12 months have you done this as a competitive sport or activity?,All respondents aged 18 or over,Region,Whanganui,474,number,Number of respondents,
2023,In the last 12 months have you done this as a competitive sport or activity?,All respondents aged 18 or over,Region,Hawkes Bay,519,number,Number of respondents,
2023,In the last 12 months have you done this as a competitive sport or activity?,All respondents aged 18 or over,Region,Manawatu,596,number,Number of respondents,
2023,In the last 12 months have you done this as a competitive sport or activity?,All respondents aged 18 or over,Region,Wellington,2158,number,Number of respondents,
2023,In the last 12 months have you done this as a competitive sport or activity?,All respondents aged 18 or over,Region,Tasman,663,number,Number of respondents,
2023,In the last 12 months have you done this as a competitive sport or activity?,All respondents aged 18 or over,Region,Canterbury,2435,number,Number of respondents,
2023,In the last 12 months have you done this as a competitive sport or activity?,All respondents aged 18 or over,Region,Otago,928,number,Number of respondents,
2023,In the last 12 months have you done this as a competitive sport or activity?,All respondents aged 18 or over,Region,Southland,568,number,Number of respondents,
2023,In the last 12 months have you done this as a competitive sport or activity?,All respondents aged 18 or over,Region,North Island,10965,number,Number of respondents,
2023,In the last 12 months have you done this as a competitive sport or activity?,All respondents aged 18 or over,Region,South Island,4594,number,Number of respondents,
2023,In the last 12 months have you done this as a competitive sport or activity?,All respondents aged 18 or over,Urban/Rural,Urban,13162,number,Number of respondents,
2023,In the last 12 months have you done this as a competitive sport or activity?,All respondents aged 18 or over,Urban/Rural,Rural,2397,number,Number of respondents,
2023,In the last 12 months have you done this as a competitive sport or activity?,All respondents aged 18 or over,Urban/Rural,Urban North Island,9422,number,Number of respondents,
2023,In the last 12 months have you done this as a competitive sport or activity?,All respondents aged 18 or over,Urban/Rural,Urban South Island,3740,number,Number of respondents,
2023,In the last 12 months have you done this as a competitive sport or activity?,All respondents aged 18 or over,Urban/Rural,Rural North Island,1543,number,Number of respondents,
2023,In the last 12 months have you done this as a competitive sport or activity?,All respondents aged 18 or over,Urban/Rural,Rural South Island,854,number,Number of respondents,
2023,In the last 12 months have you done this as a competitive sport or activity?,Participated in both competitive sport AND non-competitive sport or activity in the last 12 months,Total,Total,26.3,percentage,% of people,
2023,In the last 12 months have you done this as a competitive sport or activity?,Participated in both competitive sport AND non-competitive sport or activity in the last 12 months,Gender,Male,31.9,percentage,% of people,
2023,In the last 12 months have you done this as a competitive sport or activity?,Participated in both competitive sport AND non-competitive sport or activity in the last 12 months,Gender,Female,21.1,percentage,% of people,
2023,In the last 12 months have you done this as a competitive sport or activity?,Participated in both competitive sport AND non-competitive sport or activity in the last 12 months,Age group,18-24,39.000000000000001,percentage,% of people,
2023,In the last 12 months have you done this as a competitive sport or activity?,Participated in both competitive sport AND non-competitive sport or activity in the last 12 months,Age group,25-34,30.3,percentage,% of people,
2023,In the last 12 months have you done this as a competitive sport or activity?,Participated in both competitive sport AND non-competitive sport or activity in the last 12 months,Age group,35-49,28.9,percentage,% of people,
2023,In the last 12 months have you done this as a competitive sport or activity?,Participated in both competitive sport AND non-competitive sport or activity in the last 12 months,Age group,50-64,21.8,percentage,% of people,
2023,In the last 12 months have you done this as a competitive sport or activity?,Participated in both competitive sport AND non-competitive sport or activity in the last 12 months,Age group,65-74,17.9,percentage,% of people,
2023,In the last 12 months have you done this as a competitive sport or activity?,Participated in both competitive sport AND non-competitive sport or activity in the last 12 months,Age group,75+,14.2,percentage,% of people,
2023,In the last 12 months have you done this as a competitive sport or activity?,Participated in both competitive sport AND non-competitive sport or activity in the last 12 months,Ethnic group,European,26.6,percentage,% of people,
2023,In the last 12 months have you done this as a competitive sport or activity?,Participated in both competitive sport AND non-competitive sport or activity in the last 12 months,Ethnic group,Māori,29.6,percentage,% of people,
2023,In the last 12 months have you done this as a competitive sport or activity?,Participated in both competitive sport AND non-competitive sport or activity in the last 12 months,Ethnic group,Pacific Peoples,29.8,percentage,% of people,
2023,In the last 12 months have you done this as a competitive sport or activity?,Participated in both competitive sport AND non-competitive sport or activity in the last 12 months,Ethnic group,Asian,24.6,percentage,% of people,
2023,In the last 12 months have you done this as a competitive sport or activity?,Participated in both competitive sport AND non-competitive sport or activity in the last 12 months,Ethnic group,Samoan,29.5,percentage,% of people,
2023,In the last 12 months have you done this as a competitive sport or activity?,Participated in both competitive sport AND non-competitive sport or activity in the last 12 months,Ethnic group,Indian,24.9,percentage,% of people,
2023,In the last 12 months have you done this as a competitive sport or activity?,Participated in both competitive sport AND non-competitive sport or activity in the last 12 months,Ethnic group,Chinese,20.7,percentage,% of people,
2023,In the last 12 months have you done this as a competitive sport or activity?,Participated in both competitive sport AND non-competitive sport or activity in the last 12 months,Lifestages,Studying (no children),40.000000000000002,percentage,% of people,
2023,In the last 12 months have you done this as a competitive sport or activity?,Participated in both competitive sport AND non-competitive sport or activity in the last 12 months,Lifestages,Young adults with no children,32.9,percentage,% of people,
2023,In the last 12 months have you done this as a competitive sport or activity?,Participated in both competitive sport AND non-competitive sport or activity in the last 12 months,Lifestages,Younger families (all children under 12),28.7,percentage,% of people,
2023,In the last 12 months have you done this as a competitive sport or activity?,Participated in both competitive sport AND non-competitive sport or activity in the last 12 months,Lifestages,Older families with children aged 12 to 17,29.999999999999999,percentage,% of people,
2023,In the last 12 months have you done this as a competitive sport or activity?,Participated in both competitive sport AND non-competitive sport or activity in the last 12 months,Lifestages,Middle-aged adults with no children under 18,22.9,percentage,% of people,
2023,In the last 12 months have you done this as a competitive sport or activity?,Participated in both competitive sport AND non-competitive sport or activity in the last 12 months,Lifestages,Younger retirees (Under 75),17.3,percentage,% of people,
2023,In the last 12 months have you done this as a competitive sport or activity?,Participated in both competitive sport AND non-competitive sport or activity in the last 12 months,Lifestages,Older retirees (aged 75+),13.7,percentage,% of people,
2023,In the last 12 months have you done this as a competitive sport or activity?,Participated in both competitive sport AND non-competitive sport or activity in the last 12 months,Lifestages,Studying or young with no children,34.5,percentage,% of people,
2023,In the last 12 months have you done this as a competitive sport or activity?,Participated in both competitive sport AND non-competitive sport or activity in the last 12 months,Lifestages,Younger or older families,29.4,percentage,% of people,
2023,In the last 12 months have you done this as a competitive sport or activity?,Participated in both competitive sport AND non-competitive sport or activity in the last 12 months,Lifestages,Younger or older families or middle aged adults,25.6,percentage,% of people,
2023,In the last 12 months have you done this as a competitive sport or activity?,Participated in both competitive sport AND non-competitive sport or activity in the last 12 months,Lifestages,Retirees,15.7,percentage,% of people,
2023,In the last 12 months have you done this as a competitive sport or activity?,Participated in both competitive sport AND non-competitive sport or activity in the last 12 months,Neighbourhood deprivation,Low,29.7,percentage,% of people,
2023,In the last 12 months have you done this as a competitive sport or activity?,Participated in both competitive sport AND non-competitive sport or activity in the last 12 months,Neighbourhood deprivation,Medium,25.4,percentage,% of people,
2023,In the last 12 months have you done this as a competitive sport or activity?,Participated in both competitive sport AND non-competitive sport or activity in the last 12 months,Neighbourhood deprivation,High,23.5,percentage,% of people,
2023,In the last 12 months have you done this as a competitive sport or activity?,Participated in both competitive sport AND non-competitive sport or activity in the last 12 months,Disability status,Disabled,22.2,percentage,% of people,,"When any of the above statements is rated 'Yes, some difficulty', 'Yes, a lot of difficulty', or 'Cannot do at all'"
2023,In the last 12 months have you done this as a competitive sport or activity?,Participated in non-competitive sport or activities only over the last 12 months,Region,Otago,66.2,percentage,% of people,
2023,In the last 12 months have you done this as a competitive sport or activity?,Participated in both competitive sport AND non-competitive sport or activity in the last 12 months,Disability status,Non-disabled,31.3,percentage,% of people,,"When all of the above statements are rated 'No, no difficulty'"
2023,In the last 12 months have you done this as a competitive sport or activity?,Participated in both competitive sport AND non-competitive sport or activity in the last 12 months,Disability status,"Disabled (rated 'Yes, a lot of difficulty' or Cannot do at all')",19.0000000000000002,percentage,% of people,,"When any of the above statements is rated 'Yes, a lot of difficulty', or 'Cannot do at all'"
2023,In the last 12 months have you done this as a competitive sport or activity?,Participated in both competitive sport AND non-competitive sport or activity in the last 12 months,Disability status,"Non-disabled (rated 'Yes, some difficulty' or 'No, no difficulty')",27.1,percentage,% of people,,"When all of the above statements are rated 'Yes, some difficulty' or 'No, no difficulty'"
2023,In the last 12 months have you done this as a competitive sport or activity?,Participated in both competitive sport AND non-competitive sport or activity in the last 12 months,Participation in physical activities in the last 7 days,Participated last 7 days,31.5,percentage,% of people,
2023,In the last 12 months have you done this as a competitive sport or activity?,Participated in both competitive sport AND non-competitive sport or activity in the last 12 months,Participation in physical activities in the last 7 days,Not participated last 7 days,11.9999999999999996,percentage,% of people,
2023,In the last 12 months have you done this as a competitive sport or activity?,Participated in both competitive sport AND non-competitive sport or activity in the last 12 months,Time spent participating in physical activities in the last 7 days,Less than 30 minutes in last 7 days,11.9999999999999996,percentage,% of people,
2023,In the last 12 months have you done this as a competitive sport or activity?,Participated in both competitive sport AND non-competitive sport or activity in the last 12 months,Time spent participating in physical activities in the last 7 days,30-149 minutes in last 7 days,20.4,percentage,% of people,
2023,In the last 12 months have you done this as a competitive sport or activity?,Participated in both competitive sport AND non-competitive sport or activity in the last 12 months,Time spent participating in physical activities in the last 7 days,150 to 419 minutes in last 7 days,29.6,percentage,% of people,
2023,In the last 12 months have you done this as a competitive sport or activity?,Participated in both competitive sport AND non-competitive sport or activity in the last 12 months,Time spent participating in physical activities in the last 7 days,420 minutes in last 7 days,41.5,percentage,% of people,
2023,In the last 12 months have you done this as a competitive sport or activity?,Participated in both competitive sport AND non-competitive sport or activity in the last 12 months,Time spent participating in physical activities in the last 7 days,Less than 150 minutes in the last 7 days,14.9,percentage,% of people,
2023,In the last 12 months have you done this as a competitive sport or activity?,Participated in both competitive sport AND non-competitive sport or activity in the last 12 months,Time spent participating in physical activities in the last 7 days,150 minutes or more in the last 7 days,34.4,percentage,% of people,
2023,In the last 12 months have you done this as a competitive sport or activity?,Participated in both competitive sport AND non-competitive sport or activity in the last 12 months,Physical activity guidelines,Meet guidelines,34.4,percentage,% of people,
2023,In the last 12 months have you done this as a competitive sport or activity?,Participated in both competitive sport AND non-competitive sport or activity in the last 12 months,Physical activity guidelines,Did not meet guidelines,14.9,percentage,% of people,
2023,In the last 12 months have you done this as a competitive sport or activity?,Participated in both competitive sport AND non-competitive sport or activity in the last 12 months,Region,Northland,23.9,percentage,% of people,
2023,In the last 12 months have you done this as a competitive sport or activity?,Participated in both competitive sport AND non-competitive sport or activity in the last 12 months,Region,Auckland combined,24.8,percentage,% of people,
2023,In the last 12 months have you done this as a competitive sport or activity?,Participated in both competitive sport AND non-competitive sport or activity in the last 12 months,Region,North Harbour,25.2,percentage,% of people,
2023,In the last 12 months have you done this as a competitive sport or activity?,Participated in both competitive sport AND non-competitive sport or activity in the last 12 months,Region,Auckland,27.000000000000002,percentage,% of people,
2023,In the last 12 months have you done this as a competitive sport or activity?,Participated in both competitive sport AND non-competitive sport or activity in the last 12 months,Region,Counties Manukau,23.9,percentage,% of people,
2023,In the last 12 months have you done this as a competitive sport or activity?,Participated in both competitive sport AND non-competitive sport or activity in the last 12 months,Region,Waitakere,22.1,percentage,% of people,
2023,In the last 12 months have you done this as a competitive sport or activity?,Participated in both competitive sport AND non-competitive sport or activity in the last 12 months,Region,Waikato,26.8,percentage,% of people,
2023,In the last 12 months have you done this as a competitive sport or activity?,Participated in both competitive sport AND non-competitive sport or activity in the last 12 months,Region,Bay of Plenty,26.2,percentage,% of people,
2023,In the last 12 months have you done this as a competitive sport or activity?,Participated in both competitive sport AND non-competitive sport or activity in the last 12 months,Region,Gisborne,28.2,percentage,% of people,
2023,In the last 12 months have you done this as a competitive sport or activity?,Participated in both competitive sport AND non-competitive sport or activity in the last 12 months,Region,Taranaki,29.1,percentage,% of people,
2023,In the last 12 months have you done this as a competitive sport or activity?,Participated in both competitive sport AND non-competitive sport or activity in the last 12 months,Region,Whanganui,23.7,percentage,% of people,
2023,In the last 12 months have you done this as a competitive sport or activity?,Participated in both competitive sport AND non-competitive sport or activity in the last 12 months,Region,Hawkes Bay,28.7,percentage,% of people,
2023,In the last 12 months have you done this as a competitive sport or activity?,Participated in both competitive sport AND non-competitive sport or activity in the last 12 months,Region,Manawatu,27.1,percentage,% of people,
2023,In the last 12 months have you done this as a competitive sport or activity?,Participated in both competitive sport AND non-competitive sport or activity in the last 12 months,Region,Wellington,26.4,percentage,% of people,
2023,In the last 12 months have you done this as a competitive sport or activity?,Participated in both competitive sport AND non-competitive sport or activity in the last 12 months,Region,Tasman,23.999999999999999,percentage,% of people,
2023,In the last 12 months have you done this as a competitive sport or activity?,Participated in both competitive sport AND non-competitive sport or activity in the last 12 months,Region,Canterbury,28.999999999999998,percentage,% of people,
2023,In the last 12 months have you done this as a competitive sport or activity?,Participated in both competitive sport AND non-competitive sport or activity in the last 12 months,Region,Otago,29.3,percentage,% of people,
2023,In the last 12 months have you done this as a competitive sport or activity?,Participated in both competitive sport AND non-competitive sport or activity in the last 12 months,Region,Southland,25.6,percentage,% of people,
2023,In the last 12 months have you done this as a competitive sport or activity?,Participated in both competitive sport AND non-competitive sport or activity in the last 12 months,Region,North Island,25.8,percentage,% of people,
2023,In the last 12 months have you done this as a competitive sport or activity?,Participated in both competitive sport AND non-competitive sport or activity in the last 12 months,Region,South Island,28.000000000000003,percentage,% of people,
2023,In the last 12 months have you done this as a competitive sport or activity?,Participated in both competitive sport AND non-competitive sport or activity in the last 12 months,Urban/Rural,Urban,25.8,percentage,% of people,
2023,In the last 12 months have you done this as a competitive sport or activity?,Participated in both competitive sport AND non-competitive sport or activity in the last 12 months,Urban/Rural,Rural,29.4,percentage,% of people,
2023,In the last 12 months have you done this as a competitive sport or activity?,Participated in both competitive sport AND non-competitive sport or activity in the last 12 months,Urban/Rural,Urban North Island,25.4,percentage,% of people,
2023,In the last 12 months have you done this as a competitive sport or activity?,Participated in both competitive sport AND non-competitive sport or activity in the last 12 months,Urban/Rural,Urban South Island,27.000000000000002,percentage,% of people,
2023,In the last 12 months have you done this as a competitive sport or activity?,Participated in both competitive sport AND non-competitive sport or activity in the last 12 months,Urban/Rural,Rural North Island,28.000000000000003,percentage,% of people,
2023,In the last 12 months have you done this as a competitive sport or activity?,Participated in both competitive sport AND non-competitive sport or activity in the last 12 months,Urban/Rural,Rural South Island,32.5,percentage,% of people,
2023,In the last 12 months have you done this as a competitive sport or activity?,Participated in competitive sport only over the last 12 months,Total,Total,5.8,percentage,% of people,
2023,In the last 12 months have you done this as a competitive sport or activity?,Participated in competitive sport only over the last 12 months,Gender,Male,7.2,percentage,% of people,
2023,In the last 12 months have you done this as a competitive sport or activity?,Participated in competitive sport only over the last 12 months,Gender,Female,4.5,percentage,% of people,
2023,In the last 12 months have you done this as a competitive sport or activity?,Participated in competitive sport only over the last 12 months,Age group,18-24,5.6,percentage,% of people,
2023,In the last 12 months have you done this as a competitive sport or activity?,Participated in competitive sport only over the last 12 months,Age group,25-34,5.6,percentage,% of people,
2023,In the last 12 months have you done this as a competitive sport or activity?,Participated in competitive sport only over the last 12 months,Age group,35-49,5.2,percentage,% of people,
2023,In the last 12 months have you done this as a competitive sport or activity?,Participated in competitive sport only over the last 12 months,Age group,50-64,4.7,percentage,% of people,
2023,In the last 12 months have you done this as a competitive sport or activity?,Participated in competitive sport only over the last 12 months,Age group,65-74,6.7,percentage,% of people,
2023,In the last 12 months have you done this as a competitive sport or activity?,Participated in competitive sport only over the last 12 months,Age group,75+,11.1,percentage,% of people,
2023,In the last 12 months have you done this as a competitive sport or activity?,Participated in competitive sport only over the last 12 months,Ethnic group,European,3.5,percentage,% of people,
2023,In the last 12 months have you done this as a competitive sport or activity?,Participated in competitive sport only over the last 12 months,Ethnic group,Māori,7.5,percentage,% of people,
2023,In the last 12 months have you done this as a competitive sport or activity?,Participated in competitive sport only over the last 12 months,Ethnic group,Pacific Peoples,14.8,percentage,% of people,
2023,In the last 12 months have you done this as a competitive sport or activity?,Participated in competitive sport only over the last 12 months,Ethnic group,Asian,10.9,percentage,% of people,
2023,In the last 12 months have you done this as a competitive sport or activity?,Participated in competitive sport only over the last 12 months,Ethnic group,Samoan,14.1,percentage,% of people,
2023,In the last 12 months have you done this as a competitive sport or activity?,Participated in competitive sport only over the last 12 months,Ethnic group,Indian,14.999999999999999,percentage,% of people,
2023,In the last 12 months have you done this as a competitive sport or activity?,Participated in competitive sport only over the last 12 months,Ethnic group,Chinese,8.6,percentage,% of people,
2023,In the last 12 months have you done this as a competitive sport or activity?,Participated in competitive sport only over the last 12 months,Lifestages,Studying (no children),2.6,percentage,% of people,
2023,In the last 12 months have you done this as a competitive sport or activity?,Participated in competitive sport only over the last 12 months,Lifestages,Young adults with no children,6.1,percentage,% of people,
2023,In the last 12 months have you done this as a competitive sport or activity?,Participated in competitive sport only over the last 12 months,Lifestages,Younger families (all children under 12),4.3,percentage,% of people,
2023,In the last 12 months have you done this as a competitive sport or activity?,Participated in competitive sport only over the last 12 months,Lifestages,Older families with children aged 12 to 17,4.5,percentage,% of people,
2023,In the last 12 months have you done this as a competitive sport or activity?,Participated in competitive sport only over the last 12 months,Lifestages,Middle-aged adults with no children under 18,5.9999999999999998,percentage,% of people,
2023,In the last 12 months have you done this as a competitive sport or activity?,Participated in competitive sport only over the last 12 months,Lifestages,Younger retirees (Under 75),5.5,percentage,% of people,
2023,In the last 12 months have you done this as a competitive sport or activity?,Participated in competitive sport only over the last 12 months,Lifestages,Older retirees (aged 75+),11.5,percentage,% of people,
2023,In the last 12 months have you done this as a competitive sport or activity?,Participated in competitive sport only over the last 12 months,Lifestages,Studying or young with no children,5.3,percentage,% of people,
2023,In the last 12 months have you done this as a competitive sport or activity?,Participated in competitive sport only over the last 12 months,Lifestages,Younger or older families,4.4,percentage,% of people,
2023,In the last 12 months have you done this as a competitive sport or activity?,Participated in competitive sport only over the last 12 months,Lifestages,Younger or older families or middle aged adults,5.3,percentage,% of people,
2023,In the last 12 months have you done this as a competitive sport or activity?,Participated in competitive sport only over the last 12 months,Lifestages,Retirees,8.2,percentage,% of people,
2023,In the last 12 months have you done this as a competitive sport or activity?,Participated in competitive sport only over the last 12 months,Neighbourhood deprivation,Low,3.3,percentage,% of people,
2023,In the last 12 months have you done this as a competitive sport or activity?,Participated in competitive sport only over the last 12 months,Neighbourhood deprivation,Medium,5.9999999999999998,percentage,% of people,
2023,In the last 12 months have you done this as a competitive sport or activity?,Participated in competitive sport only over the last 12 months,Neighbourhood deprivation,High,8.7,percentage,% of people,
2023,In the last 12 months have you done this as a competitive sport or activity?,Participated in competitive sport only over the last 12 months,Disability status,Disabled,6.7,percentage,% of people,,"When any of the above statements is rated 'Yes, some difficulty', 'Yes, a lot of difficulty', or 'Cannot do at all'"
2023,In the last 12 months have you done this as a competitive sport or activity?,Participated in competitive sport only over the last 12 months,Disability status,Non-disabled,4.7,percentage,% of people,,"When all of the above statements are rated 'No, no difficulty'"
2023,In the last 12 months have you done this as a competitive sport or activity?,Participated in competitive sport only over the last 12 months,Disability status,"Disabled (rated 'Yes, a lot of difficulty' or Cannot do at all')",10.9,percentage,% of people,,"When any of the above statements is rated 'Yes, a lot of difficulty', or 'Cannot do at all'"
2023,In the last 12 months have you done this as a competitive sport or activity?,Participated in competitive sport only over the last 12 months,Disability status,"Non-disabled (rated 'Yes, some difficulty' or 'No, no difficulty')",5.2,percentage,% of people,,"When all of the above statements are rated 'Yes, some difficulty' or 'No, no difficulty'"
2023,In the last 12 months have you done this as a competitive sport or activity?,Participated in competitive sport only over the last 12 months,Participation in physical activities in the last 7 days,Participated last 7 days,5.7,percentage,% of people,
2023,In the last 12 months have you done this as a competitive sport or activity?,Participated in competitive sport only over the last 12 months,Participation in physical activities in the last 7 days,Not participated last 7 days,5.7,percentage,% of people,
2023,In the last 12 months have you done this as a competitive sport or activity?,Participated in competitive sport only over the last 12 months,Time spent participating in physical activities in the last 7 days,Less than 30 minutes in last 7 days,6.4,percentage,% of people,
2023,In the last 12 months have you done this as a competitive sport or activity?,Participated in competitive sport only over the last 12 months,Time spent participating in physical activities in the last 7 days,30-149 minutes in last 7 days,7.7,percentage,% of people,
2023,In the last 12 months have you done this as a competitive sport or activity?,Participated in competitive sport only over the last 12 months,Time spent participating in physical activities in the last 7 days,150 to 419 minutes in last 7 days,4.7,percentage,% of people,
2023,In the last 12 months have you done this as a competitive sport or activity?,Participated in competitive sport only over the last 12 months,Time spent participating in physical activities in the last 7 days,420 minutes in last 7 days,5.6,percentage,% of people,
2023,In the last 12 months have you done this as a competitive sport or activity?,Participated in competitive sport only over the last 12 months,Time spent participating in physical activities in the last 7 days,Less than 150 minutes in the last 7 days,6.8,percentage,% of people,
2023,In the last 12 months have you done this as a competitive sport or activity?,Participated in competitive sport only over the last 12 months,Time spent participating in physical activities in the last 7 days,150 minutes or more in the last 7 days,5.1,percentage,% of people,
2023,In the last 12 months have you done this as a competitive sport or activity?,Participated in competitive sport only over the last 12 months,Physical activity guidelines,Meet guidelines,5.1,percentage,% of people,
2023,In the last 12 months have you done this as a competitive sport or activity?,Participated in competitive sport only over the last 12 months,Physical activity guidelines,Did not meet guidelines,6.8,percentage,% of people,
2023,In the last 12 months have you done this as a competitive sport or activity?,Participated in competitive sport only over the last 12 months,Region,Northland,6.6,percentage,% of people,
2023,In the last 12 months have you done this as a competitive sport or activity?,Participated in competitive sport only over the last 12 months,Region,Auckland combined,7.5,percentage,% of people,
2023,In the last 12 months have you done this as a competitive sport or activity?,Participated in competitive sport only over the last 12 months,Region,North Harbour,4.7,percentage,% of people,
2023,In the last 12 months have you done this as a competitive sport or activity?,Participated in competitive sport only over the last 12 months,Region,Auckland,5.9999999999999998,percentage,% of people,
2023,In the last 12 months have you done this as a competitive sport or activity?,Participated in competitive sport only over the last 12 months,Region,Counties Manukau,10.4,percentage,% of people,
2023,In the last 12 months have you done this as a competitive sport or activity?,Participated in competitive sport only over the last 12 months,Region,Waitakere,9.1,percentage,% of people,
2023,In the last 12 months have you done this as a competitive sport or activity?,Participated in competitive sport only over the last 12 months,Region,Waikato,5.7,percentage,% of people,
2023,In the last 12 months have you done this as a competitive sport or activity?,Participated in competitive sport only over the last 12 months,Region,Bay of Plenty,6.1,percentage,% of people,
2023,In the last 12 months have you done this as a competitive sport or activity?,Participated in competitive sport only over the last 12 months,Region,Gisborne,8.5,percentage,% of people,
2023,In the last 12 months have you done this as a competitive sport or activity?,Participated in competitive sport only over the last 12 months,Region,Taranaki,4.3,percentage,% of people,
2023,In the last 12 months have you done this as a competitive sport or activity?,Participated in competitive sport only over the last 12 months,Region,Whanganui,6.7,percentage,% of people,
2023,In the last 12 months have you done this as a competitive sport or activity?,Participated in competitive sport only over the last 12 months,Region,Hawkes Bay,4.9,percentage,% of people,
2023,In the last 12 months have you done this as a competitive sport or activity?,Participated in competitive sport only over the last 12 months,Region,Manawatu,5.5,percentage,% of people,
2023,In the last 12 months have you done this as a competitive sport or activity?,Participated in competitive sport only over the last 12 months,Region,Wellington,4.9,percentage,% of people,
2023,In the last 12 months have you done this as a competitive sport or activity?,Participated in competitive sport only over the last 12 months,Region,Tasman,3.4,percentage,% of people,
2023,In the last 12 months have you done this as a competitive sport or activity?,Participated in competitive sport only over the last 12 months,Region,Canterbury,3.9,percentage,% of people,
2023,In the last 12 months have you done this as a competitive sport or activity?,Participated in competitive sport only over the last 12 months,Region,Otago,2.9999999999999999,percentage,% of people,
2023,In the last 12 months have you done this as a competitive sport or activity?,Participated in competitive sport only over the last 12 months,Region,Southland,5.9999999999999998,percentage,% of people,
2023,In the last 12 months have you done this as a competitive sport or activity?,Participated in competitive sport only over the last 12 months,Region,North Island,6.5,percentage,% of people,
2023,In the last 12 months have you done this as a competitive sport or activity?,Participated in competitive sport only over the last 12 months,Region,South Island,3.8,percentage,% of people,
2023,In the last 12 months have you done this as a competitive sport or activity?,Participated in competitive sport only over the last 12 months,Urban/Rural,Urban,6.1,percentage,% of people,
2023,In the last 12 months have you done this as a competitive sport or activity?,Participated in competitive sport only over the last 12 months,Urban/Rural,Rural,3.8,percentage,% of people,
2023,In the last 12 months have you done this as a competitive sport or activity?,Participated in competitive sport only over the last 12 months,Urban/Rural,Urban North Island,6.7,percentage,% of people,
2023,In the last 12 months have you done this as a competitive sport or activity?,Participated in competitive sport only over the last 12 months,Urban/Rural,Urban South Island,4.2,percentage,% of people,
2023,In the last 12 months have you done this as a competitive sport or activity?,Participated in competitive sport only over the last 12 months,Urban/Rural,Rural North Island,4.5,percentage,% of people,
2023,In the last 12 months have you done this as a competitive sport or activity?,Participated in competitive sport only over the last 12 months,Urban/Rural,Rural South Island,2.1,percentage,% of people,
2023,In the last 12 months have you done this as a competitive sport or activity?,Participated in non-competitive sport or activities only over the last 12 months,Total,Total,66.000000000000003,percentage,% of people,
2023,In the last 12 months have you done this as a competitive sport or activity?,Participated in non-competitive sport or activities only over the last 12 months,Gender,Male,58.999999999999997,percentage,% of people,
2023,In the last 12 months have you done this as a competitive sport or activity?,Participated in non-competitive sport or activities only over the last 12 months,Gender,Female,72.7,percentage,% of people,
2023,In the last 12 months have you done this as a competitive sport or activity?,Participated in non-competitive sport or activities only over the last 12 months,Age group,18-24,54.6,percentage,% of people,
2023,In the last 12 months have you done this as a competitive sport or activity?,Participated in non-competitive sport or activities only over the last 12 months,Age group,25-34,62.2,percentage,% of people,
2023,In the last 12 months have you done this as a competitive sport or activity?,Participated in non-competitive sport or activities only over the last 12 months,Age group,35-49,64.5,percentage,% of people,
2023,In the last 12 months have you done this as a competitive sport or activity?,Participated in non-competitive sport or activities only over the last 12 months,Age group,50-64,71.5,percentage,% of people,
2023,In the last 12 months have you done this as a competitive sport or activity?,Participated in non-competitive sport or activities only over the last 12 months,Age group,65-74,73.4,percentage,% of people,
2023,In the last 12 months have you done this as a competitive sport or activity?,Participated in non-competitive sport or activities only over the last 12 months,Age group,75+,70.8,percentage,% of people,
2023,In the last 12 months have you done this as a competitive sport or activity?,Participated in non-competitive sport or activities only over the last 12 months,Ethnic group,European,68.3,percentage,% of people,
2023,In the last 12 months have you done this as a competitive sport or activity?,Participated in non-competitive sport or activities only over the last 12 months,Ethnic group,Māori,60.7,percentage,% of people,
2023,In the last 12 months have you done this as a competitive sport or activity?,Participated in non-competitive sport or activities only over the last 12 months,Ethnic group,Pacific Peoples,53.4,percentage,% of people,
2023,In the last 12 months have you done this as a competitive sport or activity?,Participated in non-competitive sport or activities only over the last 12 months,Ethnic group,Asian,62.1,percentage,% of people,
2023,In the last 12 months have you done this as a competitive sport or activity?,Participated in non-competitive sport or activities only over the last 12 months,Ethnic group,Samoan,54.8,percentage,% of people,
2023,In the last 12 months have you done this as a competitive sport or activity?,Participated in non-competitive sport or activities only over the last 12 months,Ethnic group,Indian,57.999999999999996,percentage,% of people,
2023,In the last 12 months have you done this as a competitive sport or activity?,Participated in non-competitive sport or activities only over the last 12 months,Ethnic group,Chinese,68.9,percentage,% of people,
2023,In the last 12 months have you done this as a competitive sport or activity?,Participated in non-competitive sport or activities only over the last 12 months,Lifestages,Studying (no children),55.9,percentage,% of people,
2023,In the last 12 months have you done this as a competitive sport or activity?,Participated in non-competitive sport or activities only over the last 12 months,Lifestages,Young adults with no children,59.8,percentage,% of people,
2023,In the last 12 months have you done this as a competitive sport or activity?,Participated in non-competitive sport or activities only over the last 12 months,Lifestages,Younger families (all children under 12),65.1,percentage,% of people,
2023,In the last 12 months have you done this as a competitive sport or activity?,Participated in non-competitive sport or activities only over the last 12 months,Lifestages,Older families with children aged 12 to 17,64.1,percentage,% of people,
2023,In the last 12 months have you done this as a competitive sport or activity?,Participated in non-competitive sport or activities only over the last 12 months,Lifestages,Middle-aged adults with no children under 18,69.1,percentage,% of people,
2023,In the last 12 months have you done this as a competitive sport or activity?,Participated in non-competitive sport or activities only over the last 12 months,Lifestages,Younger retirees (Under 75),75.4,percentage,% of people,
2023,In the last 12 months have you done this as a competitive sport or activity?,Participated in non-competitive sport or activities only over the last 12 months,Lifestages,Older retirees (aged 75+),71.1,percentage,% of people,
2023,In the last 12 months have you done this as a competitive sport or activity?,Participated in non-competitive sport or activities only over the last 12 months,Lifestages,Studying or young with no children,58.9,percentage,% of people,
2023,In the last 12 months have you done this as a competitive sport or activity?,Participated in non-competitive sport or activities only over the last 12 months,Lifestages,Younger or older families,64.6,percentage,% of people,
2023,In the last 12 months have you done this as a competitive sport or activity?,Participated in non-competitive sport or activities only over the last 12 months,Lifestages,Younger or older families or middle aged adults,67.2,percentage,% of people,
2023,In the last 12 months have you done this as a competitive sport or activity?,Participated in non-competitive sport or activities only over the last 12 months,Lifestages,Retirees,73.5,percentage,% of people,
2023,In the last 12 months have you done this as a competitive sport or activity?,Participated in non-competitive sport or activities only over the last 12 months,Neighbourhood deprivation,Low,66.000000000000003,percentage,% of people,
2023,In the last 12 months have you done this as a competitive sport or activity?,Participated in non-competitive sport or activities only over the last 12 months,Neighbourhood deprivation,Medium,66.7,percentage,% of people,
2023,In the last 12 months have you done this as a competitive sport or activity?,Participated in non-competitive sport or activities only over the last 12 months,Neighbourhood deprivation,High,65.000000000000002,percentage,% of people,
2023,In the last 12 months have you done this as a competitive sport or activity?,Participated in non-competitive sport or activities only over the last 12 months,Disability status,Disabled,68.4,percentage,% of people,,"When any of the above statements is rated 'Yes, some difficulty', 'Yes, a lot of difficulty', or 'Cannot do at all'"
2023,In the last 12 months have you done this as a competitive sport or activity?,Participated in non-competitive sport or activities only over the last 12 months,Disability status,Non-disabled,63.2,percentage,% of people,,"When all of the above statements are rated 'No, no difficulty'"
2023,In the last 12 months have you done this as a competitive sport or activity?,Participated in non-competitive sport or activities only over the last 12 months,Disability status,"Disabled (rated 'Yes, a lot of difficulty' or Cannot do at all')",64.6,percentage,% of people,,"When any of the above statements is rated 'Yes, a lot of difficulty', or 'Cannot do at all'"
2023,In the last 12 months have you done this as a competitive sport or activity?,Participated in non-competitive sport or activities only over the last 12 months,Disability status,"Non-disabled (rated 'Yes, some difficulty' or 'No, no difficulty')",66.2,percentage,% of people,,"When all of the above statements are rated 'Yes, some difficulty' or 'No, no difficulty'"
2023,In the last 12 months have you done this as a competitive sport or activity?,Participated in non-competitive sport or activities only over the last 12 months,Participation in physical activities in the last 7 days,Participated last 7 days,62.8,percentage,% of people,
2023,In the last 12 months have you done this as a competitive sport or activity?,Participated in non-competitive sport or activities only over the last 12 months,Participation in physical activities in the last 7 days,Not participated last 7 days,75.3,percentage,% of people,
2023,In the last 12 months have you done this as a competitive sport or activity?,Participated in non-competitive sport or activities only over the last 12 months,Time spent participating in physical activities in the last 7 days,Less than 30 minutes in last 7 days,74.9,percentage,% of people,
2023,In the last 12 months have you done this as a competitive sport or activity?,Participated in non-competitive sport or activities only over the last 12 months,Time spent participating in physical activities in the last 7 days,30-149 minutes in last 7 days,71.9,percentage,% of people,
2023,In the last 12 months have you done this as a competitive sport or activity?,Participated in non-competitive sport or activities only over the last 12 months,Time spent participating in physical activities in the last 7 days,150 to 419 minutes in last 7 days,65.7,percentage,% of people,
2023,In the last 12 months have you done this as a competitive sport or activity?,Participated in non-competitive sport or activities only over the last 12 months,Time spent participating in physical activities in the last 7 days,420 minutes in last 7 days,52.9,percentage,% of people,
2023,In the last 12 months have you done this as a competitive sport or activity?,Participated in non-competitive sport or activities only over the last 12 months,Time spent participating in physical activities in the last 7 days,Less than 150 minutes in the last 7 days,73.9,percentage,% of people,
2023,In the last 12 months have you done this as a competitive sport or activity?,Participated in non-competitive sport or activities only over the last 12 months,Time spent participating in physical activities in the last 7 days,150 minutes or more in the last 7 days,60.5,percentage,% of people,
2023,In the last 12 months have you done this as a competitive sport or activity?,Participated in non-competitive sport or activities only over the last 12 months,Physical activity guidelines,Meet guidelines,60.5,percentage,% of people,
2023,In the last 12 months have you done this as a competitive sport or activity?,Participated in non-competitive sport or activities only over the last 12 months,Physical activity guidelines,Did not meet guidelines,73.9,percentage,% of people,
2023,In the last 12 months have you done this as a competitive sport or activity?,Participated in non-competitive sport or activities only over the last 12 months,Region,Northland,64.3,percentage,% of people,
2023,In the last 12 months have you done this as a competitive sport or activity?,Participated in non-competitive sport or activities only over the last 12 months,Region,Auckland combined,65.8,percentage,% of people,
2023,In the last 12 months have you done this as a competitive sport or activity?,Participated in non-competitive sport or activities only over the last 12 months,Region,North Harbour,69.2,percentage,% of people,
2023,In the last 12 months have you done this as a competitive sport or activity?,Participated in non-competitive sport or activities only over the last 12 months,Region,Auckland,65.9,percentage,% of people,
2023,In the last 12 months have you done this as a competitive sport or activity?,Participated in non-competitive sport or activities only over the last 12 months,Region,Counties Manukau,62.4,percentage,% of people,
2023,In the last 12 months have you done this as a competitive sport or activity?,Participated in non-competitive sport or activities only over the last 12 months,Region,Waitakere,67.000000000000004,percentage,% of people,
2023,In the last 12 months have you done this as a competitive sport or activity?,Participated in non-competitive sport or activities only over the last 12 months,Region,Waikato,66.2,percentage,% of people,
2023,In the last 12 months have you done this as a competitive sport or activity?,Participated in non-competitive sport or activities only over the last 12 months,Region,Bay of Plenty,65.6,percentage,% of people,
2023,In the last 12 months have you done this as a competitive sport or activity?,Participated in non-competitive sport or activities only over the last 12 months,Region,Gisborne,58.3,percentage,% of people,
2023,In the last 12 months have you done this as a competitive sport or activity?,Participated in non-competitive sport or activities only over the last 12 months,Region,Taranaki,65.000000000000002,percentage,% of people,
2023,In the last 12 months have you done this as a competitive sport or activity?,Participated in non-competitive sport or activities only over the last 12 months,Region,Whanganui,68.4,percentage,% of people,
2023,In the last 12 months have you done this as a competitive sport or activity?,Participated in non-competitive sport or activities only over the last 12 months,Region,Hawkes Bay,64.7,percentage,% of people,
2023,In the last 12 months have you done this as a competitive sport or activity?,Participated in non-competitive sport or activities only over the last 12 months,Region,Manawatu,66.4,percentage,% of people,
2023,In the last 12 months have you done this as a competitive sport or activity?,Participated in non-competitive sport or activities only over the last 12 months,Region,Wellington,67.000000000000004,percentage,% of people,
2023,In the last 12 months have you done this as a competitive sport or activity?,Participated in non-competitive sport or activities only over the last 12 months,Region,Tasman,70.7,percentage,% of people,
2023,In the last 12 months have you done this as a competitive sport or activity?,Participated in non-competitive sport or activities only over the last 12 months,Region,Canterbury,65.7,percentage,% of people,
2023,In the last 12 months have you done this as a competitive sport or activity?,Participated in non-competitive sport or activities only over the last 12 months,Region,Southland,67.5,percentage,% of people,
2023,In the last 12 months have you done this as a competitive sport or activity?,Participated in non-competitive sport or activities only over the last 12 months,Region,North Island,65.8,percentage,% of people,
2023,In the last 12 months have you done this as a competitive sport or activity?,Participated in non-competitive sport or activities only over the last 12 months,Region,South Island,66.7,percentage,% of people,
2023,In the last 12 months have you done this as a competitive sport or activity?,Participated in non-competitive sport or activities only over the last 12 months,Urban/Rural,Urban,66.3,percentage,% of people,
2023,In the last 12 months have you done this as a competitive sport or activity?,Participated in non-competitive sport or activities only over the last 12 months,Urban/Rural,Rural,64.6,percentage,% of people,
2023,In the last 12 months have you done this as a competitive sport or activity?,Participated in non-competitive sport or activities only over the last 12 months,Urban/Rural,Urban North Island,66.000000000000003,percentage,% of people,
2023,In the last 12 months have you done this as a competitive sport or activity?,Participated in non-competitive sport or activities only over the last 12 months,Urban/Rural,Urban South Island,67.3,percentage,% of people,
2023,In the last 12 months have you done this as a competitive sport or activity?,Participated in non-competitive sport or activities only over the last 12 months,Urban/Rural,Rural North Island,64.8,percentage,% of people,
2023,In the last 12 months have you done this as a competitive sport or activity?,Participated in non-competitive sport or activities only over the last 12 months,Urban/Rural,Rural South Island,64.3,percentage,% of people,
2023,In the last 12 months have you done this as a competitive sport or activity?,"Has not participated in sport, exercise or recreation in the last 12 months",Total,Total,1.8,percentage,% of people,
2023,In the last 12 months have you done this as a competitive sport or activity?,"Has not participated in sport, exercise or recreation in the last 12 months",Gender,Male,1.9,percentage,% of people,
2023,In the last 12 months have you done this as a competitive sport or activity?,"Has not participated in sport, exercise or recreation in the last 12 months",Gender,Female,1.7,percentage,% of people,
2023,In the last 12 months have you done this as a competitive sport or activity?,"Has not participated in sport, exercise or recreation in the last 12 months",Age group,18-24,0.9,percentage,% of people,
2023,In the last 12 months have you done this as a competitive sport or activity?,"Has not participated in sport, exercise or recreation in the last 12 months",Age group,25-34,1.9,percentage,% of people,
2023,In the last 12 months have you done this as a competitive sport or activity?,"Has not participated in sport, exercise or recreation in the last 12 months",Age group,35-49,1.4,percentage,% of people,
2023,In the last 12 months have you done this as a competitive sport or activity?,"Has not participated in sport, exercise or recreation in the last 12 months",Age group,50-64,2.00000000000000004,percentage,% of people,
2023,In the last 12 months have you done this as a competitive sport or activity?,"Has not participated in sport, exercise or recreation in the last 12 months",Age group,65-74,2.1,percentage,% of people,
2023,In the last 12 months have you done this as a competitive sport or activity?,"Has not participated in sport, exercise or recreation in the last 12 months",Age group,75+,3.9,percentage,% of people,
2023,In the last 12 months have you done this as a competitive sport or activity?,"Has not participated in sport, exercise or recreation in the last 12 months",Ethnic group,European,1.6,percentage,% of people,
2023,In the last 12 months have you done this as a competitive sport or activity?,"Has not participated in sport, exercise or recreation in the last 12 months",Ethnic group,Māori,2.3,percentage,% of people,
2023,In the last 12 months have you done this as a competitive sport or activity?,"Has not participated in sport, exercise or recreation in the last 12 months",Ethnic group,Pacific Peoples,2.00000000000000004,percentage,% of people,
2023,In the last 12 months have you done this as a competitive sport or activity?,"Has not participated in sport, exercise or recreation in the last 12 months",Ethnic group,Asian,2.3,percentage,% of people,
2023,In the last 12 months have you done this as a competitive sport or activity?,"Has not participated in sport, exercise or recreation in the last 12 months",Ethnic group,Samoan,1.6,percentage,% of people,
2023,In the last 12 months have you done this as a competitive sport or activity?,"Has not participated in sport, exercise or recreation in the last 12 months",Ethnic group,Indian,2.2,percentage,% of people,
2023,In the last 12 months have you done this as a competitive sport or activity?,"Has not participated in sport, exercise or recreation in the last 12 months",Ethnic group,Chinese,1.8,percentage,% of people,
2023,In the last 12 months have you done this as a competitive sport or activity?,"Has not participated in sport, exercise or recreation in the last 12 months",Lifestages,Studying (no children),1.6,percentage,% of people,
2023,In the last 12 months have you done this as a competitive sport or activity?,"Has not participated in sport, exercise or recreation in the last 12 months",Lifestages,Young adults with no children,1.2,percentage,% of people,
2023,In the last 12 months have you done this as a competitive sport or activity?,"Has not participated in sport, exercise or recreation in the last 12 months",Lifestages,Younger families (all children under 12),1.9,percentage,% of people,
2023,In the last 12 months have you done this as a competitive sport or activity?,"Has not participated in sport, exercise or recreation in the last 12 months",Lifestages,Older families with children aged 12 to 17,1.3,percentage,% of people,
2023,In the last 12 months have you done this as a competitive sport or activity?,"Has not participated in sport, exercise or recreation in the last 12 months",Lifestages,Middle-aged adults with no children under 18,2.1,percentage,% of people,
2023,In the last 12 months have you done this as a competitive sport or activity?,"Has not participated in sport, exercise or recreation in the last 12 months",Lifestages,Younger retirees (Under 75),1.8,percentage,% of people,
2023,In the last 12 months have you done this as a competitive sport or activity?,"Has not participated in sport, exercise or recreation in the last 12 months",Lifestages,Older retirees (aged 75+),3.6,percentage,% of people,
2023,In the last 12 months have you done this as a competitive sport or activity?,"Has not participated in sport, exercise or recreation in the last 12 months",Lifestages,Studying or young with no children,1.3,percentage,% of people,
2023,In the last 12 months have you done this as a competitive sport or activity?,"Has not participated in sport, exercise or recreation in the last 12 months",Lifestages,Younger or older families,1.6,percentage,% of people,
2023,In the last 12 months have you done this as a competitive sport or activity?,"Has not participated in sport, exercise or recreation in the last 12 months",Lifestages,Younger or older families or middle aged adults,1.9,percentage,% of people,
2023,In the last 12 months have you done this as a competitive sport or activity?,"Has not participated in sport, exercise or recreation in the last 12 months",Lifestages,Retirees,2.6,percentage,% of people,
2023,In the last 12 months have you done this as a competitive sport or activity?,"Has not participated in sport, exercise or recreation in the last 12 months",Neighbourhood deprivation,Low,1.00000000000000002,percentage,% of people,
2023,In the last 12 months have you done this as a competitive sport or activity?,"Has not participated in sport, exercise or recreation in the last 12 months",Neighbourhood deprivation,Medium,1.9,percentage,% of people,
2023,In the last 12 months have you done this as a competitive sport or activity?,"Has not participated in sport, exercise or recreation in the last 12 months",Neighbourhood deprivation,High,2.8,percentage,% of people,
2023,In the last 12 months have you done this as a competitive sport or activity?,"Has not participated in sport, exercise or recreation in the last 12 months",Disability status,Disabled,2.7,percentage,% of people,,"When any of the above statements is rated 'Yes, some difficulty', 'Yes, a lot of difficulty', or 'Cannot do at all'"
2023,In the last 12 months have you done this as a competitive sport or activity?,"Has not participated in sport, exercise or recreation in the last 12 months",Disability status,Non-disabled,0.8,percentage,% of people,,"When all of the above statements are rated 'No, no difficulty'"
2023,In the last 12 months have you done this as a competitive sport or activity?,"Has not participated in sport, exercise or recreation in the last 12 months",Disability status,"Disabled (rated 'Yes, a lot of difficulty' or Cannot do at all')",5.5,percentage,% of people,,"When any of the above statements is rated 'Yes, a lot of difficulty', or 'Cannot do at all'"
2023,In the last 12 months have you done this as a competitive sport or activity?,"Has not participated in sport, exercise or recreation in the last 12 months",Disability status,"Non-disabled (rated 'Yes, some difficulty' or 'No, no difficulty')",1.4,percentage,% of people,,"When all of the above statements are rated 'Yes, some difficulty' or 'No, no difficulty'"
2023,In the last 12 months have you done this as a competitive sport or activity?,"Has not participated in sport, exercise or recreation in the last 12 months",Participation in physical activities in the last 7 days,Participated last 7 days,,percentage,% of people,not available
2023,In the last 12 months have you done this as a competitive sport or activity?,"Has not participated in sport, exercise or recreation in the last 12 months",Participation in physical activities in the last 7 days,Not participated last 7 days,7.000000000000001,percentage,% of people,
2023,In the last 12 months have you done this as a competitive sport or activity?,"Has not participated in sport, exercise or recreation in the last 12 months",Time spent participating in physical activities in the last 7 days,Less than 30 minutes in last 7 days,6.7,percentage,% of people,
2023,In the last 12 months have you done this as a competitive sport or activity?,"Has not participated in sport, exercise or recreation in the last 12 months",Time spent participating in physical activities in the last 7 days,30-149 minutes in last 7 days,,percentage,% of people,not applicable
2023,In the last 12 months have you done this as a competitive sport or activity?,"Has not participated in sport, exercise or recreation in the last 12 months",Time spent participating in physical activities in the last 7 days,150 to 419 minutes in last 7 days,,percentage,% of people,not applicable
2023,In the last 12 months have you done this as a competitive sport or activity?,"Has not participated in sport, exercise or recreation in the last 12 months",Time spent participating in physical activities in the last 7 days,420 minutes in last 7 days,,percentage,% of people,not applicable
2023,In the last 12 months have you done this as a competitive sport or activity?,"Has not participated in sport, exercise or recreation in the last 12 months",Time spent participating in physical activities in the last 7 days,Less than 150 minutes in the last 7 days,4.4,percentage,% of people,
2023,In the last 12 months have you done this as a competitive sport or activity?,"Has not participated in sport, exercise or recreation in the last 12 months",Time spent participating in physical activities in the last 7 days,150 minutes or more in the last 7 days,,percentage,% of people,not applicable
2023,In the last 12 months have you done this as a competitive sport or activity?,"Has not participated in sport, exercise or recreation in the last 12 months",Physical activity guidelines,Meet guidelines,,percentage,% of people,not applicable
2023,In the last 12 months have you done this as a competitive sport or activity?,"Has not participated in sport, exercise or recreation in the last 12 months",Physical activity guidelines,Did not meet guidelines,4.4,percentage,% of people,
2023,In the last 12 months have you done this as a competitive sport or activity?,"Has not participated in sport, exercise or recreation in the last 12 months",Region,Northland,5.2,percentage,% of people,
2023,In the last 12 months have you done this as a competitive sport or activity?,"Has not participated in sport, exercise or recreation in the last 12 months",Region,Auckland combined,1.9,percentage,% of people,
2023,In the last 12 months have you done this as a competitive sport or activity?,"Has not participated in sport, exercise or recreation in the last 12 months",Region,North Harbour,0.9,percentage,% of people,
2023,In the last 12 months have you done this as a competitive sport or activity?,"Has not participated in sport, exercise or recreation in the last 12 months",Region,Auckland,1.2,percentage,% of people,
2023,In the last 12 months have you done this as a competitive sport or activity?,"Has not participated in sport, exercise or recreation in the last 12 months",Region,Counties Manukau,3.4,percentage,% of people,
2023,In the last 12 months have you done this as a competitive sport or activity?,"Has not participated in sport, exercise or recreation in the last 12 months",Region,Waitakere,1.8,percentage,% of people,
2023,In the last 12 months have you done this as a competitive sport or activity?,"Has not participated in sport, exercise or recreation in the last 12 months",Region,Waikato,1.4,percentage,% of people,
2023,In the last 12 months have you done this as a competitive sport or activity?,"Has not participated in sport, exercise or recreation in the last 12 months",Region,Bay of Plenty,2.1,percentage,% of people,
2023,In the last 12 months have you done this as a competitive sport or activity?,"Has not participated in sport, exercise or recreation in the last 12 months",Region,Gisborne,4.9,percentage,% of people,
2023,In the last 12 months have you done this as a competitive sport or activity?,"Has not participated in sport, exercise or recreation in the last 12 months",Region,Taranaki,1.6,percentage,% of people,
2023,In the last 12 months have you done this as a competitive sport or activity?,"Has not participated in sport, exercise or recreation in the last 12 months",Region,Whanganui,1.1,percentage,% of people,
2023,In the last 12 months have you done this as a competitive sport or activity?,"Has not participated in sport, exercise or recreation in the last 12 months",Region,Hawkes Bay,1.8,percentage,% of people,
2023,In the last 12 months have you done this as a competitive sport or activity?,"Has not participated in sport, exercise or recreation in the last 12 months",Region,Manawatu,1.1,percentage,% of people,
2023,In the last 12 months have you done this as a competitive sport or activity?,"Has not participated in sport, exercise or recreation in the last 12 months",Region,Wellington,1.6,percentage,% of people,
2023,In the last 12 months have you done this as a competitive sport or activity?,"Has not participated in sport, exercise or recreation in the last 12 months",Region,Tasman,1.9,percentage,% of people,
2023,In the last 12 months have you done this as a competitive sport or activity?,"Has not participated in sport, exercise or recreation in the last 12 months",Region,Canterbury,1.4,percentage,% of people,
2023,In the last 12 months have you done this as a competitive sport or activity?,"Has not participated in sport, exercise or recreation in the last 12 months",Region,Otago,1.5,percentage,% of people,
2023,In the last 12 months have you done this as a competitive sport or activity?,"Has not participated in sport, exercise or recreation in the last 12 months",Region,Southland,0.9,percentage,% of people,
2023,In the last 12 months have you done this as a competitive sport or activity?,"Has not participated in sport, exercise or recreation in the last 12 months",Region,North Island,2.00000000000000004,percentage,% of people,
2023,In the last 12 months have you done this as a competitive sport or activity?,"Has not participated in sport, exercise or recreation in the last 12 months",Region,South Island,1.4,percentage,% of people,
2023,In the last 12 months have you done this as a competitive sport or activity?,"Has not participated in sport, exercise or recreation in the last 12 months",Urban/Rural,Urban,1.8,percentage,% of people,
2023,In the last 12 months have you done this as a competitive sport or activity?,"Has not participated in sport, exercise or recreation in the last 12 months",Urban/Rural,Rural,2.2,percentage,% of people,
2023,In the last 12 months have you done this as a competitive sport or activity?,"Has not participated in sport, exercise or recreation in the last 12 months",Urban/Rural,Urban North Island,1.9,percentage,% of people,
2023,In the last 12 months have you done this as a competitive sport or activity?,"Has not participated in sport, exercise or recreation in the last 12 months",Urban/Rural,Urban South Island,1.5,percentage,% of people,
2023,In the last 12 months have you done this as a competitive sport or activity?,"Has not participated in sport, exercise or recreation in the last 12 months",Urban/Rural,Rural North Island,2.7,percentage,% of people,
2023,In the last 12 months have you done this as a competitive sport or activity?,"Has not participated in sport, exercise or recreation in the last 12 months",Urban/Rural,Rural South Island,1.1,percentage,% of people,
2023,In the last 12 months have you done this as a competitive sport or activity?,Has participated in a competition or organised training over the last 12 months,Total,Total,32.1,percentage,% of people,
2023,In the last 12 months have you done this as a competitive sport or activity?,Has participated in a competition or organised training over the last 12 months,Gender,Male,39.1,percentage,% of people,
2023,In the last 12 months have you done this as a competitive sport or activity?,Has participated in a competition or organised training over the last 12 months,Gender,Female,25.6,percentage,% of people,
2023,In the last 12 months have you done this as a competitive sport or activity?,Has participated in a competition or organised training over the last 12 months,Age group,18-24,44.5,percentage,% of people,
2023,In the last 12 months have you done this as a competitive sport or activity?,Has participated in a competition or organised training over the last 12 months,Age group,25-34,35.8,percentage,% of people,
2023,In the last 12 months have you done this as a competitive sport or activity?,Has participated in a competition or organised training over the last 12 months,Age group,35-49,34.1,percentage,% of people,
2023,In the last 12 months have you done this as a competitive sport or activity?,Has participated in a competition or organised training over the last 12 months,Age group,50-64,26.5,percentage,% of people,
2023,In the last 12 months have you done this as a competitive sport or activity?,Has participated in a competition or organised training over the last 12 months,Age group,65-74,24.6,percentage,% of people,
2023,In the last 12 months have you done this as a competitive sport or activity?,Has participated in a competition or organised training over the last 12 months,Age group,75+,25.3,percentage,% of people,
2023,In the last 12 months have you done this as a competitive sport or activity?,Has participated in a competition or organised training over the last 12 months,Ethnic group,European,30.1,percentage,% of people,
2023,In the last 12 months have you done this as a competitive sport or activity?,Has participated in a competition or organised training over the last 12 months,Ethnic group,Māori,36.9999999999999996,percentage,% of people,
2023,In the last 12 months have you done this as a competitive sport or activity?,Has participated in a competition or organised training over the last 12 months,Ethnic group,Pacific Peoples,44.6,percentage,% of people,
2023,In the last 12 months have you done this as a competitive sport or activity?,Has participated in a competition or organised training over the last 12 months,Ethnic group,Asian,35.6,percentage,% of people,
2023,In the last 12 months have you done this as a competitive sport or activity?,Has participated in a competition or organised training over the last 12 months,Ethnic group,Samoan,43.6,percentage,% of people,
2023,In the last 12 months have you done this as a competitive sport or activity?,Has participated in a competition or organised training over the last 12 months,Ethnic group,Indian,39.8,percentage,% of people,
2023,In the last 12 months have you done this as a competitive sport or activity?,Has participated in a competition or organised training over the last 12 months,Ethnic group,Chinese,29.3,percentage,% of people,
2023,In the last 12 months have you done this as a competitive sport or activity?,Has participated in a competition or organised training over the last 12 months,Lifestages,Studying (no children),42.6,percentage,% of people,
2023,In the last 12 months have you done this as a competitive sport or activity?,Has participated in a competition or organised training over the last 12 months,Lifestages,Young adults with no children,39.000000000000001,percentage,% of people,
2023,In the last 12 months have you done this as a competitive sport or activity?,Has participated in a competition or organised training over the last 12 months,Lifestages,Younger families (all children under 12),33.000000000000002,percentage,% of people,
2023,In the last 12 months have you done this as a competitive sport or activity?,Has participated in a competition or organised training over the last 12 months,Lifestages,Older families with children aged 12 to 17,34.6,percentage,% of people,
2023,In the last 12 months have you done this as a competitive sport or activity?,Has participated in a competition or organised training over the last 12 months,Lifestages,Middle-aged adults with no children under 18,28.8,percentage,% of people,
2023,In the last 12 months have you done this as a competitive sport or activity?,Has participated in a competition or organised training over the last 12 months,Lifestages,Younger retirees (Under 75),22.8,percentage,% of people,
2023,In the last 12 months have you done this as a competitive sport or activity?,Has participated in a competition or organised training over the last 12 months,Lifestages,Older retirees (aged 75+),25.3,percentage,% of people,
2023,In the last 12 months have you done this as a competitive sport or activity?,Has participated in a competition or organised training over the last 12 months,Lifestages,Studying or young with no children,39.8,percentage,% of people,
2023,In the last 12 months have you done this as a competitive sport or activity?,Has participated in a competition or organised training over the last 12 months,Lifestages,Younger or older families,33.8,percentage,% of people,
2023,In the last 12 months have you done this as a competitive sport or activity?,Has participated in a competition or organised training over the last 12 months,Lifestages,Younger or older families or middle aged adults,30.9999999999999998,percentage,% of people,
2023,In the last 12 months have you done this as a competitive sport or activity?,Has participated in a competition or organised training over the last 12 months,Lifestages,Retirees,23.9,percentage,% of people,
2023,In the last 12 months have you done this as a competitive sport or activity?,Has participated in a competition or organised training over the last 12 months,Neighbourhood deprivation,Low,33.000000000000002,percentage,% of people,
2023,In the last 12 months have you done this as a competitive sport or activity?,Has participated in a competition or organised training over the last 12 months,Neighbourhood deprivation,Medium,31.4,percentage,% of people,
2023,In the last 12 months have you done this as a competitive sport or activity?,Has participated in a competition or organised training over the last 12 months,Neighbourhood deprivation,High,32.2,percentage,% of people,
2023,In the last 12 months have you done this as a competitive sport or activity?,Has participated in a competition or organised training over the last 12 months,Disability status,Disabled,28.9,percentage,% of people,,"When any of the above statements is rated 'Yes, some difficulty', 'Yes, a lot of difficulty', or 'Cannot do at all'"
2023,In the last 12 months have you done this as a competitive sport or activity?,Has participated in a competition or organised training over the last 12 months,Disability status,Non-disabled,35.999999999999999,percentage,% of people,,"When all of the above statements are rated 'No, no difficulty'"
2023,In the last 12 months have you done this as a competitive sport or activity?,Has participated in a competition or organised training over the last 12 months,Disability status,"Disabled (rated 'Yes, a lot of difficulty' or Cannot do at all')",29.9,percentage,% of people,,"When any of the above statements is rated 'Yes, a lot of difficulty', or 'Cannot do at all'"
2023,In the last 12 months have you done this as a competitive sport or activity?,Has participated in a competition or organised training over the last 12 months,Disability status,"Non-disabled (rated 'Yes, some difficulty' or 'No, no difficulty')",32.4,percentage,% of people,,"When all of the above statements are rated 'Yes, some difficulty' or 'No, no difficulty'"
2023,In the last 12 months have you done this as a competitive sport or activity?,Has participated in a competition or organised training over the last 12 months,Participation in physical activities in the last 7 days,Participated last 7 days,37.2,percentage,% of people,
2023,In the last 12 months have you done this as a competitive sport or activity?,Has participated in a competition or organised training over the last 12 months,Participation in physical activities in the last 7 days,Not participated last 7 days,17.6,percentage,% of people,
2023,In the last 12 months have you done this as a competitive sport or activity?,Has participated in a competition or organised training over the last 12 months,Time spent participating in physical activities in the last 7 days,Less than 30 minutes in last 7 days,18.4,percentage,% of people,
2023,In the last 12 months have you done this as a competitive sport or activity?,Has participated in a competition or organised training over the last 12 months,Time spent participating in physical activities in the last 7 days,30-149 minutes in last 7 days,28.1,percentage,% of people,
2023,In the last 12 months have you done this as a competitive sport or activity?,Has participated in a competition or organised training over the last 12 months,Time spent participating in physical activities in the last 7 days,150 to 419 minutes in last 7 days,34.3,percentage,% of people,
2023,In the last 12 months have you done this as a competitive sport or activity?,Has participated in a competition or organised training over the last 12 months,Time spent participating in physical activities in the last 7 days,420 minutes in last 7 days,47.1,percentage,% of people,
2023,In the last 12 months have you done this as a competitive sport or activity?,Has participated in a competition or organised training over the last 12 months,Time spent participating in physical activities in the last 7 days,Less than 150 minutes in the last 7 days,21.7,percentage,% of people,
2023,In the last 12 months have you done this as a competitive sport or activity?,Has participated in a competition or organised training over the last 12 months,Time spent participating in physical activities in the last 7 days,150 minutes or more in the last 7 days,39.5,percentage,% of people,
2023,In the last 12 months have you done this as a competitive sport or activity?,Has participated in a competition or organised training over the last 12 months,Physical activity guidelines,Meet guidelines,39.5,percentage,% of people,
2023,In the last 12 months have you done this as a competitive sport or activity?,Has participated in a competition or organised training over the last 12 months,Physical activity guidelines,Did not meet guidelines,21.7,percentage,% of people,
2023,In the last 12 months have you done this as a competitive sport or activity?,Has participated in a competition or organised training over the last 12 months,Region,Northland,30.5,percentage,% of people,
2023,In the last 12 months have you done this as a competitive sport or activity?,Has participated in a competition or organised training over the last 12 months,Region,Auckland combined,32.3,percentage,% of people,
2023,In the last 12 months have you done this as a competitive sport or activity?,Has participated in a competition or organised training over the last 12 months,Region,North Harbour,29.9,percentage,% of people,
2023,In the last 12 months have you done this as a competitive sport or activity?,Has participated in a competition or organised training over the last 12 months,Region,Auckland,32.9,percentage,% of people,
2023,In the last 12 months have you done this as a competitive sport or activity?,Has participated in a competition or organised training over the last 12 months,Region,Counties Manukau,34.2,percentage,% of people,
2023,In the last 12 months have you done this as a competitive sport or activity?,Has participated in a competition or organised training over the last 12 months,Region,Waitakere,31.3,percentage,% of people,
2023,In the last 12 months have you done this as a competitive sport or activity?,Has participated in a competition or organised training over the last 12 months,Region,Waikato,32.4,percentage,% of people,
2023,In the last 12 months have you done this as a competitive sport or activity?,Has participated in a competition or organised training over the last 12 months,Region,Bay of Plenty,32.3,percentage,% of people,
2023,In the last 12 months have you done this as a competitive sport or activity?,Has participated in a competition or organised training over the last 12 months,Region,Gisborne,36.8,percentage,% of people,
2023,In the last 12 months have you done this as a competitive sport or activity?,Has participated in a competition or organised training over the last 12 months,Region,Taranaki,33.4,percentage,% of people,
2023,In the last 12 months have you done this as a competitive sport or activity?,Has participated in a competition or organised training over the last 12 months,Region,Whanganui,30.4,percentage,% of people,
2023,In the last 12 months have you done this as a competitive sport or activity?,Has participated in a competition or organised training over the last 12 months,Region,Hawkes Bay,33.6,percentage,% of people,
2023,In the last 12 months have you done this as a competitive sport or activity?,Has participated in a competition or organised training over the last 12 months,Region,Manawatu,32.6,percentage,% of people,
2023,In the last 12 months have you done this as a competitive sport or activity?,Has participated in a competition or organised training over the last 12 months,Region,Wellington,31.4,percentage,% of people,
2023,In the last 12 months have you done this as a competitive sport or activity?,Has participated in a competition or organised training over the last 12 months,Region,Tasman,27.4,percentage,% of people,
2023,In the last 12 months have you done this as a competitive sport or activity?,Has participated in a competition or organised training over the last 12 months,Region,Canterbury,32.9,percentage,% of people,
2023,In the last 12 months have you done this as a competitive sport or activity?,Has participated in a competition or organised training over the last 12 months,Region,Otago,32.3,percentage,% of people,
2023,In the last 12 months have you done this as a competitive sport or activity?,Has participated in a competition or organised training over the last 12 months,Region,Southland,31.6,percentage,% of people,
2023,In the last 12 months have you done this as a competitive sport or activity?,Has participated in a competition or organised training over the last 12 months,Region,North Island,32.2,percentage,% of people,
2023,In the last 12 months have you done this as a competitive sport or activity?,Has participated in a competition or organised training over the last 12 months,Region,South Island,31.8,percentage,% of people,
2023,In the last 12 months have you done this as a competitive sport or activity?,Has participated in a competition or organised training over the last 12 months,Urban/Rural,Urban,32.000000000000001,percentage,% of people,
2023,In the last 12 months have you done this as a competitive sport or activity?,Has participated in a competition or organised training over the last 12 months,Urban/Rural,Rural,33.2,percentage,% of people,
2023,In the last 12 months have you done this as a competitive sport or activity?,Has participated in a competition or organised training over the last 12 months,Urban/Rural,Urban North Island,32.2,percentage,% of people,
2023,In the last 12 months have you done this as a competitive sport or activity?,Has participated in a competition or organised training over the last 12 months,Urban/Rural,Urban South Island,31.2,percentage,% of people,
2023,In the last 12 months have you done this as a competitive sport or activity?,Has participated in a competition or organised training over the last 12 months,Urban/Rural,Rural North Island,32.5,percentage,% of people,
2023,In the last 12 months have you done this as a competitive sport or activity?,Has participated in a competition or organised training over the last 12 months,Urban/Rural,Rural South Island,34.6,percentage,% of people,
